n_samples,rank,eigenvalue,cumulative_variance
2048,1,3.6095872,0.8867455
2048,2,0.22370237,0.9417011
2048,3,0.079452105,0.9612196
2048,4,0.051250104,0.9738099
2048,5,0.020584991,0.9788669
2048,6,0.015912298,0.9827759
2048,7,0.010924318,0.9854596
2048,8,0.009738382,0.987852
2048,9,0.0062358985,0.98938394
2048,10,0.0049984925,0.9906119
2048,11,0.0039944192,0.9915932
2048,12,0.0035040667,0.992454
2048,13,0.0030190612,0.99319565
2048,14,0.0026673463,0.99385095
2048,15,0.0022792653,0.9944109
2048,16,0.0020221283,0.9949076
2048,17,0.0015941111,0.9952992
2048,18,0.0015494287,0.99567986
2048,19,0.0013782416,0.99601847
2048,20,0.0011746285,0.996307
2048,21,0.00096574053,0.99654424
2048,22,0.00093694666,0.99677444
2048,23,0.0008638281,0.9969866
2048,24,0.0008475289,0.9971948
2048,25,0.0007534107,0.9973799
2048,26,0.00068527664,0.9975482
2048,27,0.0006242374,0.9977016
2048,28,0.0005956186,0.9978479
2048,29,0.00054587016,0.997982
2048,30,0.00049237406,0.99810296
2048,31,0.0004449313,0.9982123
2048,32,0.0003915793,0.9983085
2048,33,0.00038741255,0.99840367
2048,34,0.0003463116,0.9984887
2048,35,0.00030948932,0.9985648
2048,36,0.00030804993,0.9986405
2048,37,0.00027326785,0.9987076
2048,38,0.00023859683,0.9987662
2048,39,0.00022887654,0.9988224
2048,40,0.00021762411,0.99887586
2048,41,0.00019042024,0.99892265
2048,42,0.0001857301,0.99896824
2048,43,0.00017470383,0.99901116
2048,44,0.00016313436,0.9990512
2048,45,0.0001464743,0.9990872
2048,46,0.00014247997,0.9991222
2048,47,0.00013550982,0.9991555
2048,48,0.00013168283,0.9991879
2048,49,0.00012658176,0.999219
2048,50,0.00012277163,0.99924916
2048,51,0.000116522686,0.9992778
2048,52,0.00010679666,0.999304
2048,53,0.00010536742,0.99932986
2048,54,9.559362e-05,0.99935335
2048,55,9.232752e-05,0.99937606
2048,56,8.620161e-05,0.9993972
2048,57,8.463671e-05,0.999418
2048,58,8.362517e-05,0.9994386
2048,59,7.693003e-05,0.9994575
2048,60,7.4810065e-05,0.99947584
2048,61,7.271144e-05,0.9994937
2048,62,7.091803e-05,0.9995111
2048,63,6.759613e-05,0.99952775
2048,64,6.5876964e-05,0.99954396
2048,65,6.227703e-05,0.9995593
2048,66,5.926233e-05,0.9995738
2048,67,5.7109915e-05,0.99958783
2048,68,5.5515764e-05,0.9996015
2048,69,5.460849e-05,0.9996149
2048,70,5.198664e-05,0.99962765
2048,71,4.9304403e-05,0.99963975
2048,72,4.611555e-05,0.9996511
2048,73,4.52713e-05,0.9996622
2048,74,4.226643e-05,0.9996726
2048,75,3.962967e-05,0.9996823
2048,76,3.878579e-05,0.99969184
2048,77,3.702577e-05,0.99970096
2048,78,3.511254e-05,0.9997096
2048,79,3.3400578e-05,0.99971783
2048,80,3.2204265e-05,0.99972576
2048,81,3.1449716e-05,0.9997335
2048,82,3.1004274e-05,0.99974114
2048,83,2.9850833e-05,0.99974847
2048,84,2.9391582e-05,0.9997557
2048,85,2.7997965e-05,0.99976254
2048,86,2.6949147e-05,0.99976915
2048,87,2.5492074e-05,0.9997754
2048,88,2.4463132e-05,0.9997814
2048,89,2.4199828e-05,0.9997874
2048,90,2.2839085e-05,0.999793
2048,91,2.2622902e-05,0.99979854
2048,92,2.2458262e-05,0.9998041
2048,93,2.1473763e-05,0.9998094
2048,94,2.1106638e-05,0.99981457
2048,95,1.9597803e-05,0.9998194
2048,96,1.9056937e-05,0.9998241
2048,97,1.8979299e-05,0.99982876
2048,98,1.8452582e-05,0.9998333
2048,99,1.7412594e-05,0.9998376
2048,100,1.717052e-05,0.9998418
2048,101,1.7053013e-05,0.999846
2048,102,1.5840958e-05,0.99984986
2048,103,1.553169e-05,0.9998537
2048,104,1.511707e-05,0.99985737
2048,105,1.4797419e-05,0.999861
2048,106,1.4255926e-05,0.9998645
2048,107,1.4110679e-05,0.999868
2048,108,1.3498742e-05,0.9998713
2048,109,1.3450091e-05,0.9998746
2048,110,1.30654935e-05,0.9998778
2048,111,1.2426701e-05,0.99988085
2048,112,1.2036191e-05,0.99988383
2048,113,1.1625418e-05,0.9998867
2048,114,1.1352839e-05,0.9998895
2048,115,1.1105306e-05,0.99989223
2048,116,1.0750158e-05,0.99989486
2048,117,1.0701861e-05,0.9998975
2048,118,1.0237035e-05,0.9999
2048,119,9.959803e-06,0.9999024
2048,120,9.792886e-06,0.9999048
2048,121,9.528208e-06,0.99990714
2048,122,9.185278e-06,0.9999094
2048,123,9.066808e-06,0.9999116
2048,124,8.554831e-06,0.9999137
2048,125,8.299197e-06,0.9999157
2048,126,8.244007e-06,0.99991775
2048,127,8.040385e-06,0.9999197
2048,128,7.86999e-06,0.9999216
2048,129,7.841369e-06,0.9999235
2048,130,7.642373e-06,0.9999254
2048,131,7.502066e-06,0.9999272
2048,132,6.8808577e-06,0.9999289
2048,133,6.822546e-06,0.99993056
2048,134,6.629717e-06,0.99993217
2048,135,6.484082e-06,0.9999338
2048,136,6.2971567e-06,0.9999353
2048,137,6.171968e-06,0.9999368
2048,138,6.117379e-06,0.9999383
2048,139,6.059936e-06,0.9999398
2048,140,5.8810742e-06,0.99994123
2048,141,5.6628883e-06,0.9999426
2048,142,5.584234e-06,0.999944
2048,143,5.252602e-06,0.9999453
2048,144,5.056265e-06,0.99994653
2048,145,4.9071837e-06,0.9999477
2048,146,4.86493e-06,0.9999489
2048,147,4.7063318e-06,0.99995005
2048,148,4.6489968e-06,0.9999512
2048,149,4.47255e-06,0.99995226
2048,150,4.428799e-06,0.9999533
2048,151,4.295136e-06,0.9999544
2048,152,4.209473e-06,0.9999554
2048,153,4.179369e-06,0.9999564
2048,154,4.0748046e-06,0.99995744
2048,155,3.8776534e-06,0.9999584
2048,156,3.838895e-06,0.99995935
2048,157,3.8235244e-06,0.9999603
2048,158,3.6787876e-06,0.9999612
2048,159,3.5974267e-06,0.9999621
2048,160,3.4699563e-06,0.9999629
2048,161,3.3694932e-06,0.99996376
2048,162,3.2714302e-06,0.99996454
2048,163,3.245222e-06,0.9999653
2048,164,3.1413797e-06,0.9999661
2048,165,3.0515648e-06,0.99996686
2048,166,3.0163674e-06,0.9999676
2048,167,2.96092e-06,0.9999683
2048,168,2.9419891e-06,0.999969
2048,169,2.834236e-06,0.9999697
2048,170,2.7113406e-06,0.9999704
2048,171,2.674794e-06,0.99997103
2048,172,2.5909305e-06,0.9999717
2048,173,2.5669033e-06,0.99997234
2048,174,2.52924e-06,0.99997294
2048,175,2.4354817e-06,0.99997354
2048,176,2.3758175e-06,0.99997413
2048,177,2.3651824e-06,0.9999747
2048,178,2.297011e-06,0.99997526
2048,179,2.2521237e-06,0.9999758
2048,180,2.1784347e-06,0.99997634
2048,181,2.1324192e-06,0.9999769
2048,182,2.093928e-06,0.9999774
2048,183,2.0148882e-06,0.9999779
2048,184,1.966183e-06,0.99997836
2048,185,1.9450954e-06,0.99997884
2048,186,1.9032827e-06,0.9999793
2048,187,1.8746189e-06,0.9999798
2048,188,1.8333756e-06,0.9999803
2048,189,1.7616228e-06,0.9999807
2048,190,1.7454273e-06,0.9999811
2048,191,1.7057467e-06,0.9999815
2048,192,1.6577894e-06,0.99998194
2048,193,1.6356447e-06,0.99998236
2048,194,1.6065337e-06,0.9999828
2048,195,1.5499652e-06,0.99998313
2048,196,1.5092531e-06,0.9999835
2048,197,1.4865273e-06,0.99998385
2048,198,1.4813123e-06,0.9999842
2048,199,1.4625904e-06,0.99998456
2048,200,1.4213977e-06,0.9999849
2048,201,1.3741603e-06,0.9999853
2048,202,1.335935e-06,0.99998564
2048,203,1.3140633e-06,0.99998593
2048,204,1.2758372e-06,0.99998623
2048,205,1.2741822e-06,0.9999865
2048,206,1.2518711e-06,0.9999868
2048,207,1.1978357e-06,0.9999871
2048,208,1.1820575e-06,0.9999874
2048,209,1.1548519e-06,0.9999877
2048,210,1.1109634e-06,0.999988
2048,211,1.0897694e-06,0.99998826
2048,212,1.0740142e-06,0.9999885
2048,213,1.040316e-06,0.99998873
2048,214,1.0110952e-06,0.999989
2048,215,1.0058172e-06,0.9999892
2048,216,9.849763e-07,0.99998945
2048,217,9.615334e-07,0.9999897
2048,218,9.42133e-07,0.9999899
2048,219,9.010524e-07,0.99999017
2048,220,8.91114e-07,0.9999904
2048,221,8.738517e-07,0.99999064
2048,222,8.6337343e-07,0.9999909
2048,223,8.452735e-07,0.99999106
2048,224,8.198754e-07,0.99999124
2048,225,8.114286e-07,0.9999914
2048,226,7.9015336e-07,0.9999916
2048,227,7.803416e-07,0.9999918
2048,228,7.4818826e-07,0.99999195
2048,229,7.2332e-07,0.99999213
2048,230,7.147368e-07,0.9999923
2048,231,7.047122e-07,0.9999925
2048,232,6.905769e-07,0.99999267
2048,233,6.7377385e-07,0.99999285
2048,234,6.596782e-07,0.999993
2048,235,6.496295e-07,0.9999932
2048,236,6.317825e-07,0.9999934
2048,237,6.1529033e-07,0.99999356
2048,238,6.082866e-07,0.99999374
2048,239,5.9412355e-07,0.99999386
2048,240,5.798557e-07,0.999994
2048,241,5.72835e-07,0.9999941
2048,242,5.553069e-07,0.9999942
2048,243,5.3707015e-07,0.99999434
2048,244,5.230334e-07,0.99999446
2048,245,5.0779977e-07,0.9999946
2048,246,5.019117e-07,0.9999947
2048,247,4.901294e-07,0.9999948
2048,248,4.7576728e-07,0.99999493
2048,249,4.737438e-07,0.99999505
2048,250,4.6252168e-07,0.9999952
2048,251,4.544177e-07,0.9999953
2048,252,4.441429e-07,0.9999954
2048,253,4.266868e-07,0.9999955
2048,254,4.1054656e-07,0.99999565
2048,255,4.0064057e-07,0.99999577
2048,256,3.9856104e-07,0.9999959
2048,257,3.9113235e-07,0.999996
2048,258,3.8252972e-07,0.9999961
2048,259,3.7079403e-07,0.99999624
2048,260,3.6152932e-07,0.9999963
2048,261,3.558331e-07,0.99999636
2048,262,3.392437e-07,0.9999964
2048,263,3.2560175e-07,0.9999965
2048,264,3.198663e-07,0.99999654
2048,265,3.1409812e-07,0.9999966
2048,266,3.0727853e-07,0.99999666
2048,267,2.9761736e-07,0.9999967
2048,268,2.9509317e-07,0.9999968
2048,269,2.876072e-07,0.99999684
2048,270,2.7930975e-07,0.9999969
2048,271,2.773608e-07,0.99999696
2048,272,2.7089928e-07,0.999997
2048,273,2.5998477e-07,0.9999971
2048,274,2.5753712e-07,0.99999714
2048,275,2.548941e-07,0.9999972
2048,276,2.483471e-07,0.99999726
2048,277,2.3919605e-07,0.9999973
2048,278,2.3711648e-07,0.9999974
2048,279,2.299411e-07,0.99999744
2048,280,2.1813332e-07,0.9999975
2048,281,2.1530245e-07,0.99999756
2048,282,2.1135426e-07,0.9999976
2048,283,2.0436053e-07,0.9999977
2048,284,1.9709397e-07,0.99999774
2048,285,1.9572458e-07,0.9999978
2048,286,1.9348848e-07,0.99999785
2048,287,1.9055186e-07,0.9999979
2048,288,1.8135117e-07,0.999998
2048,289,1.7475983e-07,0.99999803
2048,290,1.7067431e-07,0.9999981
2048,291,1.6778054e-07,0.99999815
2048,292,1.6432276e-07,0.9999982
2048,293,1.6245838e-07,0.9999983
2048,294,1.570524e-07,0.99999833
2048,295,1.5608438e-07,0.9999984
2048,296,1.4996489e-07,0.99999845
2048,297,1.4153926e-07,0.9999985
2048,298,1.3841672e-07,0.99999857
2048,299,1.3714448e-07,0.9999986
2048,300,1.367766e-07,0.9999987
2048,301,1.322921e-07,0.99999875
2048,302,1.2860788e-07,0.9999988
2048,303,1.2545863e-07,0.99999887
2048,304,1.2233389e-07,0.9999989
2048,305,1.1940523e-07,0.9999989
2048,306,1.1593821e-07,0.9999989
2048,307,1.1567353e-07,0.9999989
2048,308,1.103131e-07,0.9999989
2048,309,1.0761587e-07,0.9999989
2048,310,1.0557109e-07,0.9999989
2048,311,1.0135601e-07,0.9999989
2048,312,1.0061002e-07,0.9999989
2048,313,9.9159855e-08,0.9999989
2048,314,9.492264e-08,0.9999989
2048,315,8.996078e-08,0.9999989
2048,316,8.879597e-08,0.9999989
2048,317,8.363769e-08,0.9999989
2048,318,8.081082e-08,0.9999989
2048,319,7.9560344e-08,0.9999989
2048,320,7.535457e-08,0.9999989
2048,321,7.496814e-08,0.9999989
2048,322,7.476402e-08,0.9999989
2048,323,7.311822e-08,0.9999989
2048,324,7.03406e-08,0.9999989
2048,325,6.9152804e-08,0.9999989
2048,326,6.654256e-08,0.9999989
2048,327,6.452328e-08,0.9999989
2048,328,6.399631e-08,0.9999989
2048,329,6.148918e-08,0.9999989
2048,330,5.96476e-08,0.9999989
2048,331,5.8588054e-08,0.9999989
2048,332,5.6999507e-08,0.9999989
2048,333,5.4903083e-08,0.9999989
2048,334,5.411693e-08,0.9999989
2048,335,5.1716448e-08,0.9999989
2048,336,5.1281667e-08,0.9999989
2048,337,4.8830675e-08,0.9999989
2048,338,4.7822756e-08,0.9999989
2048,339,4.6352877e-08,0.9999989
2048,340,4.626137e-08,0.9999989
2048,341,4.554544e-08,0.9999989
2048,342,4.4809735e-08,0.9999989
2048,343,4.2802846e-08,0.9999989
2048,344,4.1190958e-08,0.9999989
2048,345,4.100083e-08,0.9999989
2048,346,3.9878177e-08,0.9999989
2048,347,3.6864805e-08,0.9999989
2048,348,3.572113e-08,0.9999989
2048,349,3.489638e-08,0.9999989
2048,350,3.4215667e-08,0.9999989
2048,351,3.32589e-08,0.9999989
2048,352,3.2621372e-08,0.9999989
2048,353,3.0385692e-08,0.9999989
2048,354,2.9381107e-08,0.9999989
2048,355,2.8670804e-08,0.9999989
2048,356,2.832703e-08,0.9999989
2048,357,2.6607907e-08,0.9999989
2048,358,2.5502837e-08,0.9999989
2048,359,2.4575147e-08,0.9999989
2048,360,2.4231708e-08,0.9999989
2048,361,2.3838314e-08,0.9999989
2048,362,2.2756556e-08,0.9999989
2048,363,2.2077957e-08,0.9999989
2048,364,2.0995143e-08,0.9999989
2048,365,2.0008015e-08,0.9999989
2048,366,1.935182e-08,0.9999989
2048,367,1.9080243e-08,0.9999989
2048,368,1.8119566e-08,0.9999989
2048,369,1.7829993e-08,0.9999989
2048,370,1.6960584e-08,0.9999989
2048,371,1.651132e-08,0.9999989
2048,372,1.5565131e-08,0.9999989
2048,373,1.514799e-08,0.9999989
2048,374,1.4629387e-08,0.9999989
2048,375,1.3415125e-08,0.9999989
2048,376,1.2991742e-08,0.9999989
2048,377,1.2834384e-08,0.9999989
2048,378,1.2669309e-08,0.9999989
2048,379,1.2205268e-08,0.9999989
2048,380,1.1762809e-08,0.9999989
2048,381,1.10152e-08,0.9999989
2048,382,1.0754399e-08,0.9999989
2048,383,1.0442156e-08,0.9999989
2048,384,9.979883e-09,0.9999989
2048,385,9.5296215e-09,0.9999989
2048,386,9.290175e-09,0.9999989
2048,387,8.833469e-09,0.9999989
2048,388,8.588388e-09,0.9999989
2048,389,8.333461e-09,0.9999989
2048,390,8.186212e-09,0.9999989
2048,391,7.642221e-09,0.9999989
2048,392,7.6109785e-09,0.9999989
2048,393,7.2255024e-09,0.9999989
2048,394,6.7964434e-09,0.9999989
2048,395,6.6667e-09,0.9999989
2048,396,6.4657018e-09,0.9999989
2048,397,6.2198913e-09,0.9999989
2048,398,5.7874754e-09,0.9999989
2048,399,5.442868e-09,0.9999989
2048,400,5.3368385e-09,0.9999989
2048,401,5.0932933e-09,0.9999989
2048,402,4.90106e-09,0.9999989
2048,403,4.7029842e-09,0.9999989
2048,404,4.379205e-09,0.9999989
2048,405,4.1897392e-09,0.9999989
2048,406,3.972188e-09,0.9999989
2048,407,3.914673e-09,0.9999989
2048,408,3.753639e-09,0.9999989
2048,409,3.4152057e-09,0.9999989
2048,410,3.2959204e-09,0.9999989
2048,411,3.167026e-09,0.9999989
2048,412,3.1346952e-09,0.9999989
2048,413,2.8818914e-09,0.9999989
2048,414,2.874781e-09,0.9999989
2048,415,2.5845084e-09,0.9999989
2048,416,2.349102e-09,0.9999989
2048,417,2.2703597e-09,0.9999989
2048,418,2.1801316e-09,0.9999989
2048,419,2.1309638e-09,0.9999989
2048,420,1.8733983e-09,0.9999989
2048,421,1.806804e-09,0.9999989
2048,422,1.7561534e-09,0.9999989
2048,423,1.4284305e-09,0.9999989
2048,424,1.4019069e-09,0.9999989
2048,425,1.2720378e-09,0.9999989
2048,426,1.2101349e-09,0.9999989
2048,427,1.1451691e-09,0.9999989
2048,428,1.0416392e-09,0.9999989
2048,429,9.1899344e-10,0.9999989
2048,430,8.936407e-10,0.9999989
2048,431,8.740344e-10,0.9999989
2048,432,7.843787e-10,0.9999989
2048,433,7.831577e-10,0.9999989
2048,434,6.9049205e-10,0.9999989
2048,435,5.991176e-10,0.9999989
2048,436,5.5691485e-10,0.9999989
2048,437,5.0599025e-10,0.9999989
2048,438,4.635295e-10,0.9999989
2048,439,4.4318726e-10,0.9999989
2048,440,3.5963774e-10,0.9999989
2048,441,3.3154224e-10,0.9999989
2048,442,3.2102068e-10,0.9999989
2048,443,3.1688482e-10,0.9999989
2048,444,2.913102e-10,0.9999989
2048,445,2.3660088e-10,0.9999989
2048,446,2.2338992e-10,0.9999989
2048,447,2.091378e-10,0.9999989
2048,448,1.9588002e-10,0.9999989
2048,449,1.8235555e-10,0.9999989
2048,450,1.7610946e-10,0.9999989
2048,451,1.6388745e-10,0.9999989
2048,452,1.5180016e-10,0.9999989
2048,453,1.4920823e-10,0.9999989
2048,454,1.4556374e-10,0.9999989
2048,455,1.2794762e-10,0.9999989
2048,456,1.1952257e-10,0.9999989
2048,457,1.1261704e-10,0.9999989
2048,458,1.0551473e-10,0.9999989
2048,459,9.32855e-11,0.9999989
2048,460,8.826968e-11,0.9999989
2048,461,8.561369e-11,0.9999989
2048,462,7.645249e-11,0.9999989
2048,463,7.42947e-11,0.9999989
2048,464,6.92438e-11,0.9999989
2048,465,6.6898855e-11,0.9999989
2048,466,6.2423434e-11,0.9999989
2048,467,6.123352e-11,0.9999989
2048,468,5.7947414e-11,0.9999989
2048,469,5.7174016e-11,0.9999989
2048,470,5.2249385e-11,0.9999989
2048,471,5.1931532e-11,0.9999989
2048,472,4.897321e-11,0.9999989
2048,473,4.383271e-11,0.9999989
2048,474,4.2125387e-11,0.9999989
2048,475,4.1675302e-11,0.9999989
2048,476,4.0073316e-11,0.9999989
2048,477,3.5719382e-11,0.9999989
2048,478,3.4878465e-11,0.9999989
2048,479,3.3865206e-11,0.9999989
2048,480,3.2553335e-11,0.9999989
2048,481,3.214313e-11,0.9999989
2048,482,3.116227e-11,0.9999989
2048,483,2.9589733e-11,0.9999989
2048,484,2.9168588e-11,0.9999989
2048,485,2.8019559e-11,0.9999989
2048,486,2.6807901e-11,0.9999989
2048,487,2.6133007e-11,0.9999989
2048,488,2.5515706e-11,0.9999989
2048,489,2.4232472e-11,0.9999989
2048,490,2.3886266e-11,0.9999989
2048,491,2.318691e-11,0.9999989
2048,492,2.2066128e-11,0.9999989
2048,493,2.1067937e-11,0.9999989
2048,494,2.0953092e-11,0.9999989
2048,495,1.963259e-11,0.9999989
2048,496,1.8773398e-11,0.9999989
2048,497,1.8016338e-11,0.9999989
2048,498,1.7741399e-11,0.9999989
2048,499,1.74299e-11,0.9999989
2048,500,1.6744581e-11,0.9999989
2048,501,1.6201327e-11,0.9999989
2048,502,1.5806634e-11,0.9999989
2048,503,1.5554691e-11,0.9999989
2048,504,1.4742343e-11,0.9999989
2048,505,1.3711258e-11,0.9999989
2048,506,1.3186195e-11,0.9999989
2048,507,1.30089915e-11,0.9999989
2048,508,1.24436164e-11,0.9999989
2048,509,1.141443e-11,0.9999989
2048,510,1.0846157e-11,0.9999989
2048,511,1.0773808e-11,0.9999989
2048,512,1.0239135e-11,0.9999989
2048,513,9.610641e-12,0.9999989
2048,514,9.415412e-12,0.9999989
2048,515,9.154504e-12,0.9999989
2048,516,8.902044e-12,0.9999989
2048,517,8.518637e-12,0.9999989
2048,518,8.273356e-12,0.9999989
2048,519,7.938345e-12,0.9999989
2048,520,7.830538e-12,0.9999989
2048,521,7.398704e-12,0.9999989
2048,522,6.9882667e-12,0.9999989
2048,523,6.731205e-12,0.9999989
2048,524,6.5675443e-12,0.9999989
2048,525,6.3580226e-12,0.9999989
2048,526,6.3498672e-12,0.9999989
2048,527,6.1585724e-12,0.9999989
2048,528,5.98893e-12,0.9999989
2048,529,5.629187e-12,0.9999989
2048,530,5.441267e-12,0.9999989
2048,531,5.2837812e-12,0.9999989
2048,532,5.154184e-12,0.9999989
2048,533,4.994866e-12,0.9999989
2048,534,4.81226e-12,0.9999989
2048,535,4.6335947e-12,0.9999989
2048,536,4.5276894e-12,0.9999989
2048,537,4.2558834e-12,0.9999989
2048,538,3.9871825e-12,0.9999989
2048,539,3.9716615e-12,0.9999989
2048,540,3.8414146e-12,0.9999989
2048,541,3.7153535e-12,0.9999989
2048,542,3.6209943e-12,0.9999989
2048,543,3.3191117e-12,0.9999989
2048,544,3.1554219e-12,0.9999989
2048,545,3.069639e-12,0.9999989
2048,546,2.9671242e-12,0.9999989
2048,547,2.9290615e-12,0.9999989
2048,548,2.8858042e-12,0.9999989
2048,549,2.7553903e-12,0.9999989
2048,550,2.7205048e-12,0.9999989
2048,551,2.6177855e-12,0.9999989
2048,552,2.5516251e-12,0.9999989
2048,553,2.3995827e-12,0.9999989
2048,554,2.3330162e-12,0.9999989
2048,555,2.2602243e-12,0.9999989
2048,556,2.15382e-12,0.9999989
2048,557,1.9892419e-12,0.9999989
2048,558,1.8807698e-12,0.9999989
2048,559,1.7976535e-12,0.9999989
2048,560,1.7765448e-12,0.9999989
2048,561,1.7396182e-12,0.9999989
2048,562,1.7125061e-12,0.9999989
2048,563,1.6212774e-12,0.9999989
2048,564,1.5954705e-12,0.9999989
2048,565,1.5559435e-12,0.9999989
2048,566,1.4399189e-12,0.9999989
2048,567,1.3734793e-12,0.9999989
2048,568,1.2981004e-12,0.9999989
2048,569,1.266434e-12,0.9999989
2048,570,1.1944118e-12,0.9999989
2048,571,1.1316955e-12,0.9999989
2048,572,1.1093103e-12,0.9999989
2048,573,1.0461074e-12,0.9999989
2048,574,1.0373575e-12,0.9999989
2048,575,9.456741e-13,0.9999989
2048,576,9.018719e-13,0.9999989
2048,577,8.316501e-13,0.9999989
2048,578,8.003541e-13,0.9999989
2048,579,7.5639034e-13,0.9999989
2048,580,7.2449344e-13,0.9999989
2048,581,6.8278597e-13,0.9999989
2048,582,6.568841e-13,0.9999989
2048,583,6.472085e-13,0.9999989
2048,584,5.8370013e-13,0.9999989
2048,585,5.686931e-13,0.9999989
2048,586,5.2975923e-13,0.9999989
2048,587,4.7818964e-13,0.9999989
2048,588,4.4478242e-13,0.9999989
2048,589,4.4014377e-13,0.9999989
2048,590,4.1380733e-13,0.9999989
2048,591,3.8461113e-13,0.9999989
2048,592,3.4145007e-13,0.9999989
2048,593,3.250037e-13,0.9999989
2048,594,2.9628025e-13,0.9999989
2048,595,2.8633104e-13,0.9999989
2048,596,2.6886246e-13,0.9999989
2048,597,2.5485858e-13,0.9999989
2048,598,2.420645e-13,0.9999989
2048,599,2.264459e-13,0.9999989
2048,600,2.1247865e-13,0.9999989
2048,601,2.0433217e-13,0.9999989
2048,602,1.9818179e-13,0.9999989
2048,603,1.819838e-13,0.9999989
2048,604,1.7364331e-13,0.9999989
2048,605,1.6581563e-13,0.9999989
2048,606,1.511573e-13,0.9999989
2048,607,1.4222457e-13,0.9999989
2048,608,1.2446051e-13,0.9999989
2048,609,1.160599e-13,0.9999989
2048,610,1.1222671e-13,0.9999989
2048,611,1.0381826e-13,0.9999989
2048,612,1.0025135e-13,0.9999989
2048,613,9.641258e-14,0.9999989
2048,614,8.6440735e-14,0.9999989
2048,615,8.180989e-14,0.9999989
2048,616,7.677279e-14,0.9999989
2048,617,7.157272e-14,0.9999989
2048,618,6.644477e-14,0.9999989
2048,619,5.8480124e-14,0.9999989
2048,620,5.481282e-14,0.9999989
2048,621,5.4224257e-14,0.9999989
2048,622,5.3692887e-14,0.9999989
2048,623,4.7062624e-14,0.9999989
2048,624,4.551412e-14,0.9999989
2048,625,4.4609888e-14,0.9999989
2048,626,4.0893565e-14,0.9999989
2048,627,3.9958197e-14,0.9999989
2048,628,3.7133016e-14,0.9999989
2048,629,3.2450452e-14,0.9999989
2048,630,3.21477e-14,0.9999989
2048,631,2.8502767e-14,0.9999989
2048,632,2.4201915e-14,0.9999989
2048,633,1.9791787e-14,0.9999989
2048,634,1.568644e-14,0.9999989
2048,635,1.1780421e-14,0.9999989
2048,636,9.78983e-15,0.9999989
2048,637,7.39874e-15,0.9999989
2048,638,5.7884563e-15,0.9999989
2048,639,1.6825279e-15,0.9999989
2048,640,2.6888267e-16,0.9999989
4096,1,3.5144157,0.88243747
4096,2,0.22999029,0.9401859
4096,3,0.08554927,0.9616665
4096,4,0.048015486,0.97372276
4096,5,0.01926371,0.9785597
4096,6,0.01569419,0.9825003
4096,7,0.011194785,0.9853112
4096,8,0.00945392,0.987685
4096,9,0.0061280467,0.9892237
4096,10,0.004759963,0.9904189
4096,11,0.0037644063,0.9913641
4096,12,0.0035162803,0.99224705
4096,13,0.0031165737,0.9930296
4096,14,0.002713008,0.9937108
4096,15,0.0022854132,0.9942847
4096,16,0.0019821282,0.9947824
4096,17,0.0016247686,0.9951904
4096,18,0.0015228208,0.99557275
4096,19,0.0013691686,0.99591655
4096,20,0.0011863885,0.99621445
4096,21,0.0009664453,0.9964571
4096,22,0.0009379181,0.9966926
4096,23,0.0008444114,0.9969046
4096,24,0.00083185855,0.99711347
4096,25,0.0007487,0.99730146
4096,26,0.00069045566,0.99747485
4096,27,0.00063213636,0.9976336
4096,28,0.00063102995,0.997792
4096,29,0.0005607917,0.9979328
4096,30,0.00047504323,0.99805206
4096,31,0.00044989382,0.998165
4096,32,0.00040042272,0.99826556
4096,33,0.00038332067,0.9983618
4096,34,0.00034664676,0.99844885
4096,35,0.00031359534,0.9985276
4096,36,0.0003108162,0.9986056
4096,37,0.00026926975,0.9986732
4096,38,0.00023769222,0.99873286
4096,39,0.00023605619,0.9987921
4096,40,0.00021554466,0.99884623
4096,41,0.0001867813,0.99889314
4096,42,0.00017758663,0.9989377
4096,43,0.00017002298,0.9989804
4096,44,0.0001626629,0.99902123
4096,45,0.00014796646,0.99905837
4096,46,0.00014445519,0.99909467
4096,47,0.00013519416,0.99912864
4096,48,0.00013343555,0.99916214
4096,49,0.000126935,0.999194
4096,50,0.00012125018,0.9992245
4096,51,0.00011093805,0.9992523
4096,52,0.00010833124,0.9992795
4096,53,0.000104322025,0.99930567
4096,54,9.817691e-05,0.99933034
4096,55,9.040657e-05,0.99935305
4096,56,8.5287444e-05,0.99937445
4096,57,8.445997e-05,0.99939567
4096,58,8.33068e-05,0.9994166
4096,59,7.6861324e-05,0.9994359
4096,60,7.654375e-05,0.9994551
4096,61,7.294982e-05,0.9994734
4096,62,6.970647e-05,0.9994909
4096,63,6.803907e-05,0.999508
4096,64,6.4995664e-05,0.99952435
4096,65,6.2465995e-05,0.99954003
4096,66,5.977792e-05,0.99955505
4096,67,5.829518e-05,0.9995697
4096,68,5.580361e-05,0.9995837
4096,69,5.4669847e-05,0.99959743
4096,70,5.3819844e-05,0.99961096
4096,71,5.0171504e-05,0.99962354
4096,72,4.69189e-05,0.99963534
4096,73,4.5420966e-05,0.9996467
4096,74,4.341864e-05,0.99965763
4096,75,4.1165506e-05,0.99966794
4096,76,4.0848056e-05,0.9996782
4096,77,3.858878e-05,0.9996879
4096,78,3.505359e-05,0.99969673
4096,79,3.418041e-05,0.9997053
4096,80,3.309798e-05,0.9997136
4096,81,3.212387e-05,0.99972165
4096,82,3.0496207e-05,0.9997293
4096,83,3.0026195e-05,0.9997368
4096,84,2.9484558e-05,0.9997442
4096,85,2.7922697e-05,0.9997512
4096,86,2.6892933e-05,0.99975795
4096,87,2.6576585e-05,0.9997646
4096,88,2.568312e-05,0.99977106
4096,89,2.4780004e-05,0.99977726
4096,90,2.3444818e-05,0.99978316
4096,91,2.3095714e-05,0.99978894
4096,92,2.2475893e-05,0.9997946
4096,93,2.1713311e-05,0.9998
4096,94,2.0728123e-05,0.9998052
4096,95,2.0254141e-05,0.9998103
4096,96,1.9711977e-05,0.9998152
4096,97,1.9421559e-05,0.9998201
4096,98,1.8218947e-05,0.9998247
4096,99,1.7945613e-05,0.99982923
4096,100,1.724727e-05,0.9998336
4096,101,1.6302516e-05,0.9998377
4096,102,1.600129e-05,0.9998417
4096,103,1.5903071e-05,0.9998457
4096,104,1.560065e-05,0.9998496
4096,105,1.5051164e-05,0.9998534
4096,106,1.4804578e-05,0.99985707
4096,107,1.3904204e-05,0.9998606
4096,108,1.3685443e-05,0.99986404
4096,109,1.3478761e-05,0.99986744
4096,110,1.31120205e-05,0.9998707
4096,111,1.2649999e-05,0.9998739
4096,112,1.21355815e-05,0.9998769
4096,113,1.1957119e-05,0.9998799
4096,114,1.1925737e-05,0.9998829
4096,115,1.1207691e-05,0.9998857
4096,116,1.1025232e-05,0.9998884
4096,117,1.0882818e-05,0.99989116
4096,118,1.0554618e-05,0.9998938
4096,119,1.013848e-05,0.99989635
4096,120,9.997478e-06,0.99989885
4096,121,9.677514e-06,0.9999013
4096,122,9.276511e-06,0.9999036
4096,123,9.142222e-06,0.99990594
4096,124,8.825601e-06,0.99990815
4096,125,8.733656e-06,0.99991035
4096,126,8.5366255e-06,0.9999125
4096,127,8.312974e-06,0.9999146
4096,128,8.184808e-06,0.9999166
4096,129,7.919128e-06,0.9999186
4096,130,7.835648e-06,0.99992055
4096,131,7.58081e-06,0.99992245
4096,132,7.400817e-06,0.9999243
4096,133,6.974304e-06,0.99992603
4096,134,6.829118e-06,0.99992776
4096,135,6.67177e-06,0.9999294
4096,136,6.5654444e-06,0.9999311
4096,137,6.270753e-06,0.99993265
4096,138,6.0943185e-06,0.9999342
4096,139,5.9817285e-06,0.9999357
4096,140,5.933063e-06,0.9999372
4096,141,5.8597525e-06,0.99993867
4096,142,5.7272437e-06,0.9999401
4096,143,5.4514853e-06,0.99994147
4096,144,5.2963537e-06,0.9999428
4096,145,5.1255224e-06,0.9999441
4096,146,4.9929063e-06,0.99994534
4096,147,4.9016944e-06,0.9999466
4096,148,4.82092e-06,0.9999478
4096,149,4.5944553e-06,0.9999489
4096,150,4.515191e-06,0.99995005
4096,151,4.4702147e-06,0.9999512
4096,152,4.4398867e-06,0.9999523
4096,153,4.3566397e-06,0.9999534
4096,154,4.091455e-06,0.9999544
4096,155,4.0200657e-06,0.9999554
4096,156,3.9298047e-06,0.9999564
4096,157,3.828337e-06,0.9999574
4096,158,3.7783102e-06,0.99995834
4096,159,3.6780177e-06,0.99995923
4096,160,3.6343622e-06,0.9999601
4096,161,3.5831465e-06,0.999961
4096,162,3.456344e-06,0.9999619
4096,163,3.3374115e-06,0.99996275
4096,164,3.2100825e-06,0.9999636
4096,165,3.1118698e-06,0.99996436
4096,166,3.0438227e-06,0.99996513
4096,167,2.9926946e-06,0.9999659
4096,168,2.9554012e-06,0.9999666
4096,169,2.916382e-06,0.99996734
4096,170,2.8772415e-06,0.99996805
4096,171,2.7902793e-06,0.99996877
4096,172,2.7370136e-06,0.9999695
4096,173,2.6133575e-06,0.99997014
4096,174,2.5923534e-06,0.9999708
4096,175,2.5597083e-06,0.99997145
4096,176,2.5508675e-06,0.9999721
4096,177,2.467248e-06,0.9999727
4096,178,2.3816306e-06,0.9999733
4096,179,2.3347368e-06,0.9999739
4096,180,2.2768777e-06,0.9999745
4096,181,2.257063e-06,0.9999751
4096,182,2.173606e-06,0.9999756
4096,183,2.1343992e-06,0.99997616
4096,184,2.103364e-06,0.9999767
4096,185,2.0284394e-06,0.99997723
4096,186,1.993722e-06,0.9999777
4096,187,1.9303325e-06,0.9999782
4096,188,1.9217532e-06,0.99997866
4096,189,1.8476659e-06,0.99997914
4096,190,1.8059468e-06,0.9999796
4096,191,1.796254e-06,0.9999801
4096,192,1.7704004e-06,0.9999805
4096,193,1.7340368e-06,0.9999809
4096,194,1.6916279e-06,0.99998134
4096,195,1.6638065e-06,0.99998176
4096,196,1.6354509e-06,0.9999822
4096,197,1.5993601e-06,0.9999826
4096,198,1.5745002e-06,0.999983
4096,199,1.5485736e-06,0.99998343
4096,200,1.4964296e-06,0.9999838
4096,201,1.4628879e-06,0.99998415
4096,202,1.4524234e-06,0.9999845
4096,203,1.4152621e-06,0.99998486
4096,204,1.3698536e-06,0.9999852
4096,205,1.3498665e-06,0.9999856
4096,206,1.3158891e-06,0.99998593
4096,207,1.299514e-06,0.99998623
4096,208,1.2597442e-06,0.9999865
4096,209,1.2242821e-06,0.9999868
4096,210,1.2019312e-06,0.9999871
4096,211,1.1908627e-06,0.9999874
4096,212,1.1350811e-06,0.9999877
4096,213,1.1243881e-06,0.999988
4096,214,1.1054125e-06,0.9999883
4096,215,1.0641589e-06,0.99998856
4096,216,1.0546654e-06,0.9999888
4096,217,1.0333181e-06,0.99998903
4096,218,1.0151783e-06,0.9999893
4096,219,1.0019083e-06,0.9999895
4096,220,9.643256e-07,0.99998975
4096,221,9.3769717e-07,0.99999
4096,222,9.0174115e-07,0.9999902
4096,223,8.993916e-07,0.99999046
4096,224,8.8902743e-07,0.9999907
4096,225,8.675274e-07,0.99999094
4096,226,8.587284e-07,0.9999912
4096,227,8.254922e-07,0.99999136
4096,228,7.971028e-07,0.99999154
4096,229,7.786064e-07,0.9999917
4096,230,7.776422e-07,0.9999919
4096,231,7.6835437e-07,0.9999921
4096,232,7.2802703e-07,0.99999225
4096,233,7.136742e-07,0.99999243
4096,234,7.075527e-07,0.9999926
4096,235,7.01147e-07,0.9999928
4096,236,6.9515175e-07,0.99999297
4096,237,6.677586e-07,0.99999315
4096,238,6.4827896e-07,0.9999933
4096,239,6.404696e-07,0.9999935
4096,240,6.2033126e-07,0.9999937
4096,241,6.104878e-07,0.99999386
4096,242,5.863979e-07,0.999994
4096,243,5.7813764e-07,0.9999941
4096,244,5.599462e-07,0.9999942
4096,245,5.524644e-07,0.99999434
4096,246,5.48443e-07,0.99999446
4096,247,5.432183e-07,0.9999946
4096,248,5.2414146e-07,0.9999947
4096,249,5.111705e-07,0.9999948
4096,250,4.9351564e-07,0.99999493
4096,251,4.7827683e-07,0.99999505
4096,252,4.7100298e-07,0.9999952
4096,253,4.630494e-07,0.9999953
4096,254,4.5562234e-07,0.9999954
4096,255,4.4105323e-07,0.9999955
4096,256,4.2834222e-07,0.99999565
4096,257,4.2451657e-07,0.99999577
4096,258,4.1415632e-07,0.9999959
4096,259,3.9826708e-07,0.999996
4096,260,3.9375232e-07,0.9999961
4096,261,3.7627353e-07,0.99999624
4096,262,3.6489726e-07,0.99999636
4096,263,3.5493065e-07,0.9999964
4096,264,3.463616e-07,0.9999965
4096,265,3.3996395e-07,0.99999654
4096,266,3.308751e-07,0.9999966
4096,267,3.2022712e-07,0.99999666
4096,268,3.1633292e-07,0.9999967
4096,269,3.0927288e-07,0.9999968
4096,270,3.0530978e-07,0.99999684
4096,271,2.957981e-07,0.9999969
4096,272,2.9236617e-07,0.99999696
4096,273,2.8124455e-07,0.999997
4096,274,2.7982023e-07,0.9999971
4096,275,2.7287658e-07,0.99999714
4096,276,2.6975002e-07,0.9999972
4096,277,2.6348522e-07,0.99999726
4096,278,2.566426e-07,0.9999973
4096,279,2.519485e-07,0.9999974
4096,280,2.457524e-07,0.99999744
4096,281,2.3898235e-07,0.9999975
4096,282,2.2702235e-07,0.99999756
4096,283,2.2231568e-07,0.9999976
4096,284,2.2007225e-07,0.9999977
4096,285,2.1743465e-07,0.99999774
4096,286,2.1070444e-07,0.9999978
4096,287,2.0692629e-07,0.99999785
4096,288,2.0566401e-07,0.9999979
4096,289,1.949085e-07,0.999998
4096,290,1.9216438e-07,0.99999803
4096,291,1.8147229e-07,0.9999981
4096,292,1.7688015e-07,0.99999815
4096,293,1.7643332e-07,0.9999982
4096,294,1.6959768e-07,0.9999983
4096,295,1.6621327e-07,0.99999833
4096,296,1.6422531e-07,0.9999984
4096,297,1.6262943e-07,0.99999845
4096,298,1.5854467e-07,0.9999985
4096,299,1.5164349e-07,0.99999857
4096,300,1.5013386e-07,0.9999986
4096,301,1.44349e-07,0.9999987
4096,302,1.4266519e-07,0.99999875
4096,303,1.3705125e-07,0.9999988
4096,304,1.3537131e-07,0.99999887
4096,305,1.3243131e-07,0.9999989
4096,306,1.3091731e-07,0.999999
4096,307,1.2474452e-07,0.99999905
4096,308,1.2148683e-07,0.9999991
4096,309,1.1757171e-07,0.9999991
4096,310,1.1364397e-07,0.9999991
4096,311,1.1097501e-07,0.9999991
4096,312,1.0913617e-07,0.9999991
4096,313,1.05523206e-07,0.9999991
4096,314,1.0174942e-07,0.9999991
4096,315,1.0147326e-07,0.9999991
4096,316,9.780613e-08,0.9999991
4096,317,9.295907e-08,0.9999991
4096,318,9.085942e-08,0.9999991
4096,319,9.004279e-08,0.9999991
4096,320,8.803649e-08,0.9999991
4096,321,8.53366e-08,0.9999991
4096,322,8.3257845e-08,0.9999991
4096,323,8.188582e-08,0.9999991
4096,324,7.778416e-08,0.9999991
4096,325,7.744807e-08,0.9999991
4096,326,7.4900235e-08,0.9999991
4096,327,7.33883e-08,0.9999991
4096,328,7.164799e-08,0.9999991
4096,329,6.902566e-08,0.9999991
4096,330,6.84718e-08,0.9999991
4096,331,6.6058284e-08,0.9999991
4096,332,6.3961814e-08,0.9999991
4096,333,6.169559e-08,0.9999991
4096,334,6.02418e-08,0.9999991
4096,335,5.8560975e-08,0.9999991
4096,336,5.604889e-08,0.9999991
4096,337,5.5024753e-08,0.9999991
4096,338,5.4225954e-08,0.9999991
4096,339,5.2683333e-08,0.9999991
4096,340,5.0861303e-08,0.9999991
4096,341,5.034373e-08,0.9999991
4096,342,4.9103797e-08,0.9999991
4096,343,4.7797645e-08,0.9999991
4096,344,4.6776716e-08,0.9999991
4096,345,4.5450484e-08,0.9999991
4096,346,4.3796206e-08,0.9999991
4096,347,4.2991246e-08,0.9999991
4096,348,4.0310386e-08,0.9999991
4096,349,3.943824e-08,0.9999991
4096,350,3.841572e-08,0.9999991
4096,351,3.692535e-08,0.9999991
4096,352,3.6018722e-08,0.9999991
4096,353,3.4541006e-08,0.9999991
4096,354,3.2988353e-08,0.9999991
4096,355,3.209985e-08,0.9999991
4096,356,3.1087303e-08,0.9999991
4096,357,3.0582775e-08,0.9999991
4096,358,2.798817e-08,0.9999991
4096,359,2.7306369e-08,0.9999991
4096,360,2.7009285e-08,0.9999991
4096,361,2.5519038e-08,0.9999991
4096,362,2.4983262e-08,0.9999991
4096,363,2.4714476e-08,0.9999991
4096,364,2.3668377e-08,0.9999991
4096,365,2.2760053e-08,0.9999991
4096,366,2.2210326e-08,0.9999991
4096,367,2.1078202e-08,0.9999991
4096,368,2.032726e-08,0.9999991
4096,369,1.9813887e-08,0.9999991
4096,370,1.8579053e-08,0.9999991
4096,371,1.8348773e-08,0.9999991
4096,372,1.7905695e-08,0.9999991
4096,373,1.7245611e-08,0.9999991
4096,374,1.6446222e-08,0.9999991
4096,375,1.532775e-08,0.9999991
4096,376,1.5198447e-08,0.9999991
4096,377,1.44693875e-08,0.9999991
4096,378,1.4210029e-08,0.9999991
4096,379,1.3823619e-08,0.9999991
4096,380,1.3310489e-08,0.9999991
4096,381,1.25635795e-08,0.9999991
4096,382,1.2075804e-08,0.9999991
4096,383,1.1594171e-08,0.9999991
4096,384,1.1340933e-08,0.9999991
4096,385,1.1011051e-08,0.9999991
4096,386,1.0692588e-08,0.9999991
4096,387,1.0256509e-08,0.9999991
4096,388,9.685459e-09,0.9999991
4096,389,9.549353e-09,0.9999991
4096,390,9.297604e-09,0.9999991
4096,391,8.586282e-09,0.9999991
4096,392,8.457738e-09,0.9999991
4096,393,8.253777e-09,0.9999991
4096,394,7.855632e-09,0.9999991
4096,395,7.750815e-09,0.9999991
4096,396,7.495373e-09,0.9999991
4096,397,7.271097e-09,0.9999991
4096,398,6.5167947e-09,0.9999991
4096,399,6.2057266e-09,0.9999991
4096,400,5.950442e-09,0.9999991
4096,401,5.8741807e-09,0.9999991
4096,402,5.7714975e-09,0.9999991
4096,403,5.2317564e-09,0.9999991
4096,404,5.1320646e-09,0.9999991
4096,405,4.752748e-09,0.9999991
4096,406,4.672822e-09,0.9999991
4096,407,4.27273e-09,0.9999991
4096,408,4.16627e-09,0.9999991
4096,409,3.9553236e-09,0.9999991
4096,410,3.886711e-09,0.9999991
4096,411,3.788118e-09,0.9999991
4096,412,3.5448657e-09,0.9999991
4096,413,3.3907264e-09,0.9999991
4096,414,3.2100655e-09,0.9999991
4096,415,3.179305e-09,0.9999991
4096,416,2.7253144e-09,0.9999991
4096,417,2.6480802e-09,0.9999991
4096,418,2.5037776e-09,0.9999991
4096,419,2.3508104e-09,0.9999991
4096,420,2.1264468e-09,0.9999991
4096,421,2.0549202e-09,0.9999991
4096,422,2.0041406e-09,0.9999991
4096,423,1.6326032e-09,0.9999991
4096,424,1.6125973e-09,0.9999991
4096,425,1.5268027e-09,0.9999991
4096,426,1.4345648e-09,0.9999991
4096,427,1.3159622e-09,0.9999991
4096,428,1.1681971e-09,0.9999991
4096,429,1.0564796e-09,0.9999991
4096,430,1.0177106e-09,0.9999991
4096,431,9.848721e-10,0.9999991
4096,432,9.70776e-10,0.9999991
4096,433,8.9295416e-10,0.9999991
4096,434,7.9201173e-10,0.9999991
4096,435,6.90269e-10,0.9999991
4096,436,6.505835e-10,0.9999991
4096,437,5.9213057e-10,0.9999991
4096,438,5.265925e-10,0.9999991
4096,439,5.19609e-10,0.9999991
4096,440,4.0149273e-10,0.9999991
4096,441,3.7509915e-10,0.9999991
4096,442,3.652363e-10,0.9999991
4096,443,3.5988004e-10,0.9999991
4096,444,3.3347353e-10,0.9999991
4096,445,3.0029748e-10,0.9999991
4096,446,2.6575395e-10,0.9999991
4096,447,2.523977e-10,0.9999991
4096,448,2.4751953e-10,0.9999991
4096,449,2.2505979e-10,0.9999991
4096,450,2.0546516e-10,0.9999991
4096,451,1.809488e-10,0.9999991
4096,452,1.7549794e-10,0.9999991
4096,453,1.7164492e-10,0.9999991
4096,454,1.6569852e-10,0.9999991
4096,455,1.4919366e-10,0.9999991
4096,456,1.4057805e-10,0.9999991
4096,457,1.3043987e-10,0.9999991
4096,458,1.1876462e-10,0.9999991
4096,459,1.07181174e-10,0.9999991
4096,460,1.01542615e-10,0.9999991
4096,461,9.5610096e-11,0.9999991
4096,462,8.803495e-11,0.9999991
4096,463,8.514696e-11,0.9999991
4096,464,7.9466156e-11,0.9999991
4096,465,7.815837e-11,0.9999991
4096,466,7.375577e-11,0.9999991
4096,467,7.124386e-11,0.9999991
4096,468,6.7466525e-11,0.9999991
4096,469,6.529737e-11,0.9999991
4096,470,6.219013e-11,0.9999991
4096,471,6.059161e-11,0.9999991
4096,472,5.829176e-11,0.9999991
4096,473,5.2330647e-11,0.9999991
4096,474,5.090827e-11,0.9999991
4096,475,4.713945e-11,0.9999991
4096,476,4.4676464e-11,0.9999991
4096,477,4.45182e-11,0.9999991
4096,478,4.1337565e-11,0.9999991
4096,479,4.0164004e-11,0.9999991
4096,480,3.865203e-11,0.9999991
4096,481,3.8034475e-11,0.9999991
4096,482,3.6452872e-11,0.9999991
4096,483,3.382073e-11,0.9999991
4096,484,3.227507e-11,0.9999991
4096,485,3.165736e-11,0.9999991
4096,486,3.1218406e-11,0.9999991
4096,487,3.0273315e-11,0.9999991
4096,488,2.9954234e-11,0.9999991
4096,489,2.9519363e-11,0.9999991
4096,490,2.845668e-11,0.9999991
4096,491,2.7128669e-11,0.9999991
4096,492,2.649608e-11,0.9999991
4096,493,2.5400586e-11,0.9999991
4096,494,2.4656895e-11,0.9999991
4096,495,2.31328e-11,0.9999991
4096,496,2.2394357e-11,0.9999991
4096,497,2.2140931e-11,0.9999991
4096,498,2.1129107e-11,0.9999991
4096,499,2.0577332e-11,0.9999991
4096,500,1.9640047e-11,0.9999991
4096,501,1.8947519e-11,0.9999991
4096,502,1.8261856e-11,0.9999991
4096,503,1.7947343e-11,0.9999991
4096,504,1.7265162e-11,0.9999991
4096,505,1.646582e-11,0.9999991
4096,506,1.600981e-11,0.9999991
4096,507,1.55297e-11,0.9999991
4096,508,1.494897e-11,0.9999991
4096,509,1.3938717e-11,0.9999991
4096,510,1.3469893e-11,0.9999991
4096,511,1.2758955e-11,0.9999991
4096,512,1.199005e-11,0.9999991
4096,513,1.1847039e-11,0.9999991
4096,514,1.1496593e-11,0.9999991
4096,515,1.1184161e-11,0.9999991
4096,516,1.0692094e-11,0.9999991
4096,517,1.0245551e-11,0.9999991
4096,518,9.9647296e-12,0.9999991
4096,519,9.810845e-12,0.9999991
4096,520,9.340728e-12,0.9999991
4096,521,8.825539e-12,0.9999991
4096,522,8.587591e-12,0.9999991
4096,523,8.170311e-12,0.9999991
4096,524,8.01621e-12,0.9999991
4096,525,7.799188e-12,0.9999991
4096,526,7.462449e-12,0.9999991
4096,527,7.1537186e-12,0.9999991
4096,528,7.0835547e-12,0.9999991
4096,529,6.8755422e-12,0.9999991
4096,530,6.6517946e-12,0.9999991
4096,531,6.4690293e-12,0.9999991
4096,532,6.337389e-12,0.9999991
4096,533,6.0626695e-12,0.9999991
4096,534,5.9187004e-12,0.9999991
4096,535,5.563159e-12,0.9999991
4096,536,5.393179e-12,0.9999991
4096,537,5.2229766e-12,0.9999991
4096,538,4.982122e-12,0.9999991
4096,539,4.752741e-12,0.9999991
4096,540,4.7120094e-12,0.9999991
4096,541,4.5280108e-12,0.9999991
4096,542,4.4144345e-12,0.9999991
4096,543,4.077902e-12,0.9999991
4096,544,3.9321723e-12,0.9999991
4096,545,3.808838e-12,0.9999991
4096,546,3.732018e-12,0.9999991
4096,547,3.569507e-12,0.9999991
4096,548,3.47827e-12,0.9999991
4096,549,3.3847521e-12,0.9999991
4096,550,3.3064489e-12,0.9999991
4096,551,3.1386805e-12,0.9999991
4096,552,2.9672556e-12,0.9999991
4096,553,2.9378923e-12,0.9999991
4096,554,2.7599134e-12,0.9999991
4096,555,2.701717e-12,0.9999991
4096,556,2.683749e-12,0.9999991
4096,557,2.4075763e-12,0.9999991
4096,558,2.3279503e-12,0.9999991
4096,559,2.2074163e-12,0.9999991
4096,560,2.1537527e-12,0.9999991
4096,561,2.1021618e-12,0.9999991
4096,562,2.0254523e-12,0.9999991
4096,563,2.0067218e-12,0.9999991
4096,564,1.9530957e-12,0.9999991
4096,565,1.8722968e-12,0.9999991
4096,566,1.7740366e-12,0.9999991
4096,567,1.6487443e-12,0.9999991
4096,568,1.5369854e-12,0.9999991
4096,569,1.5083838e-12,0.9999991
4096,570,1.4674037e-12,0.9999991
4096,571,1.4042639e-12,0.9999991
4096,572,1.3160752e-12,0.9999991
4096,573,1.280328e-12,0.9999991
4096,574,1.2054815e-12,0.9999991
4096,575,1.1523668e-12,0.9999991
4096,576,1.0472836e-12,0.9999991
4096,577,9.990327e-13,0.9999991
4096,578,9.871991e-13,0.9999991
4096,579,9.54692e-13,0.9999991
4096,580,9.194038e-13,0.9999991
4096,581,8.660676e-13,0.9999991
4096,582,8.1964275e-13,0.9999991
4096,583,7.7029366e-13,0.9999991
4096,584,7.413357e-13,0.9999991
4096,585,6.8075797e-13,0.9999991
4096,586,6.432476e-13,0.9999991
4096,587,6.0223414e-13,0.9999991
4096,588,5.721144e-13,0.9999991
4096,589,5.6356623e-13,0.9999991
4096,590,5.1798783e-13,0.9999991
4096,591,4.9722466e-13,0.9999991
4096,592,4.530913e-13,0.9999991
4096,593,3.8568676e-13,0.9999991
4096,594,3.774623e-13,0.9999991
4096,595,3.51629e-13,0.9999991
4096,596,3.3251234e-13,0.9999991
4096,597,3.254037e-13,0.9999991
4096,598,3.0541658e-13,0.9999991
4096,599,2.9671824e-13,0.9999991
4096,600,2.6987294e-13,0.9999991
4096,601,2.6422693e-13,0.9999991
4096,602,2.4050494e-13,0.9999991
4096,603,2.2498319e-13,0.9999991
4096,604,2.1234257e-13,0.9999991
4096,605,2.0848408e-13,0.9999991
4096,606,1.8153079e-13,0.9999991
4096,607,1.7294445e-13,0.9999991
4096,608,1.6345763e-13,0.9999991
4096,609,1.4699307e-13,0.9999991
4096,610,1.4624318e-13,0.9999991
4096,611,1.409619e-13,0.9999991
4096,612,1.2839076e-13,0.9999991
4096,613,1.1813708e-13,0.9999991
4096,614,1.1416406e-13,0.9999991
4096,615,1.0363442e-13,0.9999991
4096,616,8.9690116e-14,0.9999991
4096,617,8.37134e-14,0.9999991
4096,618,8.129026e-14,0.9999991
4096,619,7.971068e-14,0.9999991
4096,620,7.6116664e-14,0.9999991
4096,621,7.337605e-14,0.9999991
4096,622,6.955475e-14,0.9999991
4096,623,6.7899496e-14,0.9999991
4096,624,6.420598e-14,0.9999991
4096,625,6.077522e-14,0.9999991
4096,626,5.2025926e-14,0.9999991
4096,627,4.542498e-14,0.9999991
4096,628,4.094125e-14,0.9999991
4096,629,3.9042296e-14,0.9999991
4096,630,3.5379845e-14,0.9999991
4096,631,3.246516e-14,0.9999991
4096,632,2.6237259e-14,0.9999991
4096,633,2.5680916e-14,0.9999991
4096,634,1.9396011e-14,0.9999991
4096,635,1.8148906e-14,0.9999991
4096,636,1.2385885e-14,0.9999991
4096,637,9.4090885e-15,0.9999991
4096,638,7.293799e-15,0.9999991
4096,639,2.1853835e-15,0.9999991
4096,640,3.2325745e-16,0.9999991
8192,1,3.53219,0.88305223
8192,2,0.23029935,0.9406274
8192,3,0.08547254,0.96199566
8192,4,0.046998207,0.9737453
8192,5,0.019501649,0.9786207
8192,6,0.0153908655,0.9824684
8192,7,0.011485267,0.98533976
8192,8,0.009248376,0.9876519
8192,9,0.006139896,0.9891869
8192,10,0.0047481772,0.9903739
8192,11,0.0038052262,0.9913252
8192,12,0.00343001,0.99218273
8192,13,0.0031789842,0.9929775
8192,14,0.0027450982,0.9936638
8192,15,0.0022819124,0.99423426
8192,16,0.0020221532,0.99473983
8192,17,0.0017159714,0.9951688
8192,18,0.0015129386,0.99554706
8192,19,0.0013820528,0.9958926
8192,20,0.0011869272,0.9961893
8192,21,0.0010010287,0.9964396
8192,22,0.0009399077,0.99667454
8192,23,0.00086198817,0.99689
8192,24,0.0008333983,0.9970984
8192,25,0.0007464695,0.997285
8192,26,0.00070399296,0.997461
8192,27,0.0006356784,0.9976199
8192,28,0.00061814574,0.9977745
8192,29,0.0005547192,0.9979132
8192,30,0.00049225555,0.99803627
8192,31,0.00046351115,0.99815214
8192,32,0.00041394474,0.9982556
8192,33,0.00038723202,0.9983524
8192,34,0.00034689644,0.99843913
8192,35,0.0003240433,0.99852014
8192,36,0.00030642917,0.9985967
8192,37,0.00026011645,0.99866176
8192,38,0.00024954352,0.99872416
8192,39,0.00023909296,0.99878395
8192,40,0.0002148999,0.99883765
8192,41,0.00019302184,0.9988859
8192,42,0.00017890414,0.99893063
8192,43,0.00017130673,0.9989735
8192,44,0.00016633779,0.9990151
8192,45,0.00014692193,0.9990518
8192,46,0.00014577847,0.9990882
8192,47,0.00014133258,0.9991236
8192,48,0.00013092687,0.9991563
8192,49,0.00012495543,0.9991875
8192,50,0.000118946715,0.9992173
8192,51,0.00011057287,0.9992449
8192,52,0.000107558604,0.9992718
8192,53,0.00010565253,0.9992982
8192,54,9.9213554e-05,0.999323
8192,55,9.133642e-05,0.99934584
8192,56,8.7662505e-05,0.9993678
8192,57,8.562453e-05,0.9993892
8192,58,8.2741084e-05,0.99940985
8192,59,7.8606805e-05,0.9994295
8192,60,7.719821e-05,0.99944884
8192,61,7.343138e-05,0.9994672
8192,62,7.148688e-05,0.9994851
8192,63,6.9469694e-05,0.9995024
8192,64,6.378002e-05,0.9995184
8192,65,6.290009e-05,0.99953413
8192,66,6.0871826e-05,0.9995493
8192,67,5.8021404e-05,0.9995638
8192,68,5.6256613e-05,0.9995779
8192,69,5.5312907e-05,0.9995917
8192,70,5.5114575e-05,0.9996055
8192,71,5.012008e-05,0.999618
8192,72,4.76384e-05,0.9996299
8192,73,4.5694793e-05,0.99964136
8192,74,4.4709366e-05,0.99965256
8192,75,4.2277195e-05,0.9996631
8192,76,4.1024876e-05,0.99967337
8192,77,3.914551e-05,0.99968314
8192,78,3.6493253e-05,0.99969226
8192,79,3.5354395e-05,0.9997011
8192,80,3.342126e-05,0.9997094
8192,81,3.2673168e-05,0.9997176
8192,82,3.1678817e-05,0.9997255
8192,83,3.021305e-05,0.9997331
8192,84,2.9464121e-05,0.9997405
8192,85,2.7908804e-05,0.99974746
8192,86,2.7615266e-05,0.99975437
8192,87,2.728788e-05,0.99976116
8192,88,2.6510634e-05,0.9997678
8192,89,2.4610597e-05,0.9997739
8192,90,2.4085264e-05,0.99977994
8192,91,2.3512612e-05,0.99978584
8192,92,2.227768e-05,0.9997914
8192,93,2.1890995e-05,0.99979687
8192,94,2.0694846e-05,0.99980205
8192,95,2.024967e-05,0.9998071
8192,96,2.0130996e-05,0.9998121
8192,97,1.9410842e-05,0.99981695
8192,98,1.8802986e-05,0.99982166
8192,99,1.8658175e-05,0.9998263
8192,100,1.7469021e-05,0.99983066
8192,101,1.676086e-05,0.99983484
8192,102,1.6212782e-05,0.9998389
8192,103,1.576284e-05,0.9998428
8192,104,1.5237675e-05,0.99984664
8192,105,1.5193145e-05,0.99985045
8192,106,1.4770919e-05,0.99985415
8192,107,1.401855e-05,0.99985766
8192,108,1.3744623e-05,0.9998611
8192,109,1.3623465e-05,0.9998645
8192,110,1.3448814e-05,0.99986786
8192,111,1.2897651e-05,0.9998711
8192,112,1.23799355e-05,0.9998742
8192,113,1.1783664e-05,0.9998771
8192,114,1.1739571e-05,0.99988
8192,115,1.1519369e-05,0.9998829
8192,116,1.12939115e-05,0.9998857
8192,117,1.1099202e-05,0.9998885
8192,118,1.0755088e-05,0.99989116
8192,119,1.0650384e-05,0.99989384
8192,120,1.0204826e-05,0.9998964
8192,121,9.689906e-06,0.99989885
8192,122,9.368656e-06,0.9999012
8192,123,9.311837e-06,0.9999035
8192,124,8.967062e-06,0.99990577
8192,125,8.781271e-06,0.999908
8192,126,8.741264e-06,0.9999102
8192,127,8.435903e-06,0.99991226
8192,128,8.391383e-06,0.99991435
8192,129,8.31797e-06,0.99991643
8192,130,7.906369e-06,0.9999184
8192,131,7.627692e-06,0.9999203
8192,132,7.5321013e-06,0.9999222
8192,133,7.291148e-06,0.99992406
8192,134,7.1452805e-06,0.99992585
8192,135,6.930274e-06,0.9999276
8192,136,6.732888e-06,0.99992925
8192,137,6.4639153e-06,0.99993086
8192,138,6.40279e-06,0.99993247
8192,139,6.237282e-06,0.999934
8192,140,6.0663388e-06,0.9999355
8192,141,5.8532946e-06,0.999937
8192,142,5.7160196e-06,0.9999384
8192,143,5.623678e-06,0.99993986
8192,144,5.494217e-06,0.99994123
8192,145,5.310283e-06,0.99994254
8192,146,5.0825797e-06,0.9999438
8192,147,5.0124745e-06,0.99994504
8192,148,4.9198857e-06,0.9999463
8192,149,4.881091e-06,0.9999475
8192,150,4.8532697e-06,0.9999487
8192,151,4.722425e-06,0.9999499
8192,152,4.6163473e-06,0.999951
8192,153,4.356197e-06,0.9999521
8192,154,4.175529e-06,0.99995315
8192,155,4.063996e-06,0.99995416
8192,156,4.0580026e-06,0.9999552
8192,157,3.9944734e-06,0.9999562
8192,158,3.8341605e-06,0.99995714
8192,159,3.815735e-06,0.9999581
8192,160,3.7871514e-06,0.99995905
8192,161,3.63978e-06,0.99995995
8192,162,3.6038546e-06,0.99996084
8192,163,3.4349193e-06,0.9999617
8192,164,3.3530487e-06,0.9999625
8192,165,3.176926e-06,0.9999633
8192,166,3.1312609e-06,0.99996406
8192,167,3.08036e-06,0.99996483
8192,168,3.026306e-06,0.9999656
8192,169,2.9731204e-06,0.9999663
8192,170,2.9455e-06,0.99996704
8192,171,2.8896784e-06,0.99996775
8192,172,2.7543063e-06,0.99996847
8192,173,2.7428102e-06,0.9999692
8192,174,2.644576e-06,0.99996984
8192,175,2.590503e-06,0.9999705
8192,176,2.5724617e-06,0.99997115
8192,177,2.5160273e-06,0.9999718
8192,178,2.492038e-06,0.9999724
8192,179,2.381797e-06,0.999973
8192,180,2.334478e-06,0.9999736
8192,181,2.2772008e-06,0.9999742
8192,182,2.2542586e-06,0.9999747
8192,183,2.214086e-06,0.99997526
8192,184,2.169334e-06,0.9999758
8192,185,2.1263224e-06,0.99997634
8192,186,2.1012615e-06,0.9999769
8192,187,2.0438372e-06,0.9999774
8192,188,2.0150546e-06,0.9999779
8192,189,1.9716665e-06,0.99997836
8192,190,1.9170604e-06,0.99997884
8192,191,1.854166e-06,0.9999793
8192,192,1.823659e-06,0.9999798
8192,193,1.8019665e-06,0.9999803
8192,194,1.7957116e-06,0.99998075
8192,195,1.7216319e-06,0.99998116
8192,196,1.7107925e-06,0.9999816
8192,197,1.663672e-06,0.999982
8192,198,1.6243115e-06,0.9999824
8192,199,1.6097491e-06,0.99998283
8192,200,1.5567801e-06,0.99998325
8192,201,1.5335629e-06,0.9999836
8192,202,1.5010187e-06,0.99998397
8192,203,1.4753302e-06,0.9999843
8192,204,1.4431247e-06,0.9999847
8192,205,1.4105017e-06,0.99998504
8192,206,1.3863147e-06,0.9999854
8192,207,1.3303624e-06,0.99998575
8192,208,1.2977692e-06,0.99998605
8192,209,1.2906522e-06,0.99998635
8192,210,1.2405659e-06,0.99998665
8192,211,1.2201584e-06,0.99998695
8192,212,1.1703531e-06,0.99998724
8192,213,1.1507431e-06,0.99998754
8192,214,1.130735e-06,0.99998784
8192,215,1.1278418e-06,0.99998814
8192,216,1.089069e-06,0.99998844
8192,217,1.0442517e-06,0.9999887
8192,218,1.0325372e-06,0.9999889
8192,219,1.0280344e-06,0.99998915
8192,220,1.0034732e-06,0.9999894
8192,221,9.763615e-07,0.9999896
8192,222,9.56974e-07,0.99998987
8192,223,9.3876855e-07,0.9999901
8192,224,9.167472e-07,0.99999034
8192,225,9.0338483e-07,0.9999906
8192,226,8.95158e-07,0.9999908
8192,227,8.7933483e-07,0.99999106
8192,228,8.403195e-07,0.9999913
8192,229,8.2240706e-07,0.9999915
8192,230,7.9758877e-07,0.99999166
8192,231,7.835764e-07,0.99999183
8192,232,7.7758807e-07,0.999992
8192,233,7.5501583e-07,0.9999922
8192,234,7.4615485e-07,0.9999924
8192,235,7.352035e-07,0.99999255
8192,236,7.0740117e-07,0.9999927
8192,237,6.9434594e-07,0.9999929
8192,238,6.814924e-07,0.9999931
8192,239,6.549556e-07,0.99999326
8192,240,6.5411626e-07,0.99999344
8192,241,6.4240226e-07,0.9999936
8192,242,6.191915e-07,0.9999938
8192,243,6.075773e-07,0.999994
8192,244,5.8841397e-07,0.9999941
8192,245,5.817019e-07,0.9999942
8192,246,5.6490603e-07,0.99999434
8192,247,5.592042e-07,0.99999446
8192,248,5.5126765e-07,0.9999946
8192,249,5.413193e-07,0.9999947
8192,250,5.3457796e-07,0.9999948
8192,251,5.084694e-07,0.99999493
8192,252,4.87234e-07,0.99999505
8192,253,4.8442934e-07,0.9999952
8192,254,4.765773e-07,0.9999953
8192,255,4.6103543e-07,0.9999954
8192,256,4.494158e-07,0.9999955
8192,257,4.381758e-07,0.99999565
8192,258,4.3546612e-07,0.99999577
8192,259,4.296556e-07,0.9999959
8192,260,4.0349468e-07,0.999996
8192,261,3.9889278e-07,0.9999961
8192,262,3.9053884e-07,0.99999624
8192,263,3.849259e-07,0.99999636
8192,264,3.6297754e-07,0.9999965
8192,265,3.5883394e-07,0.9999966
8192,266,3.4813192e-07,0.99999666
8192,267,3.4110488e-07,0.9999967
8192,268,3.3533988e-07,0.9999968
8192,269,3.306184e-07,0.99999684
8192,270,3.1620252e-07,0.9999969
8192,271,3.1188014e-07,0.99999696
8192,272,3.0408063e-07,0.999997
8192,273,2.991944e-07,0.9999971
8192,274,2.948146e-07,0.99999714
8192,275,2.8779937e-07,0.9999972
8192,276,2.79219e-07,0.99999726
8192,277,2.7366832e-07,0.9999973
8192,278,2.66066e-07,0.9999974
8192,279,2.5595878e-07,0.99999744
8192,280,2.5180546e-07,0.9999975
8192,281,2.4783196e-07,0.99999756
8192,282,2.4368353e-07,0.9999976
8192,283,2.4026738e-07,0.9999977
8192,284,2.330412e-07,0.99999774
8192,285,2.2134208e-07,0.9999978
8192,286,2.2053011e-07,0.99999785
8192,287,2.1830132e-07,0.9999979
8192,288,2.141181e-07,0.999998
8192,289,2.1038802e-07,0.99999803
8192,290,2.0837204e-07,0.9999981
8192,291,1.9632147e-07,0.99999815
8192,292,1.8895489e-07,0.9999982
8192,293,1.8460949e-07,0.9999983
8192,294,1.83091e-07,0.99999833
8192,295,1.7729246e-07,0.9999984
8192,296,1.7522973e-07,0.99999845
8192,297,1.6925179e-07,0.9999985
8192,298,1.6689684e-07,0.99999857
8192,299,1.6161043e-07,0.9999986
8192,300,1.5998644e-07,0.9999987
8192,301,1.5309685e-07,0.99999875
8192,302,1.5080865e-07,0.9999988
8192,303,1.4664741e-07,0.99999887
8192,304,1.4106908e-07,0.9999989
8192,305,1.3847706e-07,0.999999
8192,306,1.3457337e-07,0.99999905
8192,307,1.316545e-07,0.9999991
8192,308,1.2868209e-07,0.99999917
8192,309,1.2579844e-07,0.9999992
8192,310,1.2276112e-07,0.9999993
8192,311,1.18417354e-07,0.9999993
8192,312,1.1659524e-07,0.9999993
8192,313,1.11865376e-07,0.9999993
8192,314,1.0761392e-07,0.9999993
8192,315,1.0552902e-07,0.9999993
8192,316,1.0403507e-07,0.9999993
8192,317,1.0185874e-07,0.9999993
8192,318,9.747375e-08,0.9999993
8192,319,9.5144564e-08,0.9999993
8192,320,9.3672504e-08,0.9999993
8192,321,8.9936925e-08,0.9999993
8192,322,8.840836e-08,0.9999993
8192,323,8.599842e-08,0.9999993
8192,324,8.312783e-08,0.9999993
8192,325,8.1157204e-08,0.9999993
8192,326,8.022262e-08,0.9999993
8192,327,7.727589e-08,0.9999993
8192,328,7.658901e-08,0.9999993
8192,329,7.427356e-08,0.9999993
8192,330,7.282834e-08,0.9999993
8192,331,6.996462e-08,0.9999993
8192,332,6.9442464e-08,0.9999993
8192,333,6.7078055e-08,0.9999993
8192,334,6.4568674e-08,0.9999993
8192,335,6.283759e-08,0.9999993
8192,336,6.184388e-08,0.9999993
8192,337,5.9504398e-08,0.9999993
8192,338,5.8104124e-08,0.9999993
8192,339,5.5229318e-08,0.9999993
8192,340,5.5001713e-08,0.9999993
8192,341,5.3561692e-08,0.9999993
8192,342,5.278541e-08,0.9999993
8192,343,4.9886257e-08,0.9999993
8192,344,4.9438146e-08,0.9999993
8192,345,4.858469e-08,0.9999993
8192,346,4.5098222e-08,0.9999993
8192,347,4.40661e-08,0.9999993
8192,348,4.2050043e-08,0.9999993
8192,349,4.1451667e-08,0.9999993
8192,350,4.0470965e-08,0.9999993
8192,351,3.9442345e-08,0.9999993
8192,352,3.8717225e-08,0.9999993
8192,353,3.6319054e-08,0.9999993
8192,354,3.4932587e-08,0.9999993
8192,355,3.452366e-08,0.9999993
8192,356,3.291763e-08,0.9999993
8192,357,3.263464e-08,0.9999993
8192,358,3.2001708e-08,0.9999993
8192,359,2.981844e-08,0.9999993
8192,360,2.8801754e-08,0.9999993
8192,361,2.8070195e-08,0.9999993
8192,362,2.691273e-08,0.9999993
8192,363,2.6677618e-08,0.9999993
8192,364,2.5149243e-08,0.9999993
8192,365,2.413268e-08,0.9999993
8192,366,2.3783638e-08,0.9999993
8192,367,2.2780796e-08,0.9999993
8192,368,2.1586647e-08,0.9999993
8192,369,2.147391e-08,0.9999993
8192,370,2.032344e-08,0.9999993
8192,371,1.954904e-08,0.9999993
8192,372,1.926827e-08,0.9999993
8192,373,1.8816124e-08,0.9999993
8192,374,1.7493447e-08,0.9999993
8192,375,1.696893e-08,0.9999993
8192,376,1.6378891e-08,0.9999993
8192,377,1.5546322e-08,0.9999993
8192,378,1.5416884e-08,0.9999993
8192,379,1.4680452e-08,0.9999993
8192,380,1.42428895e-08,0.9999993
8192,381,1.3791706e-08,0.9999993
8192,382,1.32838025e-08,0.9999993
8192,383,1.2531255e-08,0.9999993
8192,384,1.2466395e-08,0.9999993
8192,385,1.18875825e-08,0.9999993
8192,386,1.1591977e-08,0.9999993
8192,387,1.0780322e-08,0.9999993
8192,388,1.04117905e-08,0.9999993
8192,389,1.03991855e-08,0.9999993
8192,390,9.7468345e-09,0.9999993
8192,391,9.559163e-09,0.9999993
8192,392,9.107538e-09,0.9999993
8192,393,8.982854e-09,0.9999993
8192,394,8.557855e-09,0.9999993
8192,395,8.1368725e-09,0.9999993
8192,396,8.013255e-09,0.9999993
8192,397,7.3471895e-09,0.9999993
8192,398,7.004502e-09,0.9999993
8192,399,6.732956e-09,0.9999993
8192,400,6.682117e-09,0.9999993
8192,401,6.468741e-09,0.9999993
8192,402,6.1100587e-09,0.9999993
8192,403,5.580041e-09,0.9999993
8192,404,5.4686917e-09,0.9999993
8192,405,5.3720717e-09,0.9999993
8192,406,5.0080815e-09,0.9999993
8192,407,4.7790496e-09,0.9999993
8192,408,4.430992e-09,0.9999993
8192,409,4.371413e-09,0.9999993
8192,410,4.0510297e-09,0.9999993
8192,411,4.0335495e-09,0.9999993
8192,412,3.794278e-09,0.9999993
8192,413,3.7092145e-09,0.9999993
8192,414,3.4009688e-09,0.9999993
8192,415,3.3493128e-09,0.9999993
8192,416,3.079532e-09,0.9999993
8192,417,2.8551492e-09,0.9999993
8192,418,2.6573e-09,0.9999993
8192,419,2.4779663e-09,0.9999993
8192,420,2.2637985e-09,0.9999993
8192,421,2.1758162e-09,0.9999993
8192,422,2.0940085e-09,0.9999993
8192,423,1.734664e-09,0.9999993
8192,424,1.7207529e-09,0.9999993
8192,425,1.6820229e-09,0.9999993
8192,426,1.5381781e-09,0.9999993
8192,427,1.3999156e-09,0.9999993
8192,428,1.2428159e-09,0.9999993
8192,429,1.2089565e-09,0.9999993
8192,430,1.1269474e-09,0.9999993
8192,431,1.0364033e-09,0.9999993
8192,432,9.808833e-10,0.9999993
8192,433,9.560374e-10,0.9999993
8192,434,8.4837115e-10,0.9999993
8192,435,7.654513e-10,0.9999993
8192,436,6.9814104e-10,0.9999993
8192,437,6.3256816e-10,0.9999993
8192,438,5.735005e-10,0.9999993
8192,439,5.1897153e-10,0.9999993
8192,440,4.4818005e-10,0.9999993
8192,441,4.3001022e-10,0.9999993
8192,442,3.970677e-10,0.9999993
8192,443,3.739026e-10,0.9999993
8192,444,3.6047024e-10,0.9999993
8192,445,3.334142e-10,0.9999993
8192,446,2.9461433e-10,0.9999993
8192,447,2.8488667e-10,0.9999993
8192,448,2.7740638e-10,0.9999993
8192,449,2.4569122e-10,0.9999993
8192,450,2.2246022e-10,0.9999993
8192,451,1.9292432e-10,0.9999993
8192,452,1.8619425e-10,0.9999993
8192,453,1.8404682e-10,0.9999993
8192,454,1.7452803e-10,0.9999993
8192,455,1.6732118e-10,0.9999993
8192,456,1.5008127e-10,0.9999993
8192,457,1.369998e-10,0.9999993
8192,458,1.2826347e-10,0.9999993
8192,459,1.220656e-10,0.9999993
8192,460,1.11624945e-10,0.9999993
8192,461,1.0443362e-10,0.9999993
8192,462,9.921289e-11,0.9999993
8192,463,9.133234e-11,0.9999993
8192,464,8.8687856e-11,0.9999993
8192,465,8.357138e-11,0.9999993
8192,466,8.020518e-11,0.9999993
8192,467,7.845719e-11,0.9999993
8192,468,7.3298624e-11,0.9999993
8192,469,6.997196e-11,0.9999993
8192,470,6.7811395e-11,0.9999993
8192,471,6.635452e-11,0.9999993
8192,472,6.410294e-11,0.9999993
8192,473,5.8114506e-11,0.9999993
8192,474,5.4623122e-11,0.9999993
8192,475,5.1830432e-11,0.9999993
8192,476,4.8840994e-11,0.9999993
8192,477,4.7269955e-11,0.9999993
8192,478,4.5811688e-11,0.9999993
8192,479,4.4359922e-11,0.9999993
8192,480,4.2875266e-11,0.9999993
8192,481,4.2088766e-11,0.9999993
8192,482,3.8772013e-11,0.9999993
8192,483,3.6441582e-11,0.9999993
8192,484,3.5393716e-11,0.9999993
8192,485,3.42251e-11,0.9999993
8192,486,3.405392e-11,0.9999993
8192,487,3.3819992e-11,0.9999993
8192,488,3.329842e-11,0.9999993
8192,489,3.198071e-11,0.9999993
8192,490,3.1330872e-11,0.9999993
8192,491,2.983638e-11,0.9999993
8192,492,2.9098952e-11,0.9999993
8192,493,2.7662204e-11,0.9999993
8192,494,2.6914922e-11,0.9999993
8192,495,2.6048632e-11,0.9999993
8192,496,2.5066777e-11,0.9999993
8192,497,2.4523232e-11,0.9999993
8192,498,2.3202025e-11,0.9999993
8192,499,2.2970143e-11,0.9999993
8192,500,2.1826676e-11,0.9999993
8192,501,2.0826478e-11,0.9999993
8192,502,2.0231988e-11,0.9999993
8192,503,1.9716541e-11,0.9999993
8192,504,1.8776822e-11,0.9999993
8192,505,1.7551032e-11,0.9999993
8192,506,1.7209251e-11,0.9999993
8192,507,1.6469378e-11,0.9999993
8192,508,1.6076833e-11,0.9999993
8192,509,1.5482773e-11,0.9999993
8192,510,1.5005577e-11,0.9999993
8192,511,1.371173e-11,0.9999993
8192,512,1.3423187e-11,0.9999993
8192,513,1.3133739e-11,0.9999993
8192,514,1.2824849e-11,0.9999993
8192,515,1.19284894e-11,0.9999993
8192,516,1.17526214e-11,0.9999993
8192,517,1.1580209e-11,0.9999993
8192,518,1.1138507e-11,0.9999993
8192,519,1.0815406e-11,0.9999993
8192,520,1.04571785e-11,0.9999993
8192,521,9.808839e-12,0.9999993
8192,522,9.66824e-12,0.9999993
8192,523,9.027368e-12,0.9999993
8192,524,8.809019e-12,0.9999993
8192,525,8.690513e-12,0.9999993
8192,526,8.2775965e-12,0.9999993
8192,527,7.991611e-12,0.9999993
8192,528,7.742835e-12,0.9999993
8192,529,7.649592e-12,0.9999993
8192,530,7.48551e-12,0.9999993
8192,531,7.0370524e-12,0.9999993
8192,532,6.9063787e-12,0.9999993
8192,533,6.7327654e-12,0.9999993
8192,534,6.4502466e-12,0.9999993
8192,535,6.0218436e-12,0.9999993
8192,536,5.925954e-12,0.9999993
8192,537,5.8096006e-12,0.9999993
8192,538,5.5546327e-12,0.9999993
8192,539,5.2009894e-12,0.9999993
8192,540,5.1171524e-12,0.9999993
8192,541,4.978696e-12,0.9999993
8192,542,4.8059052e-12,0.9999993
8192,543,4.517111e-12,0.9999993
8192,544,4.4044924e-12,0.9999993
8192,545,4.3103793e-12,0.9999993
8192,546,4.1619373e-12,0.9999993
8192,547,3.9138007e-12,0.9999993
8192,548,3.8627955e-12,0.9999993
8192,549,3.7100193e-12,0.9999993
8192,550,3.5681002e-12,0.9999993
8192,551,3.4115892e-12,0.9999993
8192,552,3.2182642e-12,0.9999993
8192,553,3.1452182e-12,0.9999993
8192,554,3.0531651e-12,0.9999993
8192,555,2.949044e-12,0.9999993
8192,556,2.8964574e-12,0.9999993
8192,557,2.734824e-12,0.9999993
8192,558,2.5771397e-12,0.9999993
8192,559,2.5131672e-12,0.9999993
8192,560,2.4050267e-12,0.9999993
8192,561,2.3330968e-12,0.9999993
8192,562,2.2836203e-12,0.9999993
8192,563,2.1805333e-12,0.9999993
8192,564,2.167825e-12,0.9999993
8192,565,2.083669e-12,0.9999993
8192,566,1.9634927e-12,0.9999993
8192,567,1.8844577e-12,0.9999993
8192,568,1.7419491e-12,0.9999993
8192,569,1.6823202e-12,0.9999993
8192,570,1.6343428e-12,0.9999993
8192,571,1.5662322e-12,0.9999993
8192,572,1.5198654e-12,0.9999993
8192,573,1.4241084e-12,0.9999993
8192,574,1.3176316e-12,0.9999993
8192,575,1.2730676e-12,0.9999993
8192,576,1.1687556e-12,0.9999993
8192,577,1.1343439e-12,0.9999993
8192,578,1.0757703e-12,0.9999993
8192,579,1.0628163e-12,0.9999993
8192,580,1.0457115e-12,0.9999993
8192,581,1.0009177e-12,0.9999993
8192,582,9.0276473e-13,0.9999993
8192,583,8.76287e-13,0.9999993
8192,584,8.3720184e-13,0.9999993
8192,585,7.828431e-13,0.9999993
8192,586,7.2572823e-13,0.9999993
8192,587,6.777268e-13,0.9999993
8192,588,6.40771e-13,0.9999993
8192,589,6.132105e-13,0.9999993
8192,590,5.7528906e-13,0.9999993
8192,591,5.6245357e-13,0.9999993
8192,592,4.942099e-13,0.9999993
8192,593,4.3961373e-13,0.9999993
8192,594,4.1056646e-13,0.9999993
8192,595,3.8330802e-13,0.9999993
8192,596,3.7331932e-13,0.9999993
8192,597,3.5930642e-13,0.9999993
8192,598,3.380319e-13,0.9999993
8192,599,3.2850776e-13,0.9999993
8192,600,3.0190488e-13,0.9999993
8192,601,2.952605e-13,0.9999993
8192,602,2.734996e-13,0.9999993
8192,603,2.5081938e-13,0.9999993
8192,604,2.411339e-13,0.9999993
8192,605,2.3432338e-13,0.9999993
8192,606,2.0821702e-13,0.9999993
8192,607,1.891481e-13,0.9999993
8192,608,1.8126731e-13,0.9999993
8192,609,1.7120843e-13,0.9999993
8192,610,1.6214176e-13,0.9999993
8192,611,1.5463466e-13,0.9999993
8192,612,1.4220908e-13,0.9999993
8192,613,1.319177e-13,0.9999993
8192,614,1.2856427e-13,0.9999993
8192,615,1.2037981e-13,0.9999993
8192,616,1.1705295e-13,0.9999993
8192,617,1.12312815e-13,0.9999993
8192,618,9.97211e-14,0.9999993
8192,619,9.272414e-14,0.9999993
8192,620,8.938498e-14,0.9999993
8192,621,8.405122e-14,0.9999993
8192,622,7.662379e-14,0.9999993
8192,623,6.797824e-14,0.9999993
8192,624,5.911395e-14,0.9999993
8192,625,5.6680602e-14,0.9999993
8192,626,5.5114384e-14,0.9999993
8192,627,5.2655698e-14,0.9999993
8192,628,4.9995205e-14,0.9999993
8192,629,4.3733067e-14,0.9999993
8192,630,3.8423017e-14,0.9999993
8192,631,3.7108686e-14,0.9999993
8192,632,3.3732433e-14,0.9999993
8192,633,2.8723063e-14,0.9999993
8192,634,2.147842e-14,0.9999993
8192,635,1.4411258e-14,0.9999993
8192,636,1.3592093e-14,0.9999993
8192,637,1.0541099e-14,0.9999993
8192,638,7.982367e-15,0.9999993
8192,639,2.542058e-15,0.9999993
8192,640,3.5030252e-16,0.9999993
16384,1,3.5332847,0.8832445
16384,2,0.22931297,0.9405678
16384,3,0.086556174,0.96220493
16384,4,0.046299282,0.9737787
16384,5,0.0195866,0.97867495
16384,6,0.015607054,0.9825764
16384,7,0.011361848,0.9854166
16384,8,0.009182128,0.9877119
16384,9,0.006068433,0.9892289
16384,10,0.0048306356,0.99043643
16384,11,0.003780849,0.9913816
16384,12,0.0033866887,0.9922282
16384,13,0.003166031,0.99301964
16384,14,0.002747941,0.9937066
16384,15,0.0022497287,0.99426895
16384,16,0.0019773056,0.99476326
16384,17,0.0016548488,0.9951769
16384,18,0.0015118563,0.99555486
16384,19,0.0013801337,0.99589986
16384,20,0.0011929808,0.99619806
16384,21,0.0010157984,0.996452
16384,22,0.00094133726,0.9966873
16384,23,0.000861723,0.9969027
16384,24,0.00082992594,0.9971102
16384,25,0.00075773086,0.9972996
16384,26,0.00070647954,0.9974762
16384,27,0.00063169154,0.9976341
16384,28,0.0006222757,0.9977897
16384,29,0.0005535583,0.9979281
16384,30,0.00048511152,0.9980494
16384,31,0.00046043366,0.9981645
16384,32,0.00040956648,0.9982669
16384,33,0.00038066445,0.998362
16384,34,0.00034091304,0.99844724
16384,35,0.00031984883,0.99852717
16384,36,0.00030563882,0.9986036
16384,37,0.00025713164,0.99866784
16384,38,0.00025044454,0.9987304
16384,39,0.0002336123,0.99878883
16384,40,0.0002100849,0.99884135
16384,41,0.00019124229,0.99888915
16384,42,0.00017931541,0.998934
16384,43,0.00017067518,0.99897665
16384,44,0.0001645141,0.9990178
16384,45,0.00014601732,0.99905425
16384,46,0.00014397285,0.99909025
16384,47,0.000139551,0.9991251
16384,48,0.00013067876,0.9991578
16384,49,0.0001231689,0.9991886
16384,50,0.00011682494,0.9992178
16384,51,0.00011155437,0.9992457
16384,52,0.00010684054,0.9992724
16384,53,0.00010232247,0.999298
16384,54,9.810797e-05,0.9993225
16384,55,9.0168665e-05,0.999345
16384,56,8.8198285e-05,0.99936706
16384,57,8.6094944e-05,0.9993886
16384,58,8.3677856e-05,0.9994095
16384,59,7.955208e-05,0.9994294
16384,60,7.701587e-05,0.99944866
16384,61,7.247595e-05,0.9994668
16384,62,7.058277e-05,0.9994844
16384,63,6.8456924e-05,0.9995015
16384,64,6.346908e-05,0.9995174
16384,65,6.126084e-05,0.9995327
16384,66,6.003873e-05,0.9995477
16384,67,5.7486504e-05,0.9995621
16384,68,5.5829732e-05,0.99957603
16384,69,5.5243523e-05,0.99958986
16384,70,5.4295375e-05,0.99960345
16384,71,4.9389033e-05,0.9996158
16384,72,4.7142796e-05,0.9996276
16384,73,4.582553e-05,0.99963903
16384,74,4.425377e-05,0.9996501
16384,75,4.232336e-05,0.99966073
16384,76,4.100838e-05,0.999671
16384,77,3.8551287e-05,0.99968064
16384,78,3.65237e-05,0.99968976
16384,79,3.580469e-05,0.9996987
16384,80,3.3122185e-05,0.999707
16384,81,3.260062e-05,0.99971515
16384,82,3.138392e-05,0.999723
16384,83,3.0256277e-05,0.9997306
16384,84,2.9282539e-05,0.9997379
16384,85,2.863753e-05,0.9997451
16384,86,2.7975062e-05,0.99975204
16384,87,2.7342536e-05,0.9997589
16384,88,2.6398828e-05,0.9997655
16384,89,2.4622259e-05,0.99977165
16384,90,2.4529865e-05,0.9997778
16384,91,2.3518196e-05,0.9997837
16384,92,2.264404e-05,0.99978936
16384,93,2.1719e-05,0.9997948
16384,94,2.1066899e-05,0.9998
16384,95,2.0641392e-05,0.9998052
16384,96,2.0000534e-05,0.9998102
16384,97,1.9602592e-05,0.9998151
16384,98,1.9081066e-05,0.9998199
16384,99,1.8753266e-05,0.9998246
16384,100,1.7829534e-05,0.99982905
16384,101,1.7011747e-05,0.9998333
16384,102,1.6112095e-05,0.99983734
16384,103,1.585681e-05,0.99984133
16384,104,1.5548701e-05,0.9998452
16384,105,1.5147571e-05,0.999849
16384,106,1.49902335e-05,0.9998528
16384,107,1.4033183e-05,0.9998563
16384,108,1.3704812e-05,0.9998597
16384,109,1.3469362e-05,0.999863
16384,110,1.33862795e-05,0.99986637
16384,111,1.2893926e-05,0.9998696
16384,112,1.2470038e-05,0.9998727
16384,113,1.18580865e-05,0.99987566
16384,114,1.1734379e-05,0.9998786
16384,115,1.15155835e-05,0.99988145
16384,116,1.135744e-05,0.9998843
16384,117,1.0952452e-05,0.99988705
16384,118,1.0906945e-05,0.9998898
16384,119,1.0670758e-05,0.9998925
16384,120,1.0629071e-05,0.99989516
16384,121,9.91167e-06,0.99989766
16384,122,9.697157e-06,0.9999001
16384,123,9.389783e-06,0.9999024
16384,124,9.138445e-06,0.9999047
16384,125,8.855137e-06,0.9999069
16384,126,8.824994e-06,0.9999091
16384,127,8.573107e-06,0.99991125
16384,128,8.331319e-06,0.99991333
16384,129,8.089729e-06,0.99991536
16384,130,7.893018e-06,0.9999173
16384,131,7.716678e-06,0.99991924
16384,132,7.694199e-06,0.99992114
16384,133,7.336689e-06,0.999923
16384,134,7.2334215e-06,0.9999248
16384,135,7.1296276e-06,0.99992657
16384,136,6.810992e-06,0.9999283
16384,137,6.6406924e-06,0.99992996
16384,138,6.4564106e-06,0.9999316
16384,139,6.2591425e-06,0.9999331
16384,140,6.152507e-06,0.9999347
16384,141,5.98329e-06,0.99993616
16384,142,5.704585e-06,0.9999376
16384,143,5.6089852e-06,0.999939
16384,144,5.535539e-06,0.9999404
16384,145,5.416638e-06,0.99994177
16384,146,5.100435e-06,0.999943
16384,147,5.075758e-06,0.99994427
16384,148,4.9979617e-06,0.9999455
16384,149,4.9399882e-06,0.9999468
16384,150,4.8136885e-06,0.99994797
16384,151,4.709068e-06,0.99994916
16384,152,4.6353252e-06,0.9999503
16384,153,4.4648987e-06,0.9999514
16384,154,4.3602136e-06,0.9999525
16384,155,4.2189317e-06,0.99995357
16384,156,4.0552936e-06,0.9999546
16384,157,4.003247e-06,0.9999556
16384,158,3.9533315e-06,0.9999566
16384,159,3.907681e-06,0.99995756
16384,160,3.8047317e-06,0.9999585
16384,161,3.6953236e-06,0.9999594
16384,162,3.5651535e-06,0.9999603
16384,163,3.51492e-06,0.9999612
16384,164,3.4322422e-06,0.99996203
16384,165,3.2609323e-06,0.99996287
16384,166,3.192193e-06,0.99996364
16384,167,3.1426666e-06,0.9999644
16384,168,3.123331e-06,0.9999652
16384,169,3.0346362e-06,0.99996597
16384,170,2.9749617e-06,0.9999667
16384,171,2.888285e-06,0.9999674
16384,172,2.769652e-06,0.9999681
16384,173,2.75761e-06,0.9999688
16384,174,2.7083768e-06,0.9999695
16384,175,2.6523446e-06,0.99997014
16384,176,2.5961197e-06,0.9999708
16384,177,2.5376778e-06,0.99997145
16384,178,2.5082431e-06,0.9999721
16384,179,2.389489e-06,0.9999727
16384,180,2.3748262e-06,0.9999733
16384,181,2.3452544e-06,0.9999739
16384,182,2.285738e-06,0.9999745
16384,183,2.2799234e-06,0.9999751
16384,184,2.227082e-06,0.9999756
16384,185,2.152448e-06,0.99997616
16384,186,2.136416e-06,0.9999767
16384,187,2.11631e-06,0.99997723
16384,188,2.032897e-06,0.99997777
16384,189,2.0057073e-06,0.99997824
16384,190,1.9521683e-06,0.9999787
16384,191,1.895114e-06,0.9999792
16384,192,1.8718139e-06,0.9999797
16384,193,1.8016835e-06,0.99998015
16384,194,1.7892199e-06,0.9999806
16384,195,1.7601739e-06,0.99998105
16384,196,1.7181958e-06,0.99998146
16384,197,1.6987581e-06,0.9999819
16384,198,1.6615196e-06,0.9999823
16384,199,1.6278525e-06,0.9999827
16384,200,1.5970733e-06,0.99998313
16384,201,1.5669825e-06,0.99998355
16384,202,1.5592465e-06,0.99998397
16384,203,1.5160849e-06,0.9999843
16384,204,1.4581116e-06,0.9999847
16384,205,1.4287637e-06,0.99998504
16384,206,1.4162163e-06,0.9999854
16384,207,1.388986e-06,0.99998575
16384,208,1.3290731e-06,0.9999861
16384,209,1.3265046e-06,0.99998647
16384,210,1.2638797e-06,0.99998677
16384,211,1.2421464e-06,0.99998707
16384,212,1.217636e-06,0.99998736
16384,213,1.196321e-06,0.99998766
16384,214,1.1530024e-06,0.99998796
16384,215,1.133891e-06,0.99998826
16384,216,1.127344e-06,0.99998856
16384,217,1.0773475e-06,0.99998885
16384,218,1.0585806e-06,0.9999891
16384,219,1.0414186e-06,0.99998933
16384,220,1.0333655e-06,0.99998957
16384,221,9.92219e-07,0.9999898
16384,222,9.848343e-07,0.99999005
16384,223,9.63215e-07,0.9999903
16384,224,9.5280535e-07,0.9999905
16384,225,9.080851e-07,0.99999076
16384,226,9.029768e-07,0.999991
16384,227,8.7724294e-07,0.99999124
16384,228,8.7506834e-07,0.9999915
16384,229,8.543347e-07,0.9999917
16384,230,8.127278e-07,0.9999919
16384,231,8.040607e-07,0.9999921
16384,232,7.9691245e-07,0.99999225
16384,233,7.8473784e-07,0.99999243
16384,234,7.6527016e-07,0.9999926
16384,235,7.411549e-07,0.9999928
16384,236,7.1800895e-07,0.99999297
16384,237,7.1336785e-07,0.99999315
16384,238,6.9984327e-07,0.9999933
16384,239,6.758206e-07,0.9999935
16384,240,6.6768706e-07,0.9999937
16384,241,6.5246104e-07,0.99999386
16384,242,6.307958e-07,0.99999404
16384,243,6.1591066e-07,0.9999942
16384,244,6.0093373e-07,0.9999944
16384,245,5.89242e-07,0.9999945
16384,246,5.800181e-07,0.99999464
16384,247,5.705995e-07,0.99999475
16384,248,5.5578437e-07,0.9999949
16384,249,5.4784795e-07,0.999995
16384,250,5.385489e-07,0.9999951
16384,251,5.1542594e-07,0.99999523
16384,252,5.0466826e-07,0.99999535
16384,253,5.009983e-07,0.99999547
16384,254,4.81961e-07,0.9999956
16384,255,4.702032e-07,0.9999957
16384,256,4.5771196e-07,0.9999958
16384,257,4.488451e-07,0.99999595
16384,258,4.4217956e-07,0.99999607
16384,259,4.4044785e-07,0.9999962
16384,260,4.1454362e-07,0.9999963
16384,261,4.0409876e-07,0.9999964
16384,262,4.0224919e-07,0.99999654
16384,263,3.8823876e-07,0.99999666
16384,264,3.7066764e-07,0.9999968
16384,265,3.643639e-07,0.9999969
16384,266,3.5470026e-07,0.99999696
16384,267,3.5229158e-07,0.999997
16384,268,3.4790273e-07,0.9999971
16384,269,3.3820405e-07,0.99999714
16384,270,3.2692864e-07,0.9999972
16384,271,3.1437838e-07,0.99999726
16384,272,3.1268473e-07,0.9999973
16384,273,3.062775e-07,0.9999974
16384,274,3.0494328e-07,0.99999744
16384,275,2.9814177e-07,0.9999975
16384,276,2.8863832e-07,0.99999756
16384,277,2.7827645e-07,0.9999976
16384,278,2.747784e-07,0.9999977
16384,279,2.6730234e-07,0.99999774
16384,280,2.563866e-07,0.9999978
16384,281,2.5352654e-07,0.99999785
16384,282,2.5066626e-07,0.9999979
16384,283,2.4464205e-07,0.999998
16384,284,2.3884226e-07,0.99999803
16384,285,2.3208209e-07,0.9999981
16384,286,2.2496839e-07,0.99999815
16384,287,2.209782e-07,0.9999982
16384,288,2.1682776e-07,0.9999983
16384,289,2.1592807e-07,0.99999833
16384,290,2.0761321e-07,0.9999984
16384,291,2.052188e-07,0.99999845
16384,292,1.9493768e-07,0.9999985
16384,293,1.9111951e-07,0.99999857
16384,294,1.8676776e-07,0.9999986
16384,295,1.8298357e-07,0.9999987
16384,296,1.8001984e-07,0.99999875
16384,297,1.7458213e-07,0.9999988
16384,298,1.73129e-07,0.99999887
16384,299,1.662858e-07,0.9999989
16384,300,1.6454457e-07,0.999999
16384,301,1.5636073e-07,0.99999905
16384,302,1.5384059e-07,0.9999991
16384,303,1.5268661e-07,0.99999917
16384,304,1.4515012e-07,0.9999992
16384,305,1.4343296e-07,0.9999993
16384,306,1.3785348e-07,0.99999934
16384,307,1.3504113e-07,0.9999994
16384,308,1.3344291e-07,0.99999946
16384,309,1.3111836e-07,0.9999995
16384,310,1.2677653e-07,0.9999996
16384,311,1.2249485e-07,0.99999964
16384,312,1.1995924e-07,0.9999997
16384,313,1.15716e-07,0.9999997
16384,314,1.1285353e-07,0.9999997
16384,315,1.0964452e-07,0.9999997
16384,316,1.0838158e-07,0.9999997
16384,317,1.05200435e-07,0.9999997
16384,318,9.984802e-08,0.9999997
16384,319,9.694466e-08,0.9999997
16384,320,9.527749e-08,0.9999997
16384,321,9.198883e-08,0.9999997
16384,322,9.158793e-08,0.9999997
16384,323,9.037796e-08,0.9999997
16384,324,8.6598405e-08,0.9999997
16384,325,8.467062e-08,0.9999997
16384,326,8.178132e-08,0.9999997
16384,327,8.139522e-08,0.9999997
16384,328,7.904936e-08,0.9999997
16384,329,7.7086334e-08,0.9999997
16384,330,7.654696e-08,0.9999997
16384,331,7.276309e-08,0.9999997
16384,332,7.1288184e-08,0.9999997
16384,333,6.966665e-08,0.9999997
16384,334,6.672926e-08,0.9999997
16384,335,6.473259e-08,0.9999997
16384,336,6.2211996e-08,0.9999997
16384,337,6.154863e-08,0.9999997
16384,338,6.017524e-08,0.9999997
16384,339,5.7482538e-08,0.9999997
16384,340,5.638185e-08,0.9999997
16384,341,5.5467126e-08,0.9999997
16384,342,5.4106543e-08,0.9999997
16384,343,5.1727916e-08,0.9999997
16384,344,5.0395e-08,0.9999997
16384,345,4.87163e-08,0.9999997
16384,346,4.704199e-08,0.9999997
16384,347,4.4936396e-08,0.9999997
16384,348,4.3721563e-08,0.9999997
16384,349,4.2986304e-08,0.9999997
16384,350,4.1767432e-08,0.9999997
16384,351,4.0848832e-08,0.9999997
16384,352,3.9679396e-08,0.9999997
16384,353,3.7641897e-08,0.9999997
16384,354,3.6456367e-08,0.9999997
16384,355,3.580891e-08,0.9999997
16384,356,3.5049318e-08,0.9999997
16384,357,3.3668766e-08,0.9999997
16384,358,3.3404376e-08,0.9999997
16384,359,3.123783e-08,0.9999997
16384,360,3.022903e-08,0.9999997
16384,361,2.8982527e-08,0.9999997
16384,362,2.7461999e-08,0.9999997
16384,363,2.6921342e-08,0.9999997
16384,364,2.5707559e-08,0.9999997
16384,365,2.495638e-08,0.9999997
16384,366,2.3907244e-08,0.9999997
16384,367,2.305057e-08,0.9999997
16384,368,2.2301881e-08,0.9999997
16384,369,2.1751971e-08,0.9999997
16384,370,2.0912935e-08,0.9999997
16384,371,2.0278266e-08,0.9999997
16384,372,2.017889e-08,0.9999997
16384,373,1.9227702e-08,0.9999997
16384,374,1.8647683e-08,0.9999997
16384,375,1.7874402e-08,0.9999997
16384,376,1.7041184e-08,0.9999997
16384,377,1.638846e-08,0.9999997
16384,378,1.5907107e-08,0.9999997
16384,379,1.5251738e-08,0.9999997
16384,380,1.4568141e-08,0.9999997
16384,381,1.4068542e-08,0.9999997
16384,382,1.3668976e-08,0.9999997
16384,383,1.3374928e-08,0.9999997
16384,384,1.2847792e-08,0.9999997
16384,385,1.24414505e-08,0.9999997
16384,386,1.1895349e-08,0.9999997
16384,387,1.111385e-08,0.9999997
16384,388,1.0994798e-08,0.9999997
16384,389,1.0582091e-08,0.9999997
16384,390,1.0065056e-08,0.9999997
16384,391,9.727014e-09,0.9999997
16384,392,9.46954e-09,0.9999997
16384,393,9.293564e-09,0.9999997
16384,394,8.922874e-09,0.9999997
16384,395,8.54474e-09,0.9999997
16384,396,8.267144e-09,0.9999997
16384,397,7.560324e-09,0.9999997
16384,398,7.2897026e-09,0.9999997
16384,399,7.052115e-09,0.9999997
16384,400,6.8541146e-09,0.9999997
16384,401,6.847667e-09,0.9999997
16384,402,6.2677623e-09,0.9999997
16384,403,5.755167e-09,0.9999997
16384,404,5.734141e-09,0.9999997
16384,405,5.671625e-09,0.9999997
16384,406,5.301677e-09,0.9999997
16384,407,5.0164775e-09,0.9999997
16384,408,4.708632e-09,0.9999997
16384,409,4.496541e-09,0.9999997
16384,410,4.219536e-09,0.9999997
16384,411,4.106637e-09,0.9999997
16384,412,4.0426635e-09,0.9999997
16384,413,3.8921573e-09,0.9999997
16384,414,3.5564758e-09,0.9999997
16384,415,3.46205e-09,0.9999997
16384,416,3.2010987e-09,0.9999997
16384,417,2.944139e-09,0.9999997
16384,418,2.7690323e-09,0.9999997
16384,419,2.5763303e-09,0.9999997
16384,420,2.308747e-09,0.9999997
16384,421,2.246374e-09,0.9999997
16384,422,2.1764885e-09,0.9999997
16384,423,1.8332855e-09,0.9999997
16384,424,1.7772349e-09,0.9999997
16384,425,1.7664457e-09,0.9999997
16384,426,1.6510328e-09,0.9999997
16384,427,1.4101988e-09,0.9999997
16384,428,1.2825363e-09,0.9999997
16384,429,1.239535e-09,0.9999997
16384,430,1.1178982e-09,0.9999997
16384,431,1.105141e-09,0.9999997
16384,432,1.066598e-09,0.9999997
16384,433,9.639521e-10,0.9999997
16384,434,9.0248314e-10,0.9999997
16384,435,7.8516066e-10,0.9999997
16384,436,7.4151907e-10,0.9999997
16384,437,6.7241157e-10,0.9999997
16384,438,5.880058e-10,0.9999997
16384,439,5.441725e-10,0.9999997
16384,440,4.9712456e-10,0.9999997
16384,441,4.1619655e-10,0.9999997
16384,442,4.027266e-10,0.9999997
16384,443,3.9379325e-10,0.9999997
16384,444,3.759166e-10,0.9999997
16384,445,3.6436335e-10,0.9999997
16384,446,3.2213113e-10,0.9999997
16384,447,2.9711655e-10,0.9999997
16384,448,2.8123168e-10,0.9999997
16384,449,2.2440658e-10,0.9999997
16384,450,2.0775968e-10,0.9999997
16384,451,2.0263567e-10,0.9999997
16384,452,1.9750547e-10,0.9999997
16384,453,1.8460886e-10,0.9999997
16384,454,1.8137918e-10,0.9999997
16384,455,1.7536038e-10,0.9999997
16384,456,1.541058e-10,0.9999997
16384,457,1.4100718e-10,0.9999997
16384,458,1.3487639e-10,0.9999997
16384,459,1.3064393e-10,0.9999997
16384,460,1.1282479e-10,0.9999997
16384,461,1.0884755e-10,0.9999997
16384,462,1.0458957e-10,0.9999997
16384,463,9.618345e-11,0.9999997
16384,464,9.1311216e-11,0.9999997
16384,465,8.764676e-11,0.9999997
16384,466,8.409344e-11,0.9999997
16384,467,8.244285e-11,0.9999997
16384,468,7.7202e-11,0.9999997
16384,469,7.2199594e-11,0.9999997
16384,470,7.0837405e-11,0.9999997
16384,471,6.7277954e-11,0.9999997
16384,472,6.6061635e-11,0.9999997
16384,473,6.1008865e-11,0.9999997
16384,474,5.6780376e-11,0.9999997
16384,475,5.4184292e-11,0.9999997
16384,476,5.1244564e-11,0.9999997
16384,477,5.01852e-11,0.9999997
16384,478,4.747279e-11,0.9999997
16384,479,4.6320434e-11,0.9999997
16384,480,4.47376e-11,0.9999997
16384,481,4.433287e-11,0.9999997
16384,482,4.0480435e-11,0.9999997
16384,483,3.808631e-11,0.9999997
16384,484,3.766377e-11,0.9999997
16384,485,3.7553377e-11,0.9999997
16384,486,3.6587088e-11,0.9999997
16384,487,3.4899684e-11,0.9999997
16384,488,3.430562e-11,0.9999997
16384,489,3.4086508e-11,0.9999997
16384,490,3.2804287e-11,0.9999997
16384,491,3.1220544e-11,0.9999997
16384,492,3.053584e-11,0.9999997
16384,493,2.9075114e-11,0.9999997
16384,494,2.7675976e-11,0.9999997
16384,495,2.7459543e-11,0.9999997
16384,496,2.637491e-11,0.9999997
16384,497,2.520545e-11,0.9999997
16384,498,2.4474306e-11,0.9999997
16384,499,2.4125387e-11,0.9999997
16384,500,2.2971167e-11,0.9999997
16384,501,2.1727448e-11,0.9999997
16384,502,2.1483088e-11,0.9999997
16384,503,2.0568972e-11,0.9999997
16384,504,1.9326131e-11,0.9999997
16384,505,1.829027e-11,0.9999997
16384,506,1.7742106e-11,0.9999997
16384,507,1.742753e-11,0.9999997
16384,508,1.6606013e-11,0.9999997
16384,509,1.5903081e-11,0.9999997
16384,510,1.5384041e-11,0.9999997
16384,511,1.453548e-11,0.9999997
16384,512,1.40893035e-11,0.9999997
16384,513,1.3869366e-11,0.9999997
16384,514,1.3482781e-11,0.9999997
16384,515,1.2872516e-11,0.9999997
16384,516,1.26248925e-11,0.9999997
16384,517,1.2045252e-11,0.9999997
16384,518,1.1823666e-11,0.9999997
16384,519,1.135798e-11,0.9999997
16384,520,1.0750128e-11,0.9999997
16384,521,1.0494226e-11,0.9999997
16384,522,9.9830205e-12,0.9999997
16384,523,9.590638e-12,0.9999997
16384,524,9.339813e-12,0.9999997
16384,525,8.944316e-12,0.9999997
16384,526,8.562389e-12,0.9999997
16384,527,8.437549e-12,0.9999997
16384,528,8.200977e-12,0.9999997
16384,529,7.89315e-12,0.9999997
16384,530,7.81917e-12,0.9999997
16384,531,7.464031e-12,0.9999997
16384,532,7.2397865e-12,0.9999997
16384,533,7.0446895e-12,0.9999997
16384,534,6.7422313e-12,0.9999997
16384,535,6.49859e-12,0.9999997
16384,536,6.220588e-12,0.9999997
16384,537,6.211122e-12,0.9999997
16384,538,5.814769e-12,0.9999997
16384,539,5.4115835e-12,0.9999997
16384,540,5.372627e-12,0.9999997
16384,541,5.2931253e-12,0.9999997
16384,542,5.023066e-12,0.9999997
16384,543,4.8544606e-12,0.9999997
16384,544,4.6563183e-12,0.9999997
16384,545,4.484788e-12,0.9999997
16384,546,4.4412963e-12,0.9999997
16384,547,4.1593465e-12,0.9999997
16384,548,4.1119413e-12,0.9999997
16384,549,3.8075146e-12,0.9999997
16384,550,3.672391e-12,0.9999997
16384,551,3.5322901e-12,0.9999997
16384,552,3.424289e-12,0.9999997
16384,553,3.3614223e-12,0.9999997
16384,554,3.186771e-12,0.9999997
16384,555,3.1502906e-12,0.9999997
16384,556,3.031123e-12,0.9999997
16384,557,2.8238776e-12,0.9999997
16384,558,2.7492082e-12,0.9999997
16384,559,2.617875e-12,0.9999997
16384,560,2.5958166e-12,0.9999997
16384,561,2.4695992e-12,0.9999997
16384,562,2.4087132e-12,0.9999997
16384,563,2.3558607e-12,0.9999997
16384,564,2.315154e-12,0.9999997
16384,565,2.130967e-12,0.9999997
16384,566,2.0402948e-12,0.9999997
16384,567,1.963569e-12,0.9999997
16384,568,1.8470594e-12,0.9999997
16384,569,1.8044164e-12,0.9999997
16384,570,1.7333842e-12,0.9999997
16384,571,1.6703346e-12,0.9999997
16384,572,1.6038083e-12,0.9999997
16384,573,1.5019102e-12,0.9999997
16384,574,1.4065624e-12,0.9999997
16384,575,1.3513148e-12,0.9999997
16384,576,1.2548463e-12,0.9999997
16384,577,1.1864572e-12,0.9999997
16384,578,1.1426926e-12,0.9999997
16384,579,1.1358327e-12,0.9999997
16384,580,1.1087912e-12,0.9999997
16384,581,1.0473022e-12,0.9999997
16384,582,9.520542e-13,0.9999997
16384,583,9.413388e-13,0.9999997
16384,584,8.980371e-13,0.9999997
16384,585,8.052823e-13,0.9999997
16384,586,7.7567596e-13,0.9999997
16384,587,7.138123e-13,0.9999997
16384,588,6.673709e-13,0.9999997
16384,589,6.341417e-13,0.9999997
16384,590,5.984635e-13,0.9999997
16384,591,5.9475466e-13,0.9999997
16384,592,5.0764194e-13,0.9999997
16384,593,4.751708e-13,0.9999997
16384,594,4.3454194e-13,0.9999997
16384,595,3.9787105e-13,0.9999997
16384,596,3.9545897e-13,0.9999997
16384,597,3.7155457e-13,0.9999997
16384,598,3.5611168e-13,0.9999997
16384,599,3.3511537e-13,0.9999997
16384,600,3.1483128e-13,0.9999997
16384,601,3.065794e-13,0.9999997
16384,602,2.8780117e-13,0.9999997
16384,603,2.6436795e-13,0.9999997
16384,604,2.5789096e-13,0.9999997
16384,605,2.4624058e-13,0.9999997
16384,606,2.2264432e-13,0.9999997
16384,607,2.0409161e-13,0.9999997
16384,608,1.9551408e-13,0.9999997
16384,609,1.7893845e-13,0.9999997
16384,610,1.6864768e-13,0.9999997
16384,611,1.6393472e-13,0.9999997
16384,612,1.5270425e-13,0.9999997
16384,613,1.3745129e-13,0.9999997
16384,614,1.326978e-13,0.9999997
16384,615,1.2122825e-13,0.9999997
16384,616,1.0430816e-13,0.9999997
16384,617,1.04181956e-13,0.9999997
16384,618,9.851133e-14,0.9999997
16384,619,9.192302e-14,0.9999997
16384,620,8.998085e-14,0.9999997
16384,621,8.1674535e-14,0.9999997
16384,622,7.775508e-14,0.9999997
16384,623,7.370427e-14,0.9999997
16384,624,6.537676e-14,0.9999997
16384,625,6.4568346e-14,0.9999997
16384,626,6.377474e-14,0.9999997
16384,627,5.895012e-14,0.9999997
16384,628,5.606179e-14,0.9999997
16384,629,5.2922287e-14,0.9999997
16384,630,4.5860115e-14,0.9999997
16384,631,3.9812605e-14,0.9999997
16384,632,3.5843612e-14,0.9999997
16384,633,3.1064567e-14,0.9999997
16384,634,2.3209673e-14,0.9999997
16384,635,1.527675e-14,0.9999997
16384,636,1.427126e-14,0.9999997
16384,637,1.1140466e-14,0.9999997
16384,638,8.615162e-15,0.9999997
16384,639,2.6978433e-15,0.9999997
16384,640,3.733756e-16,0.9999997
65536,1,3.5371685,0.88320947
65536,2,0.2323382,0.9412229
65536,3,0.08513483,0.96248055
65536,4,0.04600189,0.97396696
65536,5,0.019174142,0.97875464
65536,6,0.015628438,0.98265696
65536,7,0.011320783,0.9854837
65536,8,0.009004126,0.987732
65536,9,0.0061203497,0.9892602
65536,10,0.004796353,0.99045783
65536,11,0.0037803575,0.9914018
65536,12,0.0033724278,0.9922439
65536,13,0.003191975,0.9930409
65536,14,0.0026973144,0.99371445
65536,15,0.0022584912,0.9942784
65536,16,0.0020015433,0.99477816
65536,17,0.0016256026,0.99518406
65536,18,0.0015100547,0.9955611
65536,19,0.001397477,0.99591005
65536,20,0.001192457,0.9962078
65536,21,0.0010053696,0.9964588
65536,22,0.0009449003,0.99669474
65536,23,0.0008590218,0.99690926
65536,24,0.000819148,0.9971138
65536,25,0.0007595977,0.9973035
65536,26,0.0007121544,0.9974813
65536,27,0.0006293776,0.99763846
65536,28,0.00060963165,0.9977907
65536,29,0.00055489625,0.9979293
65536,30,0.0004883014,0.9980512
65536,31,0.0004571845,0.99816537
65536,32,0.00041337084,0.9982686
65536,33,0.0003812915,0.9983638
65536,34,0.00033825403,0.99844825
65536,35,0.0003144449,0.99852675
65536,36,0.00031023455,0.99860424
65536,37,0.0002584681,0.9986688
65536,38,0.0002509113,0.99873143
65536,39,0.00023052197,0.998789
65536,40,0.00020886831,0.99884117
65536,41,0.00018917696,0.9988884
65536,42,0.0001784829,0.99893296
65536,43,0.00016940465,0.9989753
65536,44,0.00016144074,0.99901557
65536,45,0.00014842015,0.99905264
65536,46,0.00014190153,0.99908805
65536,47,0.00013914431,0.9991228
65536,48,0.00013065251,0.9991554
65536,49,0.0001243432,0.99918646
65536,50,0.0001182818,0.999216
65536,51,0.00011195968,0.999244
65536,52,0.00010580773,0.9992704
65536,53,0.0001009151,0.9992956
65536,54,9.870771e-05,0.99932027
65536,55,9.179503e-05,0.9993432
65536,56,8.904647e-05,0.99936545
65536,57,8.5443346e-05,0.9993868
65536,58,8.1918675e-05,0.99940723
65536,59,8.082168e-05,0.99942744
65536,60,7.679621e-05,0.99944663
65536,61,7.272504e-05,0.9994648
65536,62,6.987481e-05,0.9994823
65536,63,6.6987224e-05,0.999499
65536,64,6.505139e-05,0.9995153
65536,65,6.1004135e-05,0.99953055
65536,66,5.9692728e-05,0.99954545
65536,67,5.801885e-05,0.99955994
65536,68,5.6796747e-05,0.9995741
65536,69,5.5224493e-05,0.9995879
65536,70,5.383399e-05,0.99960136
65536,71,4.9717713e-05,0.99961376
65536,72,4.7709134e-05,0.9996257
65536,73,4.575355e-05,0.9996371
65536,74,4.326244e-05,0.9996479
65536,75,4.2549527e-05,0.9996585
65536,76,4.064969e-05,0.99966866
65536,77,3.8498387e-05,0.99967825
65536,78,3.6683694e-05,0.99968743
65536,79,3.5984318e-05,0.99969643
65536,80,3.3304827e-05,0.9997048
65536,81,3.2561e-05,0.9997129
65536,82,3.1761432e-05,0.9997208
65536,83,3.097084e-05,0.99972856
65536,84,2.9324821e-05,0.9997359
65536,85,2.865724e-05,0.99974304
65536,86,2.8305803e-05,0.99975014
65536,87,2.7287972e-05,0.99975693
65536,88,2.6991782e-05,0.99976367
65536,89,2.5018424e-05,0.9997699
65536,90,2.4743948e-05,0.9997761
65536,91,2.3512928e-05,0.99978197
65536,92,2.2856617e-05,0.9997877
65536,93,2.2009815e-05,0.9997932
65536,94,2.156162e-05,0.99979854
65536,95,2.0507077e-05,0.99980366
65536,96,1.9814888e-05,0.9998086
65536,97,1.9692787e-05,0.9998135
65536,98,1.911034e-05,0.99981827
65536,99,1.8957748e-05,0.999823
65536,100,1.7835982e-05,0.99982744
65536,101,1.721943e-05,0.99983174
65536,102,1.6493606e-05,0.99983585
65536,103,1.6090791e-05,0.99983984
65536,104,1.582815e-05,0.9998438
65536,105,1.538851e-05,0.9998476
65536,106,1.4884652e-05,0.9998513
65536,107,1.4313946e-05,0.99985486
65536,108,1.3801141e-05,0.9998583
65536,109,1.3692177e-05,0.9998617
65536,110,1.3509554e-05,0.9998651
65536,111,1.30862345e-05,0.9998684
65536,112,1.2395143e-05,0.9998715
65536,113,1.2063028e-05,0.99987453
65536,114,1.1917396e-05,0.9998775
65536,115,1.14863815e-05,0.9998804
65536,116,1.1196741e-05,0.9998832
65536,117,1.1064887e-05,0.9998859
65536,118,1.09698685e-05,0.99988866
65536,119,1.0727941e-05,0.99989134
65536,120,1.0657449e-05,0.999894
65536,121,1.0043052e-05,0.9998965
65536,122,9.714685e-06,0.99989897
65536,123,9.348951e-06,0.9999013
65536,124,9.250326e-06,0.9999036
65536,125,8.948213e-06,0.9999058
65536,126,8.905011e-06,0.99990803
65536,127,8.696474e-06,0.9999102
65536,128,8.4209405e-06,0.99991226
65536,129,8.157906e-06,0.9999143
65536,130,7.966091e-06,0.99991626
65536,131,7.839165e-06,0.9999182
65536,132,7.760673e-06,0.9999202
65536,133,7.476465e-06,0.99992204
65536,134,7.1703403e-06,0.9999238
65536,135,6.9617577e-06,0.99992555
65536,136,6.833057e-06,0.9999273
65536,137,6.749719e-06,0.99992895
65536,138,6.566892e-06,0.9999306
65536,139,6.366327e-06,0.9999322
65536,140,6.2121726e-06,0.9999338
65536,141,6.1374244e-06,0.9999353
65536,142,5.7754087e-06,0.99993676
65536,143,5.7332904e-06,0.9999382
65536,144,5.503243e-06,0.99993956
65536,145,5.4168477e-06,0.99994093
65536,146,5.1988186e-06,0.99994224
65536,147,5.1372444e-06,0.99994355
65536,148,5.0240733e-06,0.9999448
65536,149,4.929249e-06,0.99994606
65536,150,4.831046e-06,0.99994725
65536,151,4.787542e-06,0.99994844
65536,152,4.681769e-06,0.99994963
65536,153,4.4384906e-06,0.99995077
65536,154,4.3975083e-06,0.99995184
65536,155,4.2496245e-06,0.9999529
65536,156,4.109943e-06,0.9999539
65536,157,4.076332e-06,0.99995494
65536,158,4.0446816e-06,0.99995595
65536,159,3.9491583e-06,0.99995697
65536,160,3.8571243e-06,0.9999579
65536,161,3.7399404e-06,0.9999589
65536,162,3.677201e-06,0.99995977
65536,163,3.5940043e-06,0.99996066
65536,164,3.4554628e-06,0.9999615
65536,165,3.3575814e-06,0.99996233
65536,166,3.245295e-06,0.99996316
65536,167,3.1749196e-06,0.99996394
65536,168,3.1435645e-06,0.9999647
65536,169,3.1241136e-06,0.9999655
65536,170,3.0574333e-06,0.99996626
65536,171,2.9476644e-06,0.999967
65536,172,2.8968186e-06,0.9999677
65536,173,2.8476004e-06,0.9999684
65536,174,2.7630256e-06,0.9999691
65536,175,2.7159606e-06,0.9999698
65536,176,2.658253e-06,0.99997044
65536,177,2.6283763e-06,0.9999711
65536,178,2.5625354e-06,0.99997175
65536,179,2.441325e-06,0.99997234
65536,180,2.4104895e-06,0.99997294
65536,181,2.3874957e-06,0.99997354
65536,182,2.309583e-06,0.99997413
65536,183,2.2922532e-06,0.9999747
65536,184,2.2645318e-06,0.99997526
65536,185,2.2113886e-06,0.9999758
65536,186,2.1770375e-06,0.99997634
65536,187,2.1414205e-06,0.9999769
65536,188,2.0786022e-06,0.9999774
65536,189,2.0249888e-06,0.9999779
65536,190,1.9735273e-06,0.99997836
65536,191,1.9579568e-06,0.99997884
65536,192,1.9212282e-06,0.9999793
65536,193,1.8635046e-06,0.9999798
65536,194,1.8214492e-06,0.9999803
65536,195,1.7742601e-06,0.9999807
65536,196,1.7509196e-06,0.9999811
65536,197,1.7342485e-06,0.9999815
65536,198,1.6813433e-06,0.99998194
65536,199,1.6414095e-06,0.99998236
65536,200,1.6283633e-06,0.9999828
65536,201,1.5959411e-06,0.9999832
65536,202,1.5544375e-06,0.9999836
65536,203,1.5328608e-06,0.99998397
65536,204,1.4867027e-06,0.9999843
65536,205,1.459488e-06,0.9999847
65536,206,1.4336066e-06,0.99998504
65536,207,1.3942322e-06,0.9999854
65536,208,1.3585977e-06,0.99998575
65536,209,1.3318646e-06,0.9999861
65536,210,1.2931627e-06,0.9999864
65536,211,1.2719935e-06,0.9999867
65536,212,1.25396e-06,0.999987
65536,213,1.2082222e-06,0.9999873
65536,214,1.1894538e-06,0.9999876
65536,215,1.1642804e-06,0.9999879
65536,216,1.1308687e-06,0.9999882
65536,217,1.1181478e-06,0.9999885
65536,218,1.0784579e-06,0.9999888
65536,219,1.0646659e-06,0.99998903
65536,220,1.0544288e-06,0.9999893
65536,221,1.0241047e-06,0.9999895
65536,222,9.887805e-07,0.99998975
65536,223,9.82943e-07,0.99999
65536,224,9.657753e-07,0.9999902
65536,225,9.462137e-07,0.99999046
65536,226,9.0520007e-07,0.9999907
65536,227,8.8908456e-07,0.99999094
65536,228,8.6617484e-07,0.9999912
65536,229,8.611319e-07,0.9999914
65536,230,8.4400796e-07,0.99999166
65536,231,8.287217e-07,0.99999183
65536,232,8.1221077e-07,0.999992
65536,233,7.9947336e-07,0.9999922
65536,234,7.8194597e-07,0.9999924
65536,235,7.476994e-07,0.99999255
65536,236,7.3431397e-07,0.9999927
65536,237,7.3002263e-07,0.9999929
65536,238,7.141367e-07,0.9999931
65536,239,6.8905956e-07,0.99999326
65536,240,6.826993e-07,0.99999344
65536,241,6.7177433e-07,0.9999936
65536,242,6.5538035e-07,0.9999938
65536,243,6.3465376e-07,0.999994
65536,244,6.157559e-07,0.99999416
65536,245,6.141243e-07,0.99999434
65536,246,5.8956107e-07,0.99999446
65536,247,5.8452696e-07,0.9999946
65536,248,5.700976e-07,0.9999947
65536,249,5.5636605e-07,0.9999948
65536,250,5.4932514e-07,0.99999493
65536,251,5.3656356e-07,0.99999505
65536,252,5.2234134e-07,0.9999952
65536,253,5.01658e-07,0.9999953
65536,254,4.917119e-07,0.9999954
65536,255,4.785697e-07,0.9999955
65536,256,4.7378623e-07,0.99999565
65536,257,4.6642043e-07,0.99999577
65536,258,4.5966226e-07,0.9999959
65536,259,4.4593466e-07,0.999996
65536,260,4.3549483e-07,0.9999961
65536,261,4.1766083e-07,0.99999624
65536,262,4.0992646e-07,0.99999636
65536,263,4.0198884e-07,0.9999965
65536,264,3.878409e-07,0.9999966
65536,265,3.7002835e-07,0.9999967
65536,266,3.6699086e-07,0.99999684
65536,267,3.621564e-07,0.99999696
65536,268,3.5596867e-07,0.999997
65536,269,3.512001e-07,0.9999971
65536,270,3.389165e-07,0.99999714
65536,271,3.2214965e-07,0.9999972
65536,272,3.2095505e-07,0.99999726
65536,273,3.1584494e-07,0.9999973
65536,274,3.0977398e-07,0.9999974
65536,275,3.0227298e-07,0.99999744
65536,276,2.9791016e-07,0.9999975
65536,277,2.8662396e-07,0.99999756
65536,278,2.8013375e-07,0.9999976
65536,279,2.729438e-07,0.9999977
65536,280,2.6520868e-07,0.99999774
65536,281,2.6021036e-07,0.9999978
65536,282,2.5839046e-07,0.99999785
65536,283,2.5092473e-07,0.9999979
65536,284,2.4519076e-07,0.999998
65536,285,2.3401105e-07,0.99999803
65536,286,2.3139434e-07,0.9999981
65536,287,2.2708639e-07,0.99999815
65536,288,2.2323606e-07,0.9999982
65536,289,2.1769803e-07,0.9999983
65536,290,2.091272e-07,0.99999833
65536,291,2.0729154e-07,0.9999984
65536,292,1.9965702e-07,0.99999845
65536,293,1.9597222e-07,0.9999985
65536,294,1.8889006e-07,0.99999857
65536,295,1.863068e-07,0.9999986
65536,296,1.82805e-07,0.9999987
65536,297,1.7904539e-07,0.99999875
65536,298,1.7791369e-07,0.9999988
65536,299,1.6938942e-07,0.99999887
65536,300,1.6693743e-07,0.9999989
65536,301,1.6228132e-07,0.999999
65536,302,1.5980999e-07,0.99999905
65536,303,1.5574119e-07,0.9999991
65536,304,1.5152449e-07,0.99999917
65536,305,1.4385755e-07,0.9999992
65536,306,1.4346028e-07,0.9999993
65536,307,1.4192291e-07,0.99999934
65536,308,1.3624192e-07,0.9999994
65536,309,1.3552605e-07,0.99999946
65536,310,1.3190709e-07,0.9999995
65536,311,1.2500466e-07,0.9999996
65536,312,1.2468603e-07,0.99999964
65536,313,1.1896419e-07,0.99999964
65536,314,1.16068385e-07,0.99999964
65536,315,1.1396222e-07,0.99999964
65536,316,1.1248788e-07,0.99999964
65536,317,1.0807241e-07,0.99999964
65536,318,1.04628725e-07,0.99999964
65536,319,1.01602026e-07,0.99999964
65536,320,9.897913e-08,0.99999964
65536,321,9.5494826e-08,0.99999964
65536,322,9.368807e-08,0.99999964
65536,323,9.2916466e-08,0.99999964
65536,324,8.933597e-08,0.99999964
65536,325,8.70783e-08,0.99999964
65536,326,8.6168235e-08,0.99999964
65536,327,8.389054e-08,0.99999964
65536,328,8.1143654e-08,0.99999964
65536,329,8.01733e-08,0.99999964
65536,330,7.8752564e-08,0.99999964
65536,331,7.6563225e-08,0.99999964
65536,332,7.3457926e-08,0.99999964
65536,333,7.080847e-08,0.99999964
65536,334,6.951003e-08,0.99999964
65536,335,6.619894e-08,0.99999964
65536,336,6.432815e-08,0.99999964
65536,337,6.2724595e-08,0.99999964
65536,338,6.156001e-08,0.99999964
65536,339,6.0248595e-08,0.99999964
65536,340,5.7966133e-08,0.99999964
65536,341,5.675081e-08,0.99999964
65536,342,5.5730137e-08,0.99999964
65536,343,5.3324378e-08,0.99999964
65536,344,5.1637347e-08,0.99999964
65536,345,5.0004864e-08,0.99999964
65536,346,4.7896187e-08,0.99999964
65536,347,4.6528925e-08,0.99999964
65536,348,4.4929248e-08,0.99999964
65536,349,4.4860684e-08,0.99999964
65536,350,4.3029758e-08,0.99999964
65536,351,4.1097476e-08,0.99999964
65536,352,4.0538463e-08,0.99999964
65536,353,3.9308542e-08,0.99999964
65536,354,3.7673136e-08,0.99999964
65536,355,3.6600213e-08,0.99999964
65536,356,3.6031736e-08,0.99999964
65536,357,3.515014e-08,0.99999964
65536,358,3.4827032e-08,0.99999964
65536,359,3.323058e-08,0.99999964
65536,360,3.0777223e-08,0.99999964
65536,361,3.027254e-08,0.99999964
65536,362,2.8354819e-08,0.99999964
65536,363,2.745632e-08,0.99999964
65536,364,2.6184102e-08,0.99999964
65536,365,2.5413291e-08,0.99999964
65536,366,2.4260787e-08,0.99999964
65536,367,2.3921997e-08,0.99999964
65536,368,2.3051829e-08,0.99999964
65536,369,2.2197888e-08,0.99999964
65536,370,2.1688704e-08,0.99999964
65536,371,2.1099622e-08,0.99999964
65536,372,2.0642123e-08,0.99999964
65536,373,1.9680966e-08,0.99999964
65536,374,1.8820861e-08,0.99999964
65536,375,1.8633374e-08,0.99999964
65536,376,1.8095202e-08,0.99999964
65536,377,1.7226396e-08,0.99999964
65536,378,1.6362065e-08,0.99999964
65536,379,1.5829245e-08,0.99999964
65536,380,1.4935862e-08,0.99999964
65536,381,1.44425965e-08,0.99999964
65536,382,1.4211763e-08,0.99999964
65536,383,1.3794443e-08,0.99999964
65536,384,1.3317823e-08,0.99999964
65536,385,1.2660739e-08,0.99999964
65536,386,1.2293553e-08,0.99999964
65536,387,1.1521684e-08,0.99999964
65536,388,1.1321996e-08,0.99999964
65536,389,1.0706564e-08,0.99999964
65536,390,1.0549049e-08,0.99999964
65536,391,1.0261467e-08,0.99999964
65536,392,9.851175e-09,0.99999964
65536,393,9.59157e-09,0.99999964
65536,394,9.321088e-09,0.99999964
65536,395,8.805526e-09,0.99999964
65536,396,8.518398e-09,0.99999964
65536,397,7.763531e-09,0.99999964
65536,398,7.6331865e-09,0.99999964
65536,399,7.2567357e-09,0.99999964
65536,400,7.0617405e-09,0.99999964
65536,401,6.9878068e-09,0.99999964
65536,402,6.5141297e-09,0.99999964
65536,403,6.1711685e-09,0.99999964
65536,404,5.93061e-09,0.99999964
65536,405,5.905103e-09,0.99999964
65536,406,5.4720832e-09,0.99999964
65536,407,5.1973568e-09,0.99999964
65536,408,4.850327e-09,0.99999964
65536,409,4.5860724e-09,0.99999964
65536,410,4.406362e-09,0.99999964
65536,411,4.2193427e-09,0.99999964
65536,412,4.116141e-09,0.99999964
65536,413,4.008605e-09,0.99999964
65536,414,3.6951935e-09,0.99999964
65536,415,3.5736494e-09,0.99999964
65536,416,3.3480796e-09,0.99999964
65536,417,3.1126872e-09,0.99999964
65536,418,2.8057725e-09,0.99999964
65536,419,2.736742e-09,0.99999964
65536,420,2.4352582e-09,0.99999964
65536,421,2.34307e-09,0.99999964
65536,422,2.2084938e-09,0.99999964
65536,423,1.9240955e-09,0.99999964
65536,424,1.8805202e-09,0.99999964
65536,425,1.855647e-09,0.99999964
65536,426,1.7162017e-09,0.99999964
65536,427,1.4669601e-09,0.99999964
65536,428,1.3060618e-09,0.99999964
65536,429,1.281558e-09,0.99999964
65536,430,1.1804672e-09,0.99999964
65536,431,1.1575336e-09,0.99999964
65536,432,1.0756096e-09,0.99999964
65536,433,1.0178978e-09,0.99999964
65536,434,9.402394e-10,0.99999964
65536,435,8.02457e-10,0.99999964
65536,436,7.693642e-10,0.99999964
65536,437,6.9658973e-10,0.99999964
65536,438,6.219136e-10,0.99999964
65536,439,5.6028887e-10,0.99999964
65536,440,4.995711e-10,0.99999964
65536,441,4.539454e-10,0.99999964
65536,442,4.221211e-10,0.99999964
65536,443,3.9619918e-10,0.99999964
65536,444,3.853066e-10,0.99999964
65536,445,3.7422868e-10,0.99999964
65536,446,3.2500708e-10,0.99999964
65536,447,3.118257e-10,0.99999964
65536,448,2.9090289e-10,0.99999964
65536,449,2.6076816e-10,0.99999964
65536,450,2.1363514e-10,0.99999964
65536,451,2.0871588e-10,0.99999964
65536,452,2.0321564e-10,0.99999964
65536,453,1.9401243e-10,0.99999964
65536,454,1.9174799e-10,0.99999964
65536,455,1.8022313e-10,0.99999964
65536,456,1.6006779e-10,0.99999964
65536,457,1.45138e-10,0.99999964
65536,458,1.4183628e-10,0.99999964
65536,459,1.3160939e-10,0.99999964
65536,460,1.1685874e-10,0.99999964
65536,461,1.1606289e-10,0.99999964
65536,462,1.094285e-10,0.99999964
65536,463,1.0009382e-10,0.99999964
65536,464,9.4785256e-11,0.99999964
65536,465,9.111547e-11,0.99999964
65536,466,8.919175e-11,0.99999964
65536,467,8.5375804e-11,0.99999964
65536,468,7.990272e-11,0.99999964
65536,469,7.623632e-11,0.99999964
65536,470,7.422458e-11,0.99999964
65536,471,7.0142336e-11,0.99999964
65536,472,6.859311e-11,0.99999964
65536,473,6.241523e-11,0.99999964
65536,474,5.927477e-11,0.99999964
65536,475,5.5800597e-11,0.99999964
65536,476,5.283578e-11,0.99999964
65536,477,5.2494554e-11,0.99999964
65536,478,5.0168925e-11,0.99999964
65536,479,4.841774e-11,0.99999964
65536,480,4.696329e-11,0.99999964
65536,481,4.6185115e-11,0.99999964
65536,482,4.2974277e-11,0.99999964
65536,483,3.8773706e-11,0.99999964
65536,484,3.8478363e-11,0.99999964
65536,485,3.8184334e-11,0.99999964
65536,486,3.731227e-11,0.99999964
65536,487,3.6317515e-11,0.99999964
65536,488,3.545725e-11,0.99999964
65536,489,3.4666523e-11,0.99999964
65536,490,3.4296715e-11,0.99999964
65536,491,3.2015328e-11,0.99999964
65536,492,3.193288e-11,0.99999964
65536,493,3.0474755e-11,0.99999964
65536,494,2.9508878e-11,0.99999964
65536,495,2.8035546e-11,0.99999964
65536,496,2.7194058e-11,0.99999964
65536,497,2.583547e-11,0.99999964
65536,498,2.5042962e-11,0.99999964
65536,499,2.4565041e-11,0.99999964
65536,500,2.3795356e-11,0.99999964
65536,501,2.2489646e-11,0.99999964
65536,502,2.2080752e-11,0.99999964
65536,503,2.1828046e-11,0.99999964
65536,504,1.9572432e-11,0.99999964
65536,505,1.9347326e-11,0.99999964
65536,506,1.876617e-11,0.99999964
65536,507,1.8562669e-11,0.99999964
65536,508,1.689978e-11,0.99999964
65536,509,1.6747543e-11,0.99999964
65536,510,1.6131953e-11,0.99999964
65536,511,1.5072393e-11,0.99999964
65536,512,1.4723436e-11,0.99999964
65536,513,1.4409175e-11,0.99999964
65536,514,1.4373645e-11,0.99999964
65536,515,1.3438641e-11,0.99999964
65536,516,1.3232678e-11,0.99999964
65536,517,1.2522441e-11,0.99999964
65536,518,1.23311136e-11,0.99999964
65536,519,1.1749061e-11,0.99999964
65536,520,1.1176877e-11,0.99999964
65536,521,1.0845104e-11,0.99999964
65536,522,1.0304938e-11,0.99999964
65536,523,9.966542e-12,0.99999964
65536,524,9.702745e-12,0.99999964
65536,525,9.445994e-12,0.99999964
65536,526,8.900911e-12,0.99999964
65536,527,8.769286e-12,0.99999964
65536,528,8.4818975e-12,0.99999964
65536,529,8.254892e-12,0.99999964
65536,530,8.036099e-12,0.99999964
65536,531,7.798878e-12,0.99999964
65536,532,7.56716e-12,0.99999964
65536,533,7.323262e-12,0.99999964
65536,534,7.116458e-12,0.99999964
65536,535,6.825711e-12,0.99999964
65536,536,6.5661005e-12,0.99999964
65536,537,6.4191838e-12,0.99999964
65536,538,5.8963437e-12,0.99999964
65536,539,5.722221e-12,0.99999964
65536,540,5.676718e-12,0.99999964
65536,541,5.5004035e-12,0.99999964
65536,542,5.2683183e-12,0.99999964
65536,543,5.0963266e-12,0.99999964
65536,544,4.7928736e-12,0.99999964
65536,545,4.70347e-12,0.99999964
65536,546,4.657218e-12,0.99999964
65536,547,4.296544e-12,0.99999964
65536,548,4.2305252e-12,0.99999964
65536,549,4.039738e-12,0.99999964
65536,550,3.8246624e-12,0.99999964
65536,551,3.7162075e-12,0.99999964
65536,552,3.550037e-12,0.99999964
65536,553,3.5038914e-12,0.99999964
65536,554,3.3257487e-12,0.99999964
65536,555,3.3207935e-12,0.99999964
65536,556,3.1626073e-12,0.99999964
65536,557,3.0082577e-12,0.99999964
65536,558,2.8625847e-12,0.99999964
65536,559,2.7339055e-12,0.99999964
65536,560,2.6951167e-12,0.99999964
65536,561,2.6223973e-12,0.99999964
65536,562,2.4996066e-12,0.99999964
65536,563,2.443907e-12,0.99999964
65536,564,2.433169e-12,0.99999964
65536,565,2.2260828e-12,0.99999964
65536,566,2.1153264e-12,0.99999964
65536,567,2.073223e-12,0.99999964
65536,568,1.9239163e-12,0.99999964
65536,569,1.8877016e-12,0.99999964
65536,570,1.8211199e-12,0.99999964
65536,571,1.7588507e-12,0.99999964
65536,572,1.6607602e-12,0.99999964
65536,573,1.5705525e-12,0.99999964
65536,574,1.4936625e-12,0.99999964
65536,575,1.437728e-12,0.99999964
65536,576,1.3232613e-12,0.99999964
65536,577,1.2571556e-12,0.99999964
65536,578,1.2176127e-12,0.99999964
65536,579,1.1825541e-12,0.99999964
65536,580,1.1609966e-12,0.99999964
65536,581,1.0928235e-12,0.99999964
65536,582,1.0035415e-12,0.99999964
65536,583,9.850225e-13,0.99999964
65536,584,9.376472e-13,0.99999964
65536,585,8.413933e-13,0.99999964
65536,586,8.1433574e-13,0.99999964
65536,587,7.451969e-13,0.99999964
65536,588,6.9373744e-13,0.99999964
65536,589,6.6475796e-13,0.99999964
65536,590,6.166585e-13,0.99999964
65536,591,6.126107e-13,0.99999964
65536,592,5.3520106e-13,0.99999964
65536,593,4.9906585e-13,0.99999964
65536,594,4.510729e-13,0.99999964
65536,595,4.218296e-13,0.99999964
65536,596,4.065642e-13,0.99999964
65536,597,3.8663454e-13,0.99999964
65536,598,3.7447194e-13,0.99999964
65536,599,3.5121748e-13,0.99999964
65536,600,3.3276043e-13,0.99999964
65536,601,3.2581598e-13,0.99999964
65536,602,2.9953145e-13,0.99999964
65536,603,2.7824113e-13,0.99999964
65536,604,2.6949455e-13,0.99999964
65536,605,2.611024e-13,0.99999964
65536,606,2.311058e-13,0.99999964
65536,607,2.1522157e-13,0.99999964
65536,608,2.0336115e-13,0.99999964
65536,609,1.9273973e-13,0.99999964
65536,610,1.7768298e-13,0.99999964
65536,611,1.5952452e-13,0.99999964
65536,612,1.5676346e-13,0.99999964
65536,613,1.456756e-13,0.99999964
65536,614,1.411481e-13,0.99999964
65536,615,1.3205835e-13,0.99999964
65536,616,1.13515256e-13,0.99999964
65536,617,1.1231891e-13,0.99999964
65536,618,1.1068469e-13,0.99999964
65536,619,1.01554006e-13,0.99999964
65536,620,9.6243e-14,0.99999964
65536,621,8.612334e-14,0.99999964
65536,622,7.9870125e-14,0.99999964
65536,623,7.894151e-14,0.99999964
65536,624,7.630074e-14,0.99999964
65536,625,7.127232e-14,0.99999964
65536,626,6.349893e-14,0.99999964
65536,627,5.592786e-14,0.99999964
65536,628,5.4196807e-14,0.99999964
65536,629,4.8926344e-14,0.99999964
65536,630,4.52531e-14,0.99999964
65536,631,4.2585262e-14,0.99999964
65536,632,4.0684975e-14,0.99999964
65536,633,3.2287432e-14,0.99999964
65536,634,2.4470314e-14,0.99999964
65536,635,1.6788578e-14,0.99999964
65536,636,1.5143145e-14,0.99999964
65536,637,1.1920852e-14,0.99999964
65536,638,8.956647e-15,0.99999964
65536,639,2.8192647e-15,0.99999964
65536,640,3.9199745e-16,0.99999964
