version,title,n_samples,rank,eigenvalue,eigenvalue_normalized,log10_eigenvalue,log10_eigenvalue_normalized
v13,PlantCAD2-S-88M 8192bp Angiosperm 2.6M 65sp,128,1,0.27798423,1.0,-0.5559798408381909,0.0
v13,PlantCAD2-S-88M 8192bp Angiosperm 2.6M 65sp,128,2,0.066404745,0.23887954003721723,-1.1778008866908758,-0.6218210458526849
v13,PlantCAD2-S-88M 8192bp Angiosperm 2.6M 65sp,128,3,0.026995368,0.09711114907489536,-1.568710747863789,-1.0127309070255979
v13,PlantCAD2-S-88M 8192bp Angiosperm 2.6M 65sp,128,4,0.010500285,0.03777295208436824,-1.9787989130969588,-1.422819072258768
v13,PlantCAD2-S-88M 8192bp Angiosperm 2.6M 65sp,128,5,0.009970196,0.03586604894817235,-2.0012963039870644,-1.4453164631488735
v13,PlantCAD2-S-88M 8192bp Angiosperm 2.6M 65sp,128,6,0.008572293,0.03083733562871534,-2.066902993240509,-1.5109231524023181
v13,PlantCAD2-S-88M 8192bp Angiosperm 2.6M 65sp,128,7,0.005784651,0.020809277562255958,-2.237722837809262,-1.6817429969710713
v13,PlantCAD2-S-88M 8192bp Angiosperm 2.6M 65sp,128,8,0.0055767526,0.02006139916642034,-2.253618621572282,-1.6976387807340911
v13,PlantCAD2-S-88M 8192bp Angiosperm 2.6M 65sp,128,9,0.0042870785,0.01542202052253108,-2.367838564120648,-1.811858723282457
v13,PlantCAD2-S-88M 8192bp Angiosperm 2.6M 65sp,128,10,0.0040596654,0.014603941381854646,-2.391509759753336,-1.8355299189151448
v13,PlantCAD2-S-88M 8192bp Angiosperm 2.6M 65sp,128,11,0.0033700957,0.012123334118629678,-2.4723577663714513,-1.9163779255332603
v13,PlantCAD2-S-88M 8192bp Angiosperm 2.6M 65sp,128,12,0.0030896445,0.01111445962240376,-2.5100914883972583,-1.9541116475590674
v13,PlantCAD2-S-88M 8192bp Angiosperm 2.6M 65sp,128,13,0.002570951,0.009248549818815262,-2.5899062005381603,-2.0339263596999695
v13,PlantCAD2-S-88M 8192bp Angiosperm 2.6M 65sp,128,14,0.0024198152,0.008704865020580484,-2.6162177995917975,-2.0602379587536066
v13,PlantCAD2-S-88M 8192bp Angiosperm 2.6M 65sp,128,15,0.0023905435,0.008599565162383492,-2.6215033491704185,-2.0655235083322276
v13,PlantCAD2-S-88M 8192bp Angiosperm 2.6M 65sp,128,16,0.0022726448,0.00817544506031871,-2.643468436450297,-2.0874885956121063
v13,PlantCAD2-S-88M 8192bp Angiosperm 2.6M 65sp,128,17,0.002164053,0.007784804915012625,-2.6647321070933447,-2.1087522662551534
v13,PlantCAD2-S-88M 8192bp Angiosperm 2.6M 65sp,128,18,0.0020310055,0.007306189635289743,-2.6922889005162096,-2.1363090596780183
v13,PlantCAD2-S-88M 8192bp Angiosperm 2.6M 65sp,128,19,0.0020178112,0.007258725432014615,-2.695119471713606,-2.139139630875415
v13,PlantCAD2-S-88M 8192bp Angiosperm 2.6M 65sp,128,20,0.0018519602,0.0066621052568341735,-2.7323683508647276,-2.1763885100265368
v13,PlantCAD2-S-88M 8192bp Angiosperm 2.6M 65sp,128,21,0.001576859,0.005672476456668063,-2.8022071387951644,-2.2462272979569735
v13,PlantCAD2-S-88M 8192bp Angiosperm 2.6M 65sp,128,22,0.001438662,0.00517533674482182,-2.842041227451284,-2.286061386613093
v13,PlantCAD2-S-88M 8192bp Angiosperm 2.6M 65sp,128,23,0.0013370989,0.004809981127346684,-2.8738364684779296,-2.3178566276397388
v13,PlantCAD2-S-88M 8192bp Angiosperm 2.6M 65sp,128,24,0.0012834589,0.004617020541057311,-2.891618034112911,-2.33563819327472
v13,PlantCAD2-S-88M 8192bp Angiosperm 2.6M 65sp,128,25,0.0012519982,0.004503846135444445,-2.902396295511076,-2.346416454672885
v13,PlantCAD2-S-88M 8192bp Angiosperm 2.6M 65sp,128,26,0.0010794373,0.0038830882600786386,-2.9668025789479495,-2.4108227381097587
v13,PlantCAD2-S-88M 8192bp Angiosperm 2.6M 65sp,128,27,0.0010484329,0.003771555314486725,-2.979459359278024,-2.4234795184398332
v13,PlantCAD2-S-88M 8192bp Angiosperm 2.6M 65sp,128,28,0.0010209907,0.0036728367648769145,-2.9909782137966126,-2.4349983729584213
v13,PlantCAD2-S-88M 8192bp Angiosperm 2.6M 65sp,128,29,0.0009489165,0.0034135623448855357,-3.022772001676713,-2.466792160838522
v13,PlantCAD2-S-88M 8192bp Angiosperm 2.6M 65sp,128,30,0.0008849361,0.003183403965037873,-3.0530880879680673,-2.4971082471298764
v13,PlantCAD2-S-88M 8192bp Angiosperm 2.6M 65sp,128,31,0.000845577,0.0030418164368532707,-3.0728468385068406,-2.5168669976686497
v13,PlantCAD2-S-88M 8192bp Angiosperm 2.6M 65sp,128,32,0.0007998637,0.002877370777471801,-3.096984012234399,-2.541004171396208
v13,PlantCAD2-S-88M 8192bp Angiosperm 2.6M 65sp,128,33,0.00073352427,0.0026387261968062003,-3.1345855121510313,-2.5786056713128405
v13,PlantCAD2-S-88M 8192bp Angiosperm 2.6M 65sp,128,34,0.0007053535,0.0025373867431256803,-3.1515931743241223,-2.595613333485931
v13,PlantCAD2-S-88M 8192bp Angiosperm 2.6M 65sp,128,35,0.00069242227,0.0024908688884977396,-3.1596289725953484,-2.6036491317571575
v13,PlantCAD2-S-88M 8192bp Angiosperm 2.6M 65sp,128,36,0.00065132836,0.002343040682559583,-3.1862000114568714,-2.6302201706186805
v13,PlantCAD2-S-88M 8192bp Angiosperm 2.6M 65sp,128,37,0.0006125473,0.002203532552907767,-3.212860370088561,-2.6568805292503703
v13,PlantCAD2-S-88M 8192bp Angiosperm 2.6M 65sp,128,38,0.0005852918,0.0021054856241305487,-3.2326275603548065,-2.676647719516615
v13,PlantCAD2-S-88M 8192bp Angiosperm 2.6M 65sp,128,39,0.0005682989,0.0020443566169203197,-3.245423184575351,-2.6894433437371603
v13,PlantCAD2-S-88M 8192bp Angiosperm 2.6M 65sp,128,40,0.00054171775,0.0019487355451782281,-3.266226934025572,-2.710247093187381
v13,PlantCAD2-S-88M 8192bp Angiosperm 2.6M 65sp,128,41,0.00051270967,0.0018443840141579254,-3.2901284914380167,-2.734148650599826
v13,PlantCAD2-S-88M 8192bp Angiosperm 2.6M 65sp,128,42,0.0005045069,0.0018148759733600717,-3.2971328896620893,-2.7411530488238984
v13,PlantCAD2-S-88M 8192bp Angiosperm 2.6M 65sp,128,43,0.0004945147,0.0017789307688425345,-3.3058207939879436,-2.7498409531497527
v13,PlantCAD2-S-88M 8192bp Angiosperm 2.6M 65sp,128,44,0.00046595884,0.0016762060207516087,-3.3316524445768705,-2.7756726037386796
v13,PlantCAD2-S-88M 8192bp Angiosperm 2.6M 65sp,128,45,0.00043075532,0.001549567470068356,-3.3657693501367505,-2.8097895092985596
v13,PlantCAD2-S-88M 8192bp Angiosperm 2.6M 65sp,128,46,0.00042984332,0.0015462867084222727,-3.366689818046771,-2.81070997720858
v13,PlantCAD2-S-88M 8192bp Angiosperm 2.6M 65sp,128,47,0.00041682366,0.0014994507422237584,-3.38004763731936,-2.8240677964811693
v13,PlantCAD2-S-88M 8192bp Angiosperm 2.6M 65sp,128,48,0.00039795606,0.0014315778272745905,-3.4001648775569846,-2.8441850367187937
v13,PlantCAD2-S-88M 8192bp Angiosperm 2.6M 65sp,128,49,0.00037048612,0.0013327594878313781,-3.4312280579149497,-2.875248217076759
v13,PlantCAD2-S-88M 8192bp Angiosperm 2.6M 65sp,128,50,0.00035358945,0.0012719766513373798,-3.451500701450641,-2.89552086061245
v13,PlantCAD2-S-88M 8192bp Angiosperm 2.6M 65sp,128,51,0.0003321612,0.0011948922426282958,-3.4786510991875343,-2.9226712583493435
v13,PlantCAD2-S-88M 8192bp Angiosperm 2.6M 65sp,128,52,0.00031957251,0.0011496066161738741,-3.49543058626914,-2.9394507454309493
v13,PlantCAD2-S-88M 8192bp Angiosperm 2.6M 65sp,128,53,0.00030873425,0.0011106178577108493,-3.510415188590775,-2.954435347752584
v13,PlantCAD2-S-88M 8192bp Angiosperm 2.6M 65sp,128,54,0.00029250828,0.0010522477480107415,-3.5338618358812384,-2.9778819950430475
v13,PlantCAD2-S-88M 8192bp Angiosperm 2.6M 65sp,128,55,0.00028511477,0.0010256508795480953,-3.5449802840467424,-2.9890004432085515
v13,PlantCAD2-S-88M 8192bp Angiosperm 2.6M 65sp,128,56,0.00027001687,0.0009713388058020413,-3.5686091013260777,-3.012629260487887
v13,PlantCAD2-S-88M 8192bp Angiosperm 2.6M 65sp,128,57,0.00026396062,0.0009495524979960194,-3.5784608602225436,-3.0224810193843528
v13,PlantCAD2-S-88M 8192bp Angiosperm 2.6M 65sp,128,58,0.00024686434,0.0008880515991860402,-3.6075416401601257,-3.051561799321935
v13,PlantCAD2-S-88M 8192bp Angiosperm 2.6M 65sp,128,59,0.00023349568,0.0008399601660856805,-3.6317211500850957,-3.075741309246905
v13,PlantCAD2-S-88M 8192bp Angiosperm 2.6M 65sp,128,60,0.0002251469,0.0008099268796650802,-3.6475340283686584,-3.0915541875304675
v13,PlantCAD2-S-88M 8192bp Angiosperm 2.6M 65sp,128,61,0.0002092406,0.0007527067272844938,-3.6793540432980354,-3.1233742024598445
v13,PlantCAD2-S-88M 8192bp Angiosperm 2.6M 65sp,128,62,0.00019799737,0.0007122611595629004,-3.7033405784358084,-3.1473607375976176
v13,PlantCAD2-S-88M 8192bp Angiosperm 2.6M 65sp,128,63,0.00019167062,0.000689501774974789,-3.7174444523266645,-3.1614646114884737
v13,PlantCAD2-S-88M 8192bp Angiosperm 2.6M 65sp,128,64,0.00018823144,0.0006771299220822706,-3.7253078353289197,-3.169327994490729
v13,PlantCAD2-S-88M 8192bp Angiosperm 2.6M 65sp,128,65,0.00017939137,0.0006453293051911614,-3.7461984534409187,-3.190218612602728
v13,PlantCAD2-S-88M 8192bp Angiosperm 2.6M 65sp,128,66,0.00017126765,0.000616105633042565,-3.7663246612801027,-3.210344820441912
v13,PlantCAD2-S-88M 8192bp Angiosperm 2.6M 65sp,128,67,0.00016506971,0.0005938096200636993,-3.7823326116961553,-3.2263527708579645
v13,PlantCAD2-S-88M 8192bp Angiosperm 2.6M 65sp,128,68,0.00016180518,0.0005820660402210586,-3.7910075790809405,-3.2350277382427497
v13,PlantCAD2-S-88M 8192bp Angiosperm 2.6M 65sp,128,69,0.00016050677,0.0005773952356937658,-3.794506644806555,-3.238526803968364
v13,PlantCAD2-S-88M 8192bp Angiosperm 2.6M 65sp,128,70,0.00015286313,0.0005498985679871121,-3.815697252118496,-3.2597174112803047
v13,PlantCAD2-S-88M 8192bp Angiosperm 2.6M 65sp,128,71,0.00015073505,0.0005422431696934751,-3.8217857506602426,-3.2658059098220518
v13,PlantCAD2-S-88M 8192bp Angiosperm 2.6M 65sp,128,72,0.00014536658,0.0005229310310156803,-3.837535426969875,-3.281555586131684
v13,PlantCAD2-S-88M 8192bp Angiosperm 2.6M 65sp,128,73,0.00013537028,0.0004869710774600415,-3.868476672790933,-3.312496831952742
v13,PlantCAD2-S-88M 8192bp Angiosperm 2.6M 65sp,128,74,0.00012857572,0.00046252882762450227,-3.890841035032138,-3.334861194193947
v13,PlantCAD2-S-88M 8192bp Angiosperm 2.6M 65sp,128,75,0.00012428366,0.00044708888702067745,-3.9055859657936414,-3.3496061249554505
v13,PlantCAD2-S-88M 8192bp Angiosperm 2.6M 65sp,128,76,0.0001210213,0.0004353531133762516,-3.917138186225983,-3.3611583453877922
v13,PlantCAD2-S-88M 8192bp Angiosperm 2.6M 65sp,128,77,0.000117268646,0.00042185359219837755,-3.9308180892432745,-3.3748382484050836
v13,PlantCAD2-S-88M 8192bp Angiosperm 2.6M 65sp,128,78,0.00011186267,0.00040240653219788766,-3.951314818903462,-3.3953349780652706
v13,PlantCAD2-S-88M 8192bp Angiosperm 2.6M 65sp,128,79,0.00010937801,0.0003934683992685484,-3.961069982349942,-3.405090141511751
v13,PlantCAD2-S-88M 8192bp Angiosperm 2.6M 65sp,128,80,0.00010788502,0.0003880976269768972,-3.967038853583849,-3.411059012745658
v13,PlantCAD2-S-88M 8192bp Angiosperm 2.6M 65sp,128,81,0.00010274625,0.000369611794165446,-3.9882340199047097,-3.432254179066519
v13,PlantCAD2-S-88M 8192bp Angiosperm 2.6M 65sp,128,82,9.963364e-05,0.0003584147201443766,-4.001594002944656,-3.445614162106465
v13,PlantCAD2-S-88M 8192bp Angiosperm 2.6M 65sp,128,83,9.456753e-05,0.0003401902690667021,-4.024257954110367,-3.4682781132721763
v13,PlantCAD2-S-88M 8192bp Angiosperm 2.6M 65sp,128,84,9.280459e-05,0.00033384839852246295,-4.0324305435831285,-3.4764507027449376
v13,PlantCAD2-S-88M 8192bp Angiosperm 2.6M 65sp,128,85,8.768465e-05,0.00031543030336648954,-4.057076427201486,-3.5010965863632952
v13,PlantCAD2-S-88M 8192bp Angiosperm 2.6M 65sp,128,86,8.3298706e-05,0.0002996526313740891,-4.079361745068898,-3.5233819042307064
v13,PlantCAD2-S-88M 8192bp Angiosperm 2.6M 65sp,128,87,8.28425e-05,0.000298011509501816,-4.081746803551858,-3.525766962713667
v13,PlantCAD2-S-88M 8192bp Angiosperm 2.6M 65sp,128,88,7.674712e-05,0.00027608443831507993,-4.114937912809416,-3.5589580719712255
v13,PlantCAD2-S-88M 8192bp Angiosperm 2.6M 65sp,128,89,7.433512e-05,0.00026740768711951753,-4.128805953149314,-3.572826112311123
v13,PlantCAD2-S-88M 8192bp Angiosperm 2.6M 65sp,128,90,7.1722556e-05,0.00025800944175862064,-4.1443442417407,-3.588364400902509
v13,PlantCAD2-S-88M 8192bp Angiosperm 2.6M 65sp,128,91,7.05916e-05,0.0002539410239206735,-4.151246974453712,-3.595267133615521
v13,PlantCAD2-S-88M 8192bp Angiosperm 2.6M 65sp,128,92,6.5648084e-05,0.0002361575834715516,-4.182777944675341,-3.626798103837151
v13,PlantCAD2-S-88M 8192bp Angiosperm 2.6M 65sp,128,93,6.377228e-05,0.00022940970428430421,-4.195368055747295,-3.6393882149091037
v13,PlantCAD2-S-88M 8192bp Angiosperm 2.6M 65sp,128,94,5.919454e-05,0.00021294207948414914,-4.227718349987008,-3.6717385091488164
v13,PlantCAD2-S-88M 8192bp Angiosperm 2.6M 65sp,128,95,5.793731e-05,0.0002084194128566214,-4.237041672737306,-3.681061831899116
v13,PlantCAD2-S-88M 8192bp Angiosperm 2.6M 65sp,128,96,5.6690715e-05,0.00020393500379499945,-4.246488065524529,-3.690508224686338
v13,PlantCAD2-S-88M 8192bp Angiosperm 2.6M 65sp,128,97,5.141568e-05,0.00018495898130624174,-4.288904416043562,-3.732924575205371
v13,PlantCAD2-S-88M 8192bp Angiosperm 2.6M 65sp,128,98,5.0175528e-05,0.00018049774981839797,-4.299508048710334,-3.743528207872143
v13,PlantCAD2-S-88M 8192bp Angiosperm 2.6M 65sp,128,99,4.917075e-05,0.00017688323542670026,-4.30829316737839,-3.7523133265401993
v13,PlantCAD2-S-88M 8192bp Angiosperm 2.6M 65sp,128,100,4.7556834e-05,0.0001710774528468755,-4.322787065367409,-3.766807224529218
v13,PlantCAD2-S-88M 8192bp Angiosperm 2.6M 65sp,128,101,4.4194396e-05,0.0001589816659743612,-4.354632797179783,-3.798652956341592
v13,PlantCAD2-S-88M 8192bp Angiosperm 2.6M 65sp,128,102,4.1305073e-05,0.00014858782816564808,-4.383996605956033,-3.8280167651178414
v13,PlantCAD2-S-88M 8192bp Angiosperm 2.6M 65sp,128,103,3.9542658e-05,0.00014224784621775128,-4.402934141397283,-3.846954300559092
v13,PlantCAD2-S-88M 8192bp Angiosperm 2.6M 65sp,128,104,3.8735183e-05,0.0001393430951101075,-4.41189438791715,-3.8559145470789593
v13,PlantCAD2-S-88M 8192bp Angiosperm 2.6M 65sp,128,105,3.655646e-05,0.00013150551741730098,-4.437035866463969,-3.881056025625778
v13,PlantCAD2-S-88M 8192bp Angiosperm 2.6M 65sp,128,106,3.580005e-05,0.0001287844637805533,-4.44611636680001,-3.8901365259618195
v13,PlantCAD2-S-88M 8192bp Angiosperm 2.6M 65sp,128,107,3.45618e-05,0.0001243300744074583,-4.4614036472779075,-3.9054238064397166
v13,PlantCAD2-S-88M 8192bp Angiosperm 2.6M 65sp,128,108,3.3476445e-05,0.00012042569824914169,-4.475260667729485,-3.9192808268912938
v13,PlantCAD2-S-88M 8192bp Angiosperm 2.6M 65sp,128,109,3.1053358e-05,0.00011170906349615588,-4.507891429883008,-3.9519115890448173
v13,PlantCAD2-S-88M 8192bp Angiosperm 2.6M 65sp,128,110,3.0104306e-05,0.0001082950137135477,-4.521371380210513,-3.9653915393723222
v13,PlantCAD2-S-88M 8192bp Angiosperm 2.6M 65sp,128,111,2.9557184e-05,0.0001063268373173543,-4.529336944821099,-3.9733571039829085
v13,PlantCAD2-S-88M 8192bp Angiosperm 2.6M 65sp,128,112,2.7723067e-05,9.972891987433963e-05,-4.557158725449307,-4.001178884611116
v13,PlantCAD2-S-88M 8192bp Angiosperm 2.6M 65sp,128,113,2.6215661e-05,9.430628852579156e-05,-4.581439187538912,-4.025459346700721
v13,PlantCAD2-S-88M 8192bp Angiosperm 2.6M 65sp,128,114,2.5464504e-05,9.160413164444617e-05,-4.5940647786341176,-4.038084937795927
v13,PlantCAD2-S-88M 8192bp Angiosperm 2.6M 65sp,128,115,2.3706267e-05,8.527917932610782e-05,-4.625136828516127,-4.069156987677936
v13,PlantCAD2-S-88M 8192bp Angiosperm 2.6M 65sp,128,116,2.274457e-05,8.181964135159753e-05,-4.643122269359086,-4.087142428520895
v13,PlantCAD2-S-88M 8192bp Angiosperm 2.6M 65sp,128,117,2.0173522e-05,7.257074259212473e-05,-4.695218273743805,-4.139238432905614
v13,PlantCAD2-S-88M 8192bp Angiosperm 2.6M 65sp,128,118,1.9254396e-05,6.926434639835503e-05,-4.715470100410834,-4.159490259572643
v13,PlantCAD2-S-88M 8192bp Angiosperm 2.6M 65sp,128,119,1.8482862e-05,6.648888679764316e-05,-4.733230779080784,-4.177250938242593
v13,PlantCAD2-S-88M 8192bp Angiosperm 2.6M 65sp,128,120,1.8017883e-05,6.481620558115832e-05,-4.74429623752057,-4.188316396682379
v13,PlantCAD2-S-88M 8192bp Angiosperm 2.6M 65sp,128,121,1.6522694e-05,5.943752276882757e-05,-4.781919140190784,-4.225939299352593
v13,PlantCAD2-S-88M 8192bp Angiosperm 2.6M 65sp,128,122,1.597635e-05,5.747214509254716e-05,-4.796522433778086,-4.240542592939895
v13,PlantCAD2-S-88M 8192bp Angiosperm 2.6M 65sp,128,123,1.5567179e-05,5.6000223465913884e-05,-4.807790080799497,-4.251810239961306
v13,PlantCAD2-S-88M 8192bp Angiosperm 2.6M 65sp,128,124,1.4343133e-05,5.159693051652607e-05,-4.843355974470396,-4.287376133632205
v13,PlantCAD2-S-88M 8192bp Angiosperm 2.6M 65sp,128,125,1.2648042e-05,4.549913496891532e-05,-4.89797670092389,-4.3419968600856995
v13,PlantCAD2-S-88M 8192bp Angiosperm 2.6M 65sp,128,126,1.1092897e-05,3.990477085696552e-05,-4.954955019512554,-4.398975178674363
v13,PlantCAD2-S-88M 8192bp Angiosperm 2.6M 65sp,128,127,9.151614e-06,3.2921342336577873e-05,-5.038502305990442,-4.482522465152251
v13,PlantCAD2-S-88M 8192bp Angiosperm 2.6M 65sp,128,128,1.5798901e-14,5.683380312617014e-14,-13.801373122301007,-13.245393281462816
v13,PlantCAD2-S-88M 8192bp Angiosperm 2.6M 65sp,256,1,0.26260906,1.0,-0.580690294849237,0.0
v13,PlantCAD2-S-88M 8192bp Angiosperm 2.6M 65sp,256,2,0.070054695,0.26676419693974,-1.1545627533937004,-0.5738724585444636
v13,PlantCAD2-S-88M 8192bp Angiosperm 2.6M 65sp,256,3,0.025460986,0.09695395124600804,-1.5941247819051618,-1.0134344870559249
v13,PlantCAD2-S-88M 8192bp Angiosperm 2.6M 65sp,256,4,0.010831191,0.04124454426667534,-1.9653237856379542,-1.3846334907887172
v13,PlantCAD2-S-88M 8192bp Angiosperm 2.6M 65sp,256,5,0.009436237,0.03593264070934948,-2.025201159933577,-1.4445108650843401
v13,PlantCAD2-S-88M 8192bp Angiosperm 2.6M 65sp,256,6,0.007969587,0.030347722961271785,-2.0985641840328007,-1.517873889183564
v13,PlantCAD2-S-88M 8192bp Angiosperm 2.6M 65sp,256,7,0.005750518,0.021897637499635386,-2.240293032804448,-1.6596027379552112
v13,PlantCAD2-S-88M 8192bp Angiosperm 2.6M 65sp,256,8,0.0047389935,0.018045811138427594,-2.3243138869781825,-1.7436235921289454
v13,PlantCAD2-S-88M 8192bp Angiosperm 2.6M 65sp,256,9,0.0037419812,0.014249246389290607,-2.4268983987592505,-1.8462081039100136
v13,PlantCAD2-S-88M 8192bp Angiosperm 2.6M 65sp,256,10,0.0035725615,0.013604106042647576,-2.4470202862932573,-1.8663299914440203
v13,PlantCAD2-S-88M 8192bp Angiosperm 2.6M 65sp,256,11,0.0027345922,0.010413167771134782,-2.5631074292920144,-1.9824171344427777
v13,PlantCAD2-S-88M 8192bp Angiosperm 2.6M 65sp,256,12,0.0025779814,0.009816802969402504,-2.5887202203831214,-2.0080299255338847
v13,PlantCAD2-S-88M 8192bp Angiosperm 2.6M 65sp,256,13,0.0024275398,0.00924393012183205,-2.614833641016792,-2.034143346167555
v13,PlantCAD2-S-88M 8192bp Angiosperm 2.6M 65sp,256,14,0.0022803592,0.008683474972264857,-2.641996737959686,-2.061306443110449
v13,PlantCAD2-S-88M 8192bp Angiosperm 2.6M 65sp,256,15,0.0021300672,0.008111171792778208,-2.671606695092334,-2.0909164002430973
v13,PlantCAD2-S-88M 8192bp Angiosperm 2.6M 65sp,256,16,0.0019464219,0.007411861190166097,-2.7107630176224253,-2.1300727227731886
v13,PlantCAD2-S-88M 8192bp Angiosperm 2.6M 65sp,256,17,0.0017965805,0.006841273869225989,-2.7455533184412224,-2.1648630235919857
v13,PlantCAD2-S-88M 8192bp Angiosperm 2.6M 65sp,256,18,0.001750893,0.00666729853113217,-2.756740393567867,-2.17605009871863
v13,PlantCAD2-S-88M 8192bp Angiosperm 2.6M 65sp,256,19,0.0015962302,0.006078351599902912,-2.7969044767819806,-2.216214181932744
v13,PlantCAD2-S-88M 8192bp Angiosperm 2.6M 65sp,256,20,0.0015155282,0.005771043085870686,-2.8194359781413305,-2.2387456832920933
v13,PlantCAD2-S-88M 8192bp Angiosperm 2.6M 65sp,256,21,0.0013679623,0.005209120736352356,-2.863925871276413,-2.2832355764271757
v13,PlantCAD2-S-88M 8192bp Angiosperm 2.6M 65sp,256,22,0.0013577619,0.005170278207461692,-2.8671763821779885,-2.286486087328752
v13,PlantCAD2-S-88M 8192bp Angiosperm 2.6M 65sp,256,23,0.0012290778,0.004680256652226697,-2.9104206256234852,-2.3297303307742485
v13,PlantCAD2-S-88M 8192bp Angiosperm 2.6M 65sp,256,24,0.0012239267,0.00466064156354697,-2.91224459096395,-2.331554296114713
v13,PlantCAD2-S-88M 8192bp Angiosperm 2.6M 65sp,256,25,0.0011447287,0.004359060193886685,-2.9412974286550595,-2.3606071338058223
v13,PlantCAD2-S-88M 8192bp Angiosperm 2.6M 65sp,256,26,0.0010768907,0.004100737042354898,-2.9678283735782616,-2.387138078729025
v13,PlantCAD2-S-88M 8192bp Angiosperm 2.6M 65sp,256,27,0.0010395942,0.003958714143373424,-2.9831361521366095,-2.402445857287373
v13,PlantCAD2-S-88M 8192bp Angiosperm 2.6M 65sp,256,28,0.0009845074,0.003748946818514182,-3.0067810151611214,-2.4260907203118847
v13,PlantCAD2-S-88M 8192bp Angiosperm 2.6M 65sp,256,29,0.0008892058,0.0033860438783033606,-3.050997713202264,-2.4703074183530274
v13,PlantCAD2-S-88M 8192bp Angiosperm 2.6M 65sp,256,30,0.00081956876,0.0031208700872696472,-3.086414604221781,-2.505724309372544
v13,PlantCAD2-S-88M 8192bp Angiosperm 2.6M 65sp,256,31,0.0007883525,0.0030020003879531044,-3.103279550817441,-2.5225892559682044
v13,PlantCAD2-S-88M 8192bp Angiosperm 2.6M 65sp,256,32,0.0007558599,0.0028782704602803876,-3.1215586943075238,-2.5408683994582866
v13,PlantCAD2-S-88M 8192bp Angiosperm 2.6M 65sp,256,33,0.00073129125,0.002784714472531907,-3.1359096229376435,-2.5552193280884063
v13,PlantCAD2-S-88M 8192bp Angiosperm 2.6M 65sp,256,34,0.0007148412,0.002722073640566704,-3.145790424805155,-2.5651001299559177
v13,PlantCAD2-S-88M 8192bp Angiosperm 2.6M 65sp,256,35,0.0006657213,0.0025350279232559604,-3.176707547412943,-2.5960172525637057
v13,PlantCAD2-S-88M 8192bp Angiosperm 2.6M 65sp,256,36,0.0006539321,0.002490135336534086,-3.184467343611847,-2.6037770487626104
v13,PlantCAD2-S-88M 8192bp Angiosperm 2.6M 65sp,256,37,0.00063172175,0.002405559617783179,-3.1994741702128513,-2.6187838753636146
v13,PlantCAD2-S-88M 8192bp Angiosperm 2.6M 65sp,256,38,0.0005977998,0.002276386808589163,-3.2234442345943477,-2.6427539397451105
v13,PlantCAD2-S-88M 8192bp Angiosperm 2.6M 65sp,256,39,0.00057931343,0.002205991788706757,-3.237086403302627,-2.6563961084533902
v13,PlantCAD2-S-88M 8192bp Angiosperm 2.6M 65sp,256,40,0.00056381826,0.002146987084147059,-3.2488608630355005,-2.6681705681862633
v13,PlantCAD2-S-88M 8192bp Angiosperm 2.6M 65sp,256,41,0.0005409987,0.002060091529210759,-3.266803778485861,-2.686113483636624
v13,PlantCAD2-S-88M 8192bp Angiosperm 2.6M 65sp,256,42,0.0005212728,0.0019849764513075064,-3.2829349359555793,-2.702244641106342
v13,PlantCAD2-S-88M 8192bp Angiosperm 2.6M 65sp,256,43,0.00050101057,0.0019078190600126286,-3.3001531115693816,-2.7194628167201444
v13,PlantCAD2-S-88M 8192bp Angiosperm 2.6M 65sp,256,44,0.00048188595,0.0018349936213167969,-3.317055735924198,-2.7363654410749607
v13,PlantCAD2-S-88M 8192bp Angiosperm 2.6M 65sp,256,45,0.00046325775,0.0017640585210578798,-3.334177306484875,-2.753487011635638
v13,PlantCAD2-S-88M 8192bp Angiosperm 2.6M 65sp,256,46,0.0004604574,0.0017533949514156135,-3.3368105431017163,-2.756120248252479
v13,PlantCAD2-S-88M 8192bp Angiosperm 2.6M 65sp,256,47,0.00043620216,0.001661032410686821,-3.3603121881984963,-2.779621893349259
v13,PlantCAD2-S-88M 8192bp Angiosperm 2.6M 65sp,256,48,0.00042499613,0.0016183605013475163,-3.3716150246021526,-2.7909247297529154
v13,PlantCAD2-S-88M 8192bp Angiosperm 2.6M 65sp,256,49,0.00040664553,0.001548482485714697,-3.390783997265232,-2.810093702415995
v13,PlantCAD2-S-88M 8192bp Angiosperm 2.6M 65sp,256,50,0.0003999416,0.0015229543108680255,-3.3980034202955567,-2.81731312544632
v13,PlantCAD2-S-88M 8192bp Angiosperm 2.6M 65sp,256,51,0.00038935043,0.0014826237525849262,-3.4096593413311975,-2.8289690464819603
v13,PlantCAD2-S-88M 8192bp Angiosperm 2.6M 65sp,256,52,0.0003693218,0.0014063558964797329,-3.432595056442504,-2.851904761593267
v13,PlantCAD2-S-88M 8192bp Angiosperm 2.6M 65sp,256,53,0.00036047588,0.0013726711485125456,-3.443123789289493,-2.8624334944402556
v13,PlantCAD2-S-88M 8192bp Angiosperm 2.6M 65sp,256,54,0.00034872224,0.0013279139721988267,-3.457520354312364,-2.8768300594631273
v13,PlantCAD2-S-88M 8192bp Angiosperm 2.6M 65sp,256,55,0.0003392312,0.0012917726448584829,-3.469504211354292,-2.888813916505055
v13,PlantCAD2-S-88M 8192bp Angiosperm 2.6M 65sp,256,56,0.00033590067,0.0012790901806662726,-3.473789129897506,-2.893098835048269
v13,PlantCAD2-S-88M 8192bp Angiosperm 2.6M 65sp,256,57,0.0003209324,0.0012220918806076224,-3.4935864361269706,-2.912896141277734
v13,PlantCAD2-S-88M 8192bp Angiosperm 2.6M 65sp,256,58,0.00031223346,0.0011889668239168899,-3.5055205583052653,-2.924830263456028
v13,PlantCAD2-S-88M 8192bp Angiosperm 2.6M 65sp,256,59,0.00030095517,0.0011460197527076942,-3.521498191687303,-2.9408078968380664
v13,PlantCAD2-S-88M 8192bp Angiosperm 2.6M 65sp,256,60,0.00028852312,0.0010986792306404052,-3.539819380130047,-2.9591290852808103
v13,PlantCAD2-S-88M 8192bp Angiosperm 2.6M 65sp,256,61,0.0002822839,0.0010749206443981787,-3.549313891036759,-2.9686235961875225
v13,PlantCAD2-S-88M 8192bp Angiosperm 2.6M 65sp,256,62,0.00027182198,0.001035082262584543,-3.565715428373366,-2.985025133524129
v13,PlantCAD2-S-88M 8192bp Angiosperm 2.6M 65sp,256,63,0.0002502308,0.0009528643071187262,-3.601659235622652,-3.0209689407734155
v13,PlantCAD2-S-88M 8192bp Angiosperm 2.6M 65sp,256,64,0.00024748713,0.0009424165716140942,-3.606447380630658,-3.025757085781421
v13,PlantCAD2-S-88M 8192bp Angiosperm 2.6M 65sp,256,65,0.00024133391,0.0009189854683612211,-3.6173816507758914,-3.036691355926654
v13,PlantCAD2-S-88M 8192bp Angiosperm 2.6M 65sp,256,66,0.00023540443,0.0008964063539925089,-3.62818536856798,-3.0474950737187427
v13,PlantCAD2-S-88M 8192bp Angiosperm 2.6M 65sp,256,67,0.00022888006,0.0008715619331640728,-3.640392041354203,-3.059701746504966
v13,PlantCAD2-S-88M 8192bp Angiosperm 2.6M 65sp,256,68,0.00021886716,0.0008334333933490336,-3.6598193974120723,-3.0791291025628356
v13,PlantCAD2-S-88M 8192bp Angiosperm 2.6M 65sp,256,69,0.000213095,0.0008114533443743335,-3.6714267403274907,-3.090736445478254
v13,PlantCAD2-S-88M 8192bp Angiosperm 2.6M 65sp,256,70,0.00020780128,0.0007912951670441225,-3.68235178163339,-3.1016614867841534
v13,PlantCAD2-S-88M 8192bp Angiosperm 2.6M 65sp,256,71,0.00020372587,0.0007757762432111063,-3.6909538188895294,-3.1102635240402927
v13,PlantCAD2-S-88M 8192bp Angiosperm 2.6M 65sp,256,72,0.00020082222,0.000764719313187443,-3.697188236300404,-3.116497941451167
v13,PlantCAD2-S-88M 8192bp Angiosperm 2.6M 65sp,256,73,0.00019690284,0.0007497945425035983,-3.705748019832254,-3.125057724983017
v13,PlantCAD2-S-88M 8192bp Angiosperm 2.6M 65sp,256,74,0.00019052572,0.000725510841095886,-3.720046388491824,-3.1393560936425873
v13,PlantCAD2-S-88M 8192bp Angiosperm 2.6M 65sp,256,75,0.00018374638,0.000699695509362853,-3.735781208224779,-3.155090913375542
v13,PlantCAD2-S-88M 8192bp Angiosperm 2.6M 65sp,256,76,0.00017822292,0.0006786624954980609,-3.749036445139555,-3.1683461502903176
v13,PlantCAD2-S-88M 8192bp Angiosperm 2.6M 65sp,256,77,0.00017619686,0.0006709473770630762,-3.7540018354065148,-3.1733115405572776
v13,PlantCAD2-S-88M 8192bp Angiosperm 2.6M 65sp,256,78,0.00016901844,0.0006436123719417753,-3.7720659110468553,-3.191375616197618
v13,PlantCAD2-S-88M 8192bp Angiosperm 2.6M 65sp,256,79,0.00016383031,0.0006238562751795387,-3.7856057469712363,-3.204915452121999
v13,PlantCAD2-S-88M 8192bp Angiosperm 2.6M 65sp,256,80,0.00015950031,0.0006073678874597853,-3.7972384685243012,-3.2165481736750645
v13,PlantCAD2-S-88M 8192bp Angiosperm 2.6M 65sp,256,81,0.00015252974,0.0005808243630284499,-3.816645470030981,-3.2359551751817444
v13,PlantCAD2-S-88M 8192bp Angiosperm 2.6M 65sp,256,82,0.00014972096,0.0005701286924373439,-3.8247173968837846,-3.244027102034548
v13,PlantCAD2-S-88M 8192bp Angiosperm 2.6M 65sp,256,83,0.00014370598,0.0005472239990501471,-3.8425251593051257,-3.2618348644558885
v13,PlantCAD2-S-88M 8192bp Angiosperm 2.6M 65sp,256,84,0.00014237179,0.0005421434812645078,-3.846576054667033,-3.2658857598177957
v13,PlantCAD2-S-88M 8192bp Angiosperm 2.6M 65sp,256,85,0.00013863071,0.0005278976665923103,-3.8581405525079173,-3.27745025765868
v13,PlantCAD2-S-88M 8192bp Angiosperm 2.6M 65sp,256,86,0.00013556643,0.0005162290668874868,-3.867847840489039,-3.2871575456398023
v13,PlantCAD2-S-88M 8192bp Angiosperm 2.6M 65sp,256,87,0.0001318422,0.0005020474160335519,-3.8799455586817855,-3.2992552638325483
v13,PlantCAD2-S-88M 8192bp Angiosperm 2.6M 65sp,256,88,0.0001289362,0.0004909815373468075,-3.8896251334373844,-3.308934838588147
v13,PlantCAD2-S-88M 8192bp Angiosperm 2.6M 65sp,256,89,0.00012357769,0.0004705766434714781,-3.908059927179618,-3.327369632330381
v13,PlantCAD2-S-88M 8192bp Angiosperm 2.6M 65sp,256,90,0.00012117463,0.00046142593100177124,-3.9165882976972486,-3.335898002848012
v13,PlantCAD2-S-88M 8192bp Angiosperm 2.6M 65sp,256,91,0.00011455405,0.00043621514809885083,-3.9409895519432965,-3.3602992570940593
v13,PlantCAD2-S-88M 8192bp Angiosperm 2.6M 65sp,256,92,0.000113193884,0.00043103571521866004,-3.9461770379605334,-3.3654867431112963
v13,PlantCAD2-S-88M 8192bp Angiosperm 2.6M 65sp,256,93,0.00010898443,0.0004150063596434944,-3.962635542867472,-3.3819452480182353
v13,PlantCAD2-S-88M 8192bp Angiosperm 2.6M 65sp,256,94,0.000108091976,0.00041160794680884197,-3.9662065438659546,-3.3855162490167174
v13,PlantCAD2-S-88M 8192bp Angiosperm 2.6M 65sp,256,95,0.00010621237,0.00040445051667295864,-3.973824900298885,-3.3931346054496476
v13,PlantCAD2-S-88M 8192bp Angiosperm 2.6M 65sp,256,96,9.851177e-05,0.00037512708053560683,-4.006511877718887,-3.4258215828696494
v13,PlantCAD2-S-88M 8192bp Angiosperm 2.6M 65sp,256,97,9.586377e-05,0.0003650436508169215,-4.018345495665514,-3.4376552008162773
v13,PlantCAD2-S-88M 8192bp Angiosperm 2.6M 65sp,256,98,9.463245e-05,0.0003603548559977329,-4.023959916035821,-3.4432696211865843
v13,PlantCAD2-S-88M 8192bp Angiosperm 2.6M 65sp,256,99,9.379189e-05,0.00035715405249156295,-4.027834712585963,-3.4471444177367263
v13,PlantCAD2-S-88M 8192bp Angiosperm 2.6M 65sp,256,100,9.106971e-05,0.000346788149654852,-4.040626046377932,-3.459935751528695
v13,PlantCAD2-S-88M 8192bp Angiosperm 2.6M 65sp,256,101,9.009005e-05,0.0003430576614531121,-4.045323172047745,-3.464632877198508
v13,PlantCAD2-S-88M 8192bp Angiosperm 2.6M 65sp,256,102,8.582074e-05,0.0003268003777173567,-4.06640774502904,-3.485717450179803
v13,PlantCAD2-S-88M 8192bp Angiosperm 2.6M 65sp,256,103,8.442627e-05,0.0003214903172038314,-4.073522397676933,-3.4928321028276956
v13,PlantCAD2-S-88M 8192bp Angiosperm 2.6M 65sp,256,104,8.017519e-05,0.00030530245224593544,-4.095960002202718,-3.5152697073534807
v13,PlantCAD2-S-88M 8192bp Angiosperm 2.6M 65sp,256,105,7.77777e-05,0.00029617295001170183,-4.109144903719767,-3.52845460887053
v13,PlantCAD2-S-88M 8192bp Angiosperm 2.6M 65sp,256,106,7.603567e-05,0.0002895394012681817,-4.118982622851437,-3.5382923280022003
v13,PlantCAD2-S-88M 8192bp Angiosperm 2.6M 65sp,256,107,7.441516e-05,0.0002833685936045009,-4.128338580130771,-3.547648285281534
v13,PlantCAD2-S-88M 8192bp Angiosperm 2.6M 65sp,256,108,7.316485e-05,0.000278607485971733,-4.135697513441345,-3.5550072185921078
v13,PlantCAD2-S-88M 8192bp Angiosperm 2.6M 65sp,256,109,7.279485e-05,0.0002771985475291675,-4.137899344528949,-3.5572090496797126
v13,PlantCAD2-S-88M 8192bp Angiosperm 2.6M 65sp,256,110,6.98993e-05,0.0002661724618335711,-4.155527173433997,-3.5748368785847604
v13,PlantCAD2-S-88M 8192bp Angiosperm 2.6M 65sp,256,111,6.7114655e-05,0.00025556869591627954,-4.173182637942727,-3.59249234309349
v13,PlantCAD2-S-88M 8192bp Angiosperm 2.6M 65sp,256,112,6.593537e-05,0.0002510780473453581,-4.180881552401365,-3.600191257552128
v13,PlantCAD2-S-88M 8192bp Angiosperm 2.6M 65sp,256,113,6.430124e-05,0.000244855375515224,-4.191780651959681,-3.6110903571104447
v13,PlantCAD2-S-88M 8192bp Angiosperm 2.6M 65sp,256,114,6.035357e-05,0.0002298228781596492,-4.2192970356669734,-3.6386067408177367
v13,PlantCAD2-S-88M 8192bp Angiosperm 2.6M 65sp,256,115,5.9721326e-05,0.000227415329844294,-4.223870558145776,-3.643180263296539
v13,PlantCAD2-S-88M 8192bp Angiosperm 2.6M 65sp,256,116,5.9374972e-05,0.00022609643399203365,-4.22639658217126,-3.645706287322023
v13,PlantCAD2-S-88M 8192bp Angiosperm 2.6M 65sp,256,117,5.7217367e-05,0.00021788039986129953,-4.242472131215846,-3.66178183636661
v13,PlantCAD2-S-88M 8192bp Angiosperm 2.6M 65sp,256,118,5.5824596e-05,0.00021257680904078482,-4.25317441121408,-3.6724841163648434
v13,PlantCAD2-S-88M 8192bp Angiosperm 2.6M 65sp,256,119,5.45446e-05,0.00020770265884962233,-4.2632482387747626,-3.682557943925526
v13,PlantCAD2-S-88M 8192bp Angiosperm 2.6M 65sp,256,120,5.3432323e-05,0.00020346717283859132,-4.272195944212179,-3.6915056493629415
v13,PlantCAD2-S-88M 8192bp Angiosperm 2.6M 65sp,256,121,5.2136154e-05,0.00019853143680572177,-4.28286100918962,-3.702170714340383
v13,PlantCAD2-S-88M 8192bp Angiosperm 2.6M 65sp,256,122,5.0159768e-05,0.0001910054740685641,-4.299644480880546,-3.718954186031309
v13,PlantCAD2-S-88M 8192bp Angiosperm 2.6M 65sp,256,123,4.900462e-05,0.00018660673778734063,-4.309762974136323,-3.729072679287086
v13,PlantCAD2-S-88M 8192bp Angiosperm 2.6M 65sp,256,124,4.8427082e-05,0.00018440750673263137,-4.314911698813826,-3.734221403964589
v13,PlantCAD2-S-88M 8192bp Angiosperm 2.6M 65sp,256,125,4.6547775e-05,0.0001772512151713273,-4.332101073615329,-3.751410778766092
v13,PlantCAD2-S-88M 8192bp Angiosperm 2.6M 65sp,256,126,4.6019548e-05,0.00017523975753159468,-4.337057651249076,-3.7563673563998385
v13,PlantCAD2-S-88M 8192bp Angiosperm 2.6M 65sp,256,127,4.493528e-05,0.0001711109281606659,-4.347412547796061,-3.766722252946824
v13,PlantCAD2-S-88M 8192bp Angiosperm 2.6M 65sp,256,128,4.174671e-05,0.00015896903937739237,-4.379377744974295,-3.7986874501250583
v13,PlantCAD2-S-88M 8192bp Angiosperm 2.6M 65sp,256,129,4.1515294e-05,0.00015808782073246065,-4.381791882174656,-3.801101587325419
v13,PlantCAD2-S-88M 8192bp Angiosperm 2.6M 65sp,256,130,4.0196384e-05,0.00015306548829655765,-4.395813013569264,-3.8151227187200276
v13,PlantCAD2-S-88M 8192bp Angiosperm 2.6M 65sp,256,131,3.9260427e-05,0.00014950141857253516,-4.406044981283763,-3.825354686434526
v13,PlantCAD2-S-88M 8192bp Angiosperm 2.6M 65sp,256,132,3.86268e-05,0.0001470886038737582,-4.413111269072535,-3.832420974223298
v13,PlantCAD2-S-88M 8192bp Angiosperm 2.6M 65sp,256,133,3.8112274e-05,0.0001451293188437596,-4.418935137919286,-3.8382448430700493
v13,PlantCAD2-S-88M 8192bp Angiosperm 2.6M 65sp,256,134,3.5762652e-05,0.00013618209516457657,-4.446570283325207,-3.86587998847597
v13,PlantCAD2-S-88M 8192bp Angiosperm 2.6M 65sp,256,135,3.5093733e-05,0.00013363489058602928,-4.454770432438017,-3.8740801375887797
v13,PlantCAD2-S-88M 8192bp Angiosperm 2.6M 65sp,256,136,3.4657518e-05,0.00013197380928137056,-4.460202542530952,-3.8795122476817157
v13,PlantCAD2-S-88M 8192bp Angiosperm 2.6M 65sp,256,137,3.3016204e-05,0.00012572378119780027,-4.481272860710463,-3.9005825658612254
v13,PlantCAD2-S-88M 8192bp Angiosperm 2.6M 65sp,256,138,3.2432392e-05,0.0001235006591166352,-4.489021019440162,-3.908330724590925
v13,PlantCAD2-S-88M 8192bp Angiosperm 2.6M 65sp,256,139,3.1339852e-05,0.00011934033045166074,-4.503903058784311,-3.923212763935074
v13,PlantCAD2-S-88M 8192bp Angiosperm 2.6M 65sp,256,140,3.0399236e-05,0.00011575851952708715,-4.517137331034457,-3.9364470361852195
v13,PlantCAD2-S-88M 8192bp Angiosperm 2.6M 65sp,256,141,2.9952445e-05,0.00011405716543062147,-4.523567720631331,-3.9428774257820947
v13,PlantCAD2-S-88M 8192bp Angiosperm 2.6M 65sp,256,142,2.9137987e-05,0.0001109557568196619,-4.535540454796285,-3.954850159947048
v13,PlantCAD2-S-88M 8192bp Angiosperm 2.6M 65sp,256,143,2.8795159e-05,0.00010965028776996497,-4.5406805190569095,-3.9599902242076728
v13,PlantCAD2-S-88M 8192bp Angiosperm 2.6M 65sp,256,144,2.7816202e-05,0.00010592247655126597,-4.555702168486475,-3.9750118736372375
v13,PlantCAD2-S-88M 8192bp Angiosperm 2.6M 65sp,256,145,2.7452917e-05,0.00010453910843746213,-4.561411502955322,-3.980721208106085
v13,PlantCAD2-S-88M 8192bp Angiosperm 2.6M 65sp,256,146,2.7232521e-05,0.00010369985331046843,-4.564912152794807,-3.9842218579455704
v13,PlantCAD2-S-88M 8192bp Angiosperm 2.6M 65sp,256,147,2.6699949e-05,0.00010167185016389,-4.573489568187474,-3.9927992733382376
v13,PlantCAD2-S-88M 8192bp Angiosperm 2.6M 65sp,256,148,2.5960588e-05,9.885640655352865e-05,-4.585685475112679,-4.0049951802634425
v13,PlantCAD2-S-88M 8192bp Angiosperm 2.6M 65sp,256,149,2.5058807e-05,9.54224770462984e-05,-4.601039608746892,-4.020349313897655
v13,PlantCAD2-S-88M 8192bp Angiosperm 2.6M 65sp,256,150,2.3732013e-05,9.037012279774354e-05,-4.624665422435261,-4.043975127586024
v13,PlantCAD2-S-88M 8192bp Angiosperm 2.6M 65sp,256,151,2.2984652e-05,8.752421565348888e-05,-4.638562067316057,-4.05787177246682
v13,PlantCAD2-S-88M 8192bp Angiosperm 2.6M 65sp,256,152,2.247588e-05,8.558684152024306e-05,-4.648283295293855,-4.067593000444619
v13,PlantCAD2-S-88M 8192bp Angiosperm 2.6M 65sp,256,153,2.2310815e-05,8.495828361748068e-05,-4.651484564922891,-4.0707942700736535
v13,PlantCAD2-S-88M 8192bp Angiosperm 2.6M 65sp,256,154,2.200551e-05,8.379569996556859e-05,-4.65746856176956,-4.076778266920323
v13,PlantCAD2-S-88M 8192bp Angiosperm 2.6M 65sp,256,155,2.1328506e-05,8.121770817808038e-05,-4.67103956455432,-4.090349269705084
v13,PlantCAD2-S-88M 8192bp Angiosperm 2.6M 65sp,256,156,2.0739179e-05,7.897358529823762e-05,-4.683208439982996,-4.102518145133759
v13,PlantCAD2-S-88M 8192bp Angiosperm 2.6M 65sp,256,157,2.0237923e-05,7.706483165508455e-05,-4.693834060800844,-4.113143765951607
v13,PlantCAD2-S-88M 8192bp Angiosperm 2.6M 65sp,256,158,1.9190784e-05,7.307738735289635e-05,-4.716907282694504,-4.136216987845267
v13,PlantCAD2-S-88M 8192bp Angiosperm 2.6M 65sp,256,159,1.8842426e-05,7.175086038539568e-05,-4.724863181660778,-4.144172886811541
v13,PlantCAD2-S-88M 8192bp Angiosperm 2.6M 65sp,256,160,1.8468421e-05,7.032667113617481e-05,-4.733570233975081,-4.152879939125845
v13,PlantCAD2-S-88M 8192bp Angiosperm 2.6M 65sp,256,161,1.7949078e-05,6.834904325083072e-05,-4.745957855152315,-4.165267560303078
v13,PlantCAD2-S-88M 8192bp Angiosperm 2.6M 65sp,256,162,1.7696391e-05,6.73868258772184e-05,-4.75211529457598,-4.171424999726743
v13,PlantCAD2-S-88M 8192bp Angiosperm 2.6M 65sp,256,163,1.712761e-05,6.522094096829713e-05,-4.766303234595933,-4.1856129397466955
v13,PlantCAD2-S-88M 8192bp Angiosperm 2.6M 65sp,256,164,1.687364e-05,6.425383800543667e-05,-4.772791220825666,-4.192100925976429
v13,PlantCAD2-S-88M 8192bp Angiosperm 2.6M 65sp,256,165,1.5964035e-05,6.079011516205877e-05,-4.796857328727516,-4.216167033878278
v13,PlantCAD2-S-88M 8192bp Angiosperm 2.6M 65sp,256,166,1.5491722e-05,5.899157477658996e-05,-4.809900305059906,-4.229210010210669
v13,PlantCAD2-S-88M 8192bp Angiosperm 2.6M 65sp,256,167,1.5102805e-05,5.7510601500191963e-05,-4.820942384965854,-4.240252090116618
v13,PlantCAD2-S-88M 8192bp Angiosperm 2.6M 65sp,256,168,1.4294648e-05,5.44331867301151e-05,-4.844826534502552,-4.264136239653315
v13,PlantCAD2-S-88M 8192bp Angiosperm 2.6M 65sp,256,169,1.3590425e-05,5.1751546576496634e-05,-4.866766961790776,-4.286076666941539
v13,PlantCAD2-S-88M 8192bp Angiosperm 2.6M 65sp,256,170,1.3493701e-05,5.138322721995958e-05,-4.869868917382797,-4.2891786225335595
v13,PlantCAD2-S-88M 8192bp Angiosperm 2.6M 65sp,256,171,1.3191651e-05,5.023303841840034e-05,-4.879700846961713,-4.299010552112476
v13,PlantCAD2-S-88M 8192bp Angiosperm 2.6M 65sp,256,172,1.26421555e-05,4.8140591569841496e-05,-4.898178872102181,-4.317488577252944
v13,PlantCAD2-S-88M 8192bp Angiosperm 2.6M 65sp,256,173,1.2489184e-05,4.755808501047146e-05,-4.903465935995288,-4.322775641146051
v13,PlantCAD2-S-88M 8192bp Angiosperm 2.6M 65sp,256,174,1.194932e-05,4.5502314352749295e-05,-4.92265680841044,-4.3419665135612036
v13,PlantCAD2-S-88M 8192bp Angiosperm 2.6M 65sp,256,175,1.170467e-05,4.457070140687453e-05,-4.931640826238979,-4.350950531389743
v13,PlantCAD2-S-88M 8192bp Angiosperm 2.6M 65sp,256,176,1.124312e-05,4.2813145898317446e-05,-4.949113154002011,-4.368422859152774
v13,PlantCAD2-S-88M 8192bp Angiosperm 2.6M 65sp,256,177,1.1169568e-05,4.253306416770236e-05,-4.951963623558006,-4.37127332870877
v13,PlantCAD2-S-88M 8192bp Angiosperm 2.6M 65sp,256,178,1.068349e-05,4.068210746422838e-05,-4.971286852162491,-4.390596557313254
v13,PlantCAD2-S-88M 8192bp Angiosperm 2.6M 65sp,256,179,1.0244881e-05,3.901190994705209e-05,-4.989493081805831,-4.408802786956595
v13,PlantCAD2-S-88M 8192bp Angiosperm 2.6M 65sp,256,180,1.0166971e-05,3.871523320634863e-05,-4.9928084152113215,-4.412118120362084
v13,PlantCAD2-S-88M 8192bp Angiosperm 2.6M 65sp,256,181,9.940509e-06,3.7852879104780314e-05,-5.002591377148798,-4.421901082299561
v13,PlantCAD2-S-88M 8192bp Angiosperm 2.6M 65sp,256,182,9.644248e-06,3.672473447793461e-05,-5.0157316303511275,-4.43504133550189
v13,PlantCAD2-S-88M 8192bp Angiosperm 2.6M 65sp,256,183,9.247685e-06,3.5214645679018083e-05,-5.033966971861663,-4.4532766770124255
v13,PlantCAD2-S-88M 8192bp Angiosperm 2.6M 65sp,256,184,8.96474e-06,3.4137207604337796e-05,-5.047462301551069,-4.466772006701832
v13,PlantCAD2-S-88M 8192bp Angiosperm 2.6M 65sp,256,185,8.8562565e-06,3.3724108756948445e-05,-5.052749813660338,-4.4720595188111005
v13,PlantCAD2-S-88M 8192bp Angiosperm 2.6M 65sp,256,186,8.536793e-06,3.2507610361957806e-05,-5.068705249215281,-4.488014954366045
v13,PlantCAD2-S-88M 8192bp Angiosperm 2.6M 65sp,256,187,8.470126e-06,3.225374631019965e-05,-5.072110129138277,-4.49141983428904
v13,PlantCAD2-S-88M 8192bp Angiosperm 2.6M 65sp,256,188,8.106504e-06,3.086909492003056e-05,-5.091166398668041,-4.510476103818804
v13,PlantCAD2-S-88M 8192bp Angiosperm 2.6M 65sp,256,189,7.792072e-06,2.967175618388794e-05,-5.108347043159956,-4.527656748310719
v13,PlantCAD2-S-88M 8192bp Angiosperm 2.6M 65sp,256,190,7.4773056e-06,2.847314407202859e-05,-5.126254869228743,-4.5455645743795055
v13,PlantCAD2-S-88M 8192bp Angiosperm 2.6M 65sp,256,191,7.380598e-06,2.8104887165736017e-05,-5.131908448803151,-4.551218153953914
v13,PlantCAD2-S-88M 8192bp Angiosperm 2.6M 65sp,256,192,7.1602262e-06,2.726572419093233e-05,-5.145073257599956,-4.564382962750718
v13,PlantCAD2-S-88M 8192bp Angiosperm 2.6M 65sp,256,193,7.056056e-06,2.6869050138635732e-05,-5.1514379811083115,-4.570747686259075
v13,PlantCAD2-S-88M 8192bp Angiosperm 2.6M 65sp,256,194,6.8442455e-06,2.6062488095422145e-05,-5.164674420904302,-4.583984126055065
v13,PlantCAD2-S-88M 8192bp Angiosperm 2.6M 65sp,256,195,6.5577533e-06,2.4971542489813564e-05,-5.183244925340327,-4.60255463049109
v13,PlantCAD2-S-88M 8192bp Angiosperm 2.6M 65sp,256,196,6.3272755e-06,2.4093896455819155e-05,-5.198783255231875,-4.618092960382639
v13,PlantCAD2-S-88M 8192bp Angiosperm 2.6M 65sp,256,197,6.132752e-06,2.335316230140727e-05,-5.212344597224981,-4.631654302375744
v13,PlantCAD2-S-88M 8192bp Angiosperm 2.6M 65sp,256,198,5.923473e-06,2.2556240062700044e-05,-5.227423586776903,-4.646733291927666
v13,PlantCAD2-S-88M 8192bp Angiosperm 2.6M 65sp,256,199,5.7129537e-06,2.175459483385684e-05,-5.243139295616677,-4.66244900076744
v13,PlantCAD2-S-88M 8192bp Angiosperm 2.6M 65sp,256,200,5.6115605e-06,2.1368495435762954e-05,-5.250916350455369,-4.670226055606132
v13,PlantCAD2-S-88M 8192bp Angiosperm 2.6M 65sp,256,201,5.454012e-06,2.0768559927064206e-05,-5.263283910852025,-4.682593616002789
v13,PlantCAD2-S-88M 8192bp Angiosperm 2.6M 65sp,256,202,5.249552e-06,1.9989988159585965e-05,-5.27987775797114,-4.699187463121903
v13,PlantCAD2-S-88M 8192bp Angiosperm 2.6M 65sp,256,203,4.9780983e-06,1.89563082857842e-05,-5.302936531848344,-4.722246236999107
v13,PlantCAD2-S-88M 8192bp Angiosperm 2.6M 65sp,256,204,4.8976535e-06,1.8649979174366644e-05,-5.310011943662316,-4.729321648813079
v13,PlantCAD2-S-88M 8192bp Angiosperm 2.6M 65sp,256,205,4.705847e-06,1.7919591197653274e-05,-5.327362197035881,-4.746671902186644
v13,PlantCAD2-S-88M 8192bp Angiosperm 2.6M 65sp,256,206,4.6166156e-06,1.7579803225372345e-05,-5.335676285238517,-4.75498599038928
v13,PlantCAD2-S-88M 8192bp Angiosperm 2.6M 65sp,256,207,4.4936614e-06,1.711160079549426e-05,-5.34739965502585,-4.766709360176613
v13,PlantCAD2-S-88M 8192bp Angiosperm 2.6M 65sp,256,208,4.4001e-06,1.6755324435493578e-05,-5.3565374532968395,-4.775847158447602
v13,PlantCAD2-S-88M 8192bp Angiosperm 2.6M 65sp,256,209,4.079514e-06,1.5534551625903536e-05,-5.389391572128285,-4.808701277279048
v13,PlantCAD2-S-88M 8192bp Angiosperm 2.6M 65sp,256,210,3.9935044e-06,1.5207032080309795e-05,-5.398645832730279,-4.8179555378810415
v13,PlantCAD2-S-88M 8192bp Angiosperm 2.6M 65sp,256,211,3.795209e-06,1.4451934750461389e-05,-5.4207643027599595,-4.840074007910723
v13,PlantCAD2-S-88M 8192bp Angiosperm 2.6M 65sp,256,212,3.7529867e-06,1.4291154692073457e-05,-5.425622974656154,-4.844932679806917
v13,PlantCAD2-S-88M 8192bp Angiosperm 2.6M 65sp,256,213,3.6274662e-06,1.3813179941316572e-05,-5.440396625539951,-4.859706330690714
v13,PlantCAD2-S-88M 8192bp Angiosperm 2.6M 65sp,256,214,3.4175232e-06,1.3013729229296203e-05,-5.466288528523775,-4.885598233674537
v13,PlantCAD2-S-88M 8192bp Angiosperm 2.6M 65sp,256,215,3.2955738e-06,1.2549353019275116e-05,-5.482068958466566,-4.901378663617329
v13,PlantCAD2-S-88M 8192bp Angiosperm 2.6M 65sp,256,216,3.1963225e-06,1.2171409851586994e-05,-5.495349408048801,-4.914659113199565
v13,PlantCAD2-S-88M 8192bp Angiosperm 2.6M 65sp,256,217,3.1303437e-06,1.1920166425332013e-05,-5.504407975930021,-4.923717681080784
v13,PlantCAD2-S-88M 8192bp Angiosperm 2.6M 65sp,256,218,3.089958e-06,1.1766380032737637e-05,-5.510047423647077,-4.9293571287978395
v13,PlantCAD2-S-88M 8192bp Angiosperm 2.6M 65sp,256,219,2.9527248e-06,1.124380400280173e-05,-5.529777028284126,-4.949086733434889
v13,PlantCAD2-S-88M 8192bp Angiosperm 2.6M 65sp,256,220,2.8875368e-06,1.0995571896872103e-05,-5.5394724722305035,-4.958782177381266
v13,PlantCAD2-S-88M 8192bp Angiosperm 2.6M 65sp,256,221,2.7448152e-06,1.0452096359508693e-05,-5.561486889946838,-4.980796595097601
v13,PlantCAD2-S-88M 8192bp Angiosperm 2.6M 65sp,256,222,2.6055195e-06,9.92166644974092e-06,-5.584105672176473,-5.0034153773272365
v13,PlantCAD2-S-88M 8192bp Angiosperm 2.6M 65sp,256,223,2.5269062e-06,9.62231158361406e-06,-5.597410879005483,-5.016720584156245
v13,PlantCAD2-S-88M 8192bp Angiosperm 2.6M 65sp,256,224,2.4805927e-06,9.445952473993089e-06,-5.6054445386958385,-5.024754243846601
v13,PlantCAD2-S-88M 8192bp Angiosperm 2.6M 65sp,256,225,2.3616406e-06,8.992989807739306e-06,-5.626786193645839,-5.046095898796602
v13,PlantCAD2-S-88M 8192bp Angiosperm 2.6M 65sp,256,226,2.2552504e-06,8.587862124787317e-06,-5.646805231479614,-5.066114936630377
v13,PlantCAD2-S-88M 8192bp Angiosperm 2.6M 65sp,256,227,2.1996377e-06,8.376092203368764e-06,-5.657648845472401,-5.076958550623165
v13,PlantCAD2-S-88M 8192bp Angiosperm 2.6M 65sp,256,228,2.1056355e-06,8.018137302650562e-06,-5.676616806008701,-5.095926511159464
v13,PlantCAD2-S-88M 8192bp Angiosperm 2.6M 65sp,256,229,2.0581865e-06,7.837454275187613e-06,-5.686515274738264,-5.105824979889027
v13,PlantCAD2-S-88M 8192bp Angiosperm 2.6M 65sp,256,230,1.9644351e-06,7.480454406256966e-06,-5.706762314613673,-5.126072019764436
v13,PlantCAD2-S-88M 8192bp Angiosperm 2.6M 65sp,256,231,1.8177591e-06,6.921920744090093e-06,-5.740463672529295,-5.159773377680057
v13,PlantCAD2-S-88M 8192bp Angiosperm 2.6M 65sp,256,232,1.7521825e-06,6.672208872001598e-06,-5.756420661515441,-5.175730366666205
v13,PlantCAD2-S-88M 8192bp Angiosperm 2.6M 65sp,256,233,1.7283736e-06,6.581545967987547e-06,-5.7623623759305165,-5.18167208108128
v13,PlantCAD2-S-88M 8192bp Angiosperm 2.6M 65sp,256,234,1.5919778e-06,6.062158708461924e-06,-5.798062992757095,-5.217372697907858
v13,PlantCAD2-S-88M 8192bp Angiosperm 2.6M 65sp,256,235,1.5499776e-06,5.9022243939337055e-06,-5.809674578130799,-5.228984283281561
v13,PlantCAD2-S-88M 8192bp Angiosperm 2.6M 65sp,256,236,1.4402068e-06,5.484223583146751e-06,-5.841575142869703,-5.260884848020467
v13,PlantCAD2-S-88M 8192bp Angiosperm 2.6M 65sp,256,237,1.3705676e-06,5.219041566958886e-06,-5.8630995390497285,-5.282409244200492
v13,PlantCAD2-S-88M 8192bp Angiosperm 2.6M 65sp,256,238,1.3198515e-06,5.02591761304808e-06,-5.87947492967184,-5.298784634822603
v13,PlantCAD2-S-88M 8192bp Angiosperm 2.6M 65sp,256,239,1.2320429e-06,4.691547580270079e-06,-5.909374169680604,-5.328683874831368
v13,PlantCAD2-S-88M 8192bp Angiosperm 2.6M 65sp,256,240,1.1830739e-06,4.505076481367398e-06,-5.926988126581018,-5.346297831731781
v13,PlantCAD2-S-88M 8192bp Angiosperm 2.6M 65sp,256,241,1.1519799e-06,4.38667234100758e-06,-5.938555098512842,-5.357864803663606
v13,PlantCAD2-S-88M 8192bp Angiosperm 2.6M 65sp,256,242,1.0911406e-06,4.154999831308181e-06,-5.96211928436134,-5.381428989512103
v13,PlantCAD2-S-88M 8192bp Angiosperm 2.6M 65sp,256,243,1.0530038e-06,4.009777118885388e-06,-5.977570061562801,-5.396879766713564
v13,PlantCAD2-S-88M 8192bp Angiosperm 2.6M 65sp,256,244,1.0153018e-06,3.866210099529696e-06,-5.993404843866711,-5.4127145490174735
v13,PlantCAD2-S-88M 8192bp Angiosperm 2.6M 65sp,256,245,9.692926e-07,3.6910097465791925e-06,-6.013545102842425,-5.432854807993188
v13,PlantCAD2-S-88M 8192bp Angiosperm 2.6M 65sp,256,246,8.9562076e-07,3.4104716722263886e-06,-6.04787584826747,-5.467185553418234
v13,PlantCAD2-S-88M 8192bp Angiosperm 2.6M 65sp,256,247,8.358783e-07,3.1829758653414316e-06,-6.077856949218739,-5.497166654369502
v13,PlantCAD2-S-88M 8192bp Angiosperm 2.6M 65sp,256,248,8.127999e-07,3.0950946627660144e-06,-6.0900163584920595,-5.509326063642822
v13,PlantCAD2-S-88M 8192bp Angiosperm 2.6M 65sp,256,249,7.5357536e-07,2.86957106506531e-06,-6.122873310309367,-5.542183015460131
v13,PlantCAD2-S-88M 8192bp Angiosperm 2.6M 65sp,256,250,7.094022e-07,2.7013622454609903e-06,-6.149107469026779,-5.568417174177542
v13,PlantCAD2-S-88M 8192bp Angiosperm 2.6M 65sp,256,251,6.329248e-07,2.4101407620894724e-06,-6.198647886957564,-5.617957592108327
v13,PlantCAD2-S-88M 8192bp Angiosperm 2.6M 65sp,256,252,6.1637974e-07,2.3471381375798687e-06,-6.210151644695356,-5.629461349846119
v13,PlantCAD2-S-88M 8192bp Angiosperm 2.6M 65sp,256,253,5.566229e-07,2.1195875724927388e-06,-6.2544389303428805,-5.673748635493644
v13,PlantCAD2-S-88M 8192bp Angiosperm 2.6M 65sp,256,254,5.319097e-07,2.0254811467662234e-06,-6.274162089735703,-5.693471794886467
v13,PlantCAD2-S-88M 8192bp Angiosperm 2.6M 65sp,256,255,4.689747e-07,1.7858283335692988e-06,-6.328850585742837,-5.7481602908936
v13,PlantCAD2-S-88M 8192bp Angiosperm 2.6M 65sp,256,256,1.4927514e-14,5.684310358523045e-14,-13.826012512836192,-13.245322217986955
v13,PlantCAD2-S-88M 8192bp Angiosperm 2.6M 65sp,512,1,0.21838543,1.0,-0.660776339784507,0.0
v13,PlantCAD2-S-88M 8192bp Angiosperm 2.6M 65sp,512,2,0.068703204,0.314596097367851,-1.1630230089801377,-0.5022466691956307
v13,PlantCAD2-S-88M 8192bp Angiosperm 2.6M 65sp,512,3,0.023962682,0.10972656005485347,-1.6204645755725962,-0.959688235788089
v13,PlantCAD2-S-88M 8192bp Angiosperm 2.6M 65sp,512,4,0.011462252,0.05248634032041423,-1.9407300477185785,-1.2799537079340715
v13,PlantCAD2-S-88M 8192bp Angiosperm 2.6M 65sp,512,5,0.009026331,0.04133211176221784,-2.044488744731477,-1.3837124049469698
v13,PlantCAD2-S-88M 8192bp Angiosperm 2.6M 65sp,512,6,0.008016214,0.03670672535251093,-2.0960306974425764,-1.4352543576580694
v13,PlantCAD2-S-88M 8192bp Angiosperm 2.6M 65sp,512,7,0.0057045277,0.026121374947037448,-2.2437803066839432,-1.583003966899436
v13,PlantCAD2-S-88M 8192bp Angiosperm 2.6M 65sp,512,8,0.005203781,0.023828425733346772,-2.2836809889153824,-1.6229046491308754
v13,PlantCAD2-S-88M 8192bp Angiosperm 2.6M 65sp,512,9,0.0037301932,0.017080778694805787,-2.428268673949763,-1.767492334165256
v13,PlantCAD2-S-88M 8192bp Angiosperm 2.6M 65sp,512,10,0.0036124382,0.016541571477547746,-2.44219957389036,-1.7814232341058531
v13,PlantCAD2-S-88M 8192bp Angiosperm 2.6M 65sp,512,11,0.0026488674,0.01212932291316321,-2.576939781562967,-1.91616344177846
v13,PlantCAD2-S-88M 8192bp Angiosperm 2.6M 65sp,512,12,0.0025252807,0.011563411991358583,-2.5976903404421496,-1.9369140006576426
v13,PlantCAD2-S-88M 8192bp Angiosperm 2.6M 65sp,512,13,0.0023252496,0.010647457570772923,-2.6335304216624262,-1.9727540818779192
v13,PlantCAD2-S-88M 8192bp Angiosperm 2.6M 65sp,512,14,0.0022555056,0.01032809560601181,-2.646756090292682,-1.9859797505081749
v13,PlantCAD2-S-88M 8192bp Angiosperm 2.6M 65sp,512,15,0.0019834433,0.009082305994497894,-2.702580210036862,-2.041803870252355
v13,PlantCAD2-S-88M 8192bp Angiosperm 2.6M 65sp,512,16,0.0019040733,0.00871886599760799,-2.7203163368481977,-2.0595399970636907
v13,PlantCAD2-S-88M 8192bp Angiosperm 2.6M 65sp,512,17,0.0017441332,0.007986490673851274,-2.758420350930976,-2.097644011146469
v13,PlantCAD2-S-88M 8192bp Angiosperm 2.6M 65sp,512,18,0.0016379823,0.007500419327424911,-2.7856907955266763,-2.1249144557421693
v13,PlantCAD2-S-88M 8192bp Angiosperm 2.6M 65sp,512,19,0.0015378096,0.007041722517843796,-2.8130974322772073,-2.1523210924927003
v13,PlantCAD2-S-88M 8192bp Angiosperm 2.6M 65sp,512,20,0.0014929101,0.006836125010720725,-2.8259663438151263,-2.1651900040306193
v13,PlantCAD2-S-88M 8192bp Angiosperm 2.6M 65sp,512,21,0.0013983774,0.006403254099872872,-2.8543756035416257,-2.1935992637571187
v13,PlantCAD2-S-88M 8192bp Angiosperm 2.6M 65sp,512,22,0.0013634309,0.006243231977517914,-2.8653668676300508,-2.2045905278455438
v13,PlantCAD2-S-88M 8192bp Angiosperm 2.6M 65sp,512,23,0.0012762629,0.005844084470287236,-2.8940598551925922,-2.2332835154080852
v13,PlantCAD2-S-88M 8192bp Angiosperm 2.6M 65sp,512,24,0.001251228,0.005729448159613945,-2.9026635455266896,-2.2418872057421826
v13,PlantCAD2-S-88M 8192bp Angiosperm 2.6M 65sp,512,25,0.0011522571,0.005276254464411843,-2.9384506071510907,-2.2776742673665837
v13,PlantCAD2-S-88M 8192bp Angiosperm 2.6M 65sp,512,26,0.0011187772,0.005122947991539545,-2.951256392868158,-2.290480053083651
v13,PlantCAD2-S-88M 8192bp Angiosperm 2.6M 65sp,512,27,0.0010890476,0.00498681436760685,-2.9629531377230514,-2.3021767979385444
v13,PlantCAD2-S-88M 8192bp Angiosperm 2.6M 65sp,512,28,0.0010554702,0.004833061436378792,-2.97655402399371,-2.315777684209203
v13,PlantCAD2-S-88M 8192bp Angiosperm 2.6M 65sp,512,29,0.0010167338,0.0046556851343058925,-2.9927927386446993,-2.3320163988601923
v13,PlantCAD2-S-88M 8192bp Angiosperm 2.6M 65sp,512,30,0.0009123798,0.004177841900899708,-3.039824338526524,-2.379047998742017
v13,PlantCAD2-S-88M 8192bp Angiosperm 2.6M 65sp,512,31,0.0008521152,0.0039018866780627264,-3.0695016876954346,-2.4087253479109276
v13,PlantCAD2-S-88M 8192bp Angiosperm 2.6M 65sp,512,32,0.000788077,0.0036086519141867663,-3.1034313471787534,-2.4426550073942463
v13,PlantCAD2-S-88M 8192bp Angiosperm 2.6M 65sp,512,33,0.0007525906,0.0034461575573059068,-3.1234412104031124,-2.4626648706186054
v13,PlantCAD2-S-88M 8192bp Angiosperm 2.6M 65sp,512,34,0.000718839,0.0032916069538155546,-3.1433683686452545,-2.482592028860747
v13,PlantCAD2-S-88M 8192bp Angiosperm 2.6M 65sp,512,35,0.00067806384,0.003104895047256587,-3.1687294151970864,-2.5079530754125794
v13,PlantCAD2-S-88M 8192bp Angiosperm 2.6M 65sp,512,36,0.0006643884,0.0030422743861621177,-3.1775779587913373,-2.51680161900683
v13,PlantCAD2-S-88M 8192bp Angiosperm 2.6M 65sp,512,37,0.0006492277,0.0029728526303242847,-3.1876029588080526,-2.526826619023545
v13,PlantCAD2-S-88M 8192bp Angiosperm 2.6M 65sp,512,38,0.00062841125,0.0028775328555572595,-3.201756048697011,-2.540979708912504
v13,PlantCAD2-S-88M 8192bp Angiosperm 2.6M 65sp,512,39,0.0006109373,0.0027975185890377393,-3.214003358761173,-2.553227018976666
v13,PlantCAD2-S-88M 8192bp Angiosperm 2.6M 65sp,512,40,0.0005884861,0.002694713195839118,-3.2302637907043037,-2.5694874509197967
v13,PlantCAD2-S-88M 8192bp Angiosperm 2.6M 65sp,512,41,0.00056799327,0.0026008752964884153,-3.245656810097395,-2.5848804703128874
v13,PlantCAD2-S-88M 8192bp Angiosperm 2.6M 65sp,512,42,0.0005519779,0.0025275399553898814,-3.258078310133459,-2.597301970348952
v13,PlantCAD2-S-88M 8192bp Angiosperm 2.6M 65sp,512,43,0.00053360744,0.0024434205157367874,-3.27277812375339,-2.612001783968883
v13,PlantCAD2-S-88M 8192bp Angiosperm 2.6M 65sp,512,44,0.0005275537,0.002415700076694677,-3.277733326690597,-2.6169569869060894
v13,PlantCAD2-S-88M 8192bp Angiosperm 2.6M 65sp,512,45,0.0005071604,0.0023223179311916554,-3.29485466430001,-2.634078324515503
v13,PlantCAD2-S-88M 8192bp Angiosperm 2.6M 65sp,512,46,0.00048582227,0.0022246093523730043,-3.313522581098543,-2.652746241314036
v13,PlantCAD2-S-88M 8192bp Angiosperm 2.6M 65sp,512,47,0.00048364277,0.0022146292909742196,-3.3154753001320785,-2.6546989603475715
v13,PlantCAD2-S-88M 8192bp Angiosperm 2.6M 65sp,512,48,0.00045804487,0.002097414969487662,-3.3390919764963267,-2.6783156367118197
v13,PlantCAD2-S-88M 8192bp Angiosperm 2.6M 65sp,512,49,0.0004518958,0.0020692580086501193,-3.3449616950602574,-2.6841853552757504
v13,PlantCAD2-S-88M 8192bp Angiosperm 2.6M 65sp,512,50,0.00044933165,0.002057516611799606,-3.3474329895168315,-2.6866566497323245
v13,PlantCAD2-S-88M 8192bp Angiosperm 2.6M 65sp,512,51,0.00042668998,0.00195383904503153,-3.36988755559816,-2.7091112158136523
v13,PlantCAD2-S-88M 8192bp Angiosperm 2.6M 65sp,512,52,0.00040777,0.001867203320294765,-3.389584728812211,-2.728808389027704
v13,PlantCAD2-S-88M 8192bp Angiosperm 2.6M 65sp,512,53,0.0003889886,0.001781202161700989,-3.410063126256918,-2.7492867864724104
v13,PlantCAD2-S-88M 8192bp Angiosperm 2.6M 65sp,512,54,0.00038685597,0.0017714367208471738,-3.4124506966788095,-2.7516743568943025
v13,PlantCAD2-S-88M 8192bp Angiosperm 2.6M 65sp,512,55,0.0003742625,0.0017137704653648368,-3.4268236857334298,-2.7660473459489228
v13,PlantCAD2-S-88M 8192bp Angiosperm 2.6M 65sp,512,56,0.00036068485,0.0016515975905535458,-3.442872099155385,-2.782095759370878
v13,PlantCAD2-S-88M 8192bp Angiosperm 2.6M 65sp,512,57,0.00035642576,0.0016320949616464798,-3.448030915685755,-2.7872545759012475
v13,PlantCAD2-S-88M 8192bp Angiosperm 2.6M 65sp,512,58,0.00034722622,0.0015899697154704872,-3.4593874874950696,-2.7986111477105626
v13,PlantCAD2-S-88M 8192bp Angiosperm 2.6M 65sp,512,59,0.0003354419,0.0015360086064349623,-3.474382690679677,-2.81360635089517
v13,PlantCAD2-S-88M 8192bp Angiosperm 2.6M 65sp,512,60,0.000326117,0.0014933093292899624,-3.486626561470779,-2.825850221686272
v13,PlantCAD2-S-88M 8192bp Angiosperm 2.6M 65sp,512,61,0.0003098033,0.0014186079172040004,-3.508913960482051,-2.848137620697544
v13,PlantCAD2-S-88M 8192bp Angiosperm 2.6M 65sp,512,62,0.0003036282,0.001390331763433119,-3.5176578950438944,-2.8568815552593874
v13,PlantCAD2-S-88M 8192bp Angiosperm 2.6M 65sp,512,63,0.00029122748,0.0013335481217771718,-3.535767647733712,-2.874991307949205
v13,PlantCAD2-S-88M 8192bp Angiosperm 2.6M 65sp,512,64,0.00028646417,0.0013117366392071121,-3.542929690430941,-2.882153350646434
v13,PlantCAD2-S-88M 8192bp Angiosperm 2.6M 65sp,512,65,0.00028155048,0.0012892365575853666,-3.5504437279174543,-2.8896673881329473
v13,PlantCAD2-S-88M 8192bp Angiosperm 2.6M 65sp,512,66,0.00027543693,0.0012612422449611222,-3.5599778308911323,-2.8992014911066253
v13,PlantCAD2-S-88M 8192bp Angiosperm 2.6M 65sp,512,67,0.0002677228,0.0012259187803875013,-3.5723146415417246,-2.9115383017572176
v13,PlantCAD2-S-88M 8192bp Angiosperm 2.6M 65sp,512,68,0.0002605906,0.0011932600082340658,-3.5840412541712405,-2.9232649143867335
v13,PlantCAD2-S-88M 8192bp Angiosperm 2.6M 65sp,512,69,0.00025659904,0.001174982415264608,-3.5907449727603207,-2.9299686329758137
v13,PlantCAD2-S-88M 8192bp Angiosperm 2.6M 65sp,512,70,0.0002493121,0.0011416150793576293,-3.6032566431339803,-2.9424803033494733
v13,PlantCAD2-S-88M 8192bp Angiosperm 2.6M 65sp,512,71,0.00024210608,0.001108618280990632,-3.6159943040019096,-2.9552179642174026
v13,PlantCAD2-S-88M 8192bp Angiosperm 2.6M 65sp,512,72,0.00023516722,0.001076844824309021,-3.6286232147611286,-2.9678468749766216
v13,PlantCAD2-S-88M 8192bp Angiosperm 2.6M 65sp,512,73,0.00022775866,0.0010429205831176559,-3.642525100990701,-2.981748761206194
v13,PlantCAD2-S-88M 8192bp Angiosperm 2.6M 65sp,512,74,0.0002211837,0.0010128134463915474,-3.655246881259247,-2.99447054147474
v13,PlantCAD2-S-88M 8192bp Angiosperm 2.6M 65sp,512,75,0.00021735838,0.0009952970763663126,-3.6628236114308104,-3.0020472716463034
v13,PlantCAD2-S-88M 8192bp Angiosperm 2.6M 65sp,512,76,0.00021029124,0.0009629362178603215,-3.6771788181310816,-3.0164024783465746
v13,PlantCAD2-S-88M 8192bp Angiosperm 2.6M 65sp,512,77,0.00020678184,0.0009468664644889542,-3.684487604524411,-3.023711264739904
v13,PlantCAD2-S-88M 8192bp Angiosperm 2.6M 65sp,512,78,0.00019854355,0.000909142839794761,-3.7021442171113472,-3.04136787732684
v13,PlantCAD2-S-88M 8192bp Angiosperm 2.6M 65sp,512,79,0.00019369619,0.000886946487226735,-3.712878921760236,-3.052102581975729
v13,PlantCAD2-S-88M 8192bp Angiosperm 2.6M 65sp,512,80,0.00018820039,0.000861780888953993,-3.72537948093707,-3.064603141152563
v13,PlantCAD2-S-88M 8192bp Angiosperm 2.6M 65sp,512,81,0.0001837678,0.0008414837931266752,-3.7357305838498887,-3.0749542440653816
v13,PlantCAD2-S-88M 8192bp Angiosperm 2.6M 65sp,512,82,0.00017691306,0.0008100955269772348,-3.7522401056059653,-3.091463765821458
v13,PlantCAD2-S-88M 8192bp Angiosperm 2.6M 65sp,512,83,0.00017233116,0.0007891147316924943,-3.76363618864289,-3.102859848858383
v13,PlantCAD2-S-88M 8192bp Angiosperm 2.6M 65sp,512,84,0.00016967111,0.0007769342029823144,-3.770392098965143,-3.109615759180636
v13,PlantCAD2-S-88M 8192bp Angiosperm 2.6M 65sp,512,85,0.00016859535,0.0007720082333331486,-3.7731544077491765,-3.112378067964669
v13,PlantCAD2-S-88M 8192bp Angiosperm 2.6M 65sp,512,86,0.00016647737,0.0007623098757091991,-3.7786447937017007,-3.1178684539171932
v13,PlantCAD2-S-88M 8192bp Angiosperm 2.6M 65sp,512,87,0.0001639089,0.0007505486973192305,-3.785397464269957,-3.12462112448545
v13,PlantCAD2-S-88M 8192bp Angiosperm 2.6M 65sp,512,88,0.00015983716,0.0007319039553142351,-3.796322245630143,-3.135545905845636
v13,PlantCAD2-S-88M 8192bp Angiosperm 2.6M 65sp,512,89,0.00015718299,0.0007197503514772025,-3.803594454154398,-3.142818114369891
v13,PlantCAD2-S-88M 8192bp Angiosperm 2.6M 65sp,512,90,0.00015155619,0.0006939848963367199,-3.819426321071723,-3.158649981287216
v13,PlantCAD2-S-88M 8192bp Angiosperm 2.6M 65sp,512,91,0.00014939922,0.0006841080011610665,-3.8256516699274483,-3.1648753301429413
v13,PlantCAD2-S-88M 8192bp Angiosperm 2.6M 65sp,512,92,0.00014534265,0.0006655327234971674,-3.8376069256765066,-3.1768305858919996
v13,PlantCAD2-S-88M 8192bp Angiosperm 2.6M 65sp,512,93,0.00014181943,0.0006493996875157835,-3.8482642644723555,-3.1874879246878485
v13,PlantCAD2-S-88M 8192bp Angiosperm 2.6M 65sp,512,94,0.00013908248,0.0006368670290870595,-3.8567275739514444,-3.1959512341669374
v13,PlantCAD2-S-88M 8192bp Angiosperm 2.6M 65sp,512,95,0.000137416,0.0006292361170797887,-3.86196269735537,-3.201186357570863
v13,PlantCAD2-S-88M 8192bp Angiosperm 2.6M 65sp,512,96,0.00013456962,0.0006162023721087987,-3.8710529739571413,-3.210276634172634
v13,PlantCAD2-S-88M 8192bp Angiosperm 2.6M 65sp,512,97,0.00013143382,0.0006018433555755071,-3.8812928695592728,-3.2205165297747658
v13,PlantCAD2-S-88M 8192bp Angiosperm 2.6M 65sp,512,98,0.00012791881,0.0005857479136772082,-3.893065589387192,-3.232289249602685
v13,PlantCAD2-S-88M 8192bp Angiosperm 2.6M 65sp,512,99,0.00012476715,0.0005713162732513794,-3.903899745195999,-3.243123405411492
v13,PlantCAD2-S-88M 8192bp Angiosperm 2.6M 65sp,512,100,0.00012250974,0.0005609794572833911,-3.9118293818292655,-3.2510530420447585
v13,PlantCAD2-S-88M 8192bp Angiosperm 2.6M 65sp,512,101,0.00011887609,0.000544340755699682,-3.924905487898357,-3.26412914811385
v13,PlantCAD2-S-88M 8192bp Angiosperm 2.6M 65sp,512,102,0.000114615716,0.0005248322472795003,-3.940755828231527,-3.2799794884470197
v13,PlantCAD2-S-88M 8192bp Angiosperm 2.6M 65sp,512,103,0.00011295883,0.0005172452667744364,-3.9470798145852544,-3.2863034748007474
v13,PlantCAD2-S-88M 8192bp Angiosperm 2.6M 65sp,512,104,0.00011002945,0.000503831459818542,-3.9584910579264534,-3.2977147181419464
v13,PlantCAD2-S-88M 8192bp Angiosperm 2.6M 65sp,512,105,0.00010680452,0.0004890643116621837,-3.9714103674430428,-3.3106340276585358
v13,PlantCAD2-S-88M 8192bp Angiosperm 2.6M 65sp,512,106,0.000103743594,0.00047504814767175633,-3.984038710773403,-3.323262370988896
v13,PlantCAD2-S-88M 8192bp Angiosperm 2.6M 65sp,512,107,0.00010241679,0.0004689726324691167,-3.9896288401705715,-3.3288525003860645
v13,PlantCAD2-S-88M 8192bp Angiosperm 2.6M 65sp,512,108,9.925484e-05,0.00045449387351527984,-4.003248306388105,-3.3424719666035982
v13,PlantCAD2-S-88M 8192bp Angiosperm 2.6M 65sp,512,109,9.7447504e-05,0.00044621797342432595,-4.011229280331987,-3.35045294054748
v13,PlantCAD2-S-88M 8192bp Angiosperm 2.6M 65sp,512,110,9.5889285e-05,0.00043908279503811226,-4.0182299196839875,-3.3574535798994805
v13,PlantCAD2-S-88M 8192bp Angiosperm 2.6M 65sp,512,111,9.355147e-05,0.00042837779974607283,-4.0289493839216135,-3.368173044137106
v13,PlantCAD2-S-88M 8192bp Angiosperm 2.6M 65sp,512,112,9.0317975e-05,0.0004135714319403085,-4.044225808197623,-3.3834494684131156
v13,PlantCAD2-S-88M 8192bp Angiosperm 2.6M 65sp,512,113,8.979638e-05,0.00041118301710878793,-4.046741170879615,-3.385964831095108
v13,PlantCAD2-S-88M 8192bp Angiosperm 2.6M 65sp,512,114,8.543003e-05,0.0003911892382197842,-4.068389441128175,-3.4076131013436677
v13,PlantCAD2-S-88M 8192bp Angiosperm 2.6M 65sp,512,115,8.461337e-05,0.00038744970303192846,-4.07256100742851,-3.4117846676440022
v13,PlantCAD2-S-88M 8192bp Angiosperm 2.6M 65sp,512,116,8.387842e-05,0.00038408432284150096,-4.076349758842651,-3.4155734190581444
v13,PlantCAD2-S-88M 8192bp Angiosperm 2.6M 65sp,512,117,8.120409e-05,0.00037183840515367714,-4.090422096132005,-3.4296457563474982
v13,PlantCAD2-S-88M 8192bp Angiosperm 2.6M 65sp,512,118,8.110785e-05,0.00037139771641359043,-4.0909371106877614,-3.430160770903254
v13,PlantCAD2-S-88M 8192bp Angiosperm 2.6M 65sp,512,119,7.8070574e-05,0.0003574898471935605,-4.107512627550693,-3.4467362877661865
v13,PlantCAD2-S-88M 8192bp Angiosperm 2.6M 65sp,512,120,7.708957e-05,0.0003529977709593539,-4.113004376785096,-3.4522280370005882
v13,PlantCAD2-S-88M 8192bp Angiosperm 2.6M 65sp,512,121,7.5993514e-05,0.00034797886470722887,-4.119223472906231,-3.4584471331217244
v13,PlantCAD2-S-88M 8192bp Angiosperm 2.6M 65sp,512,122,7.4682226e-05,0.0003419743982004661,-4.126782745823266,-3.4660064060387588
v13,PlantCAD2-S-88M 8192bp Angiosperm 2.6M 65sp,512,123,7.2554096e-05,0.0003322295631169168,-4.1393380646875215,-3.478561724903015
v13,PlantCAD2-S-88M 8192bp Angiosperm 2.6M 65sp,512,124,7.150755e-05,0.0003274373661283173,-4.14564810155231,-3.4848717617678027
v13,PlantCAD2-S-88M 8192bp Angiosperm 2.6M 65sp,512,125,6.890451e-05,0.00031551788963210596,-4.161752351328778,-3.5009760115442714
v13,PlantCAD2-S-88M 8192bp Angiosperm 2.6M 65sp,512,126,6.782105e-05,0.0003105566612204853,-4.16863549079391,-3.5078591510094026
v13,PlantCAD2-S-88M 8192bp Angiosperm 2.6M 65sp,512,127,6.676101e-05,0.00030570267439544843,-4.175477101679599,-3.5147007618950914
v13,PlantCAD2-S-88M 8192bp Angiosperm 2.6M 65sp,512,128,6.507139e-05,0.00029796580293841034,-4.186609916135635,-3.5258335763511277
v13,PlantCAD2-S-88M 8192bp Angiosperm 2.6M 65sp,512,129,6.347731e-05,0.0002906664148794175,-4.19738148577525,-3.536605145990743
v13,PlantCAD2-S-88M 8192bp Angiosperm 2.6M 65sp,512,130,6.2150575e-05,0.000284591215631922,-4.206554849030833,-3.5457785092463263
v13,PlantCAD2-S-88M 8192bp Angiosperm 2.6M 65sp,512,131,6.1011084e-05,0.00027937341790613046,-4.214591258714608,-3.553814918930102
v13,PlantCAD2-S-88M 8192bp Angiosperm 2.6M 65sp,512,132,6.0298647e-05,0.0002761111260948132,-4.219692432586654,-3.558916092802147
v13,PlantCAD2-S-88M 8192bp Angiosperm 2.6M 65sp,512,133,5.862049e-05,0.0002684267444032324,-4.231950555679113,-3.571174215894606
v13,PlantCAD2-S-88M 8192bp Angiosperm 2.6M 65sp,512,134,5.7513505e-05,0.0002633577936037216,-4.240230164731002,-3.5794538249464942
v13,PlantCAD2-S-88M 8192bp Angiosperm 2.6M 65sp,512,135,5.7204717e-05,0.00026194383480619563,-4.242568158573965,-3.5817918187894584
v13,PlantCAD2-S-88M 8192bp Angiosperm 2.6M 65sp,512,136,5.512557e-05,0.0002524232958215207,-4.258646906883292,-3.5978705670987843
v13,PlantCAD2-S-88M 8192bp Angiosperm 2.6M 65sp,512,137,5.3729917e-05,0.00024603251691287284,-4.269783830312933,-3.6090074905284264
v13,PlantCAD2-S-88M 8192bp Angiosperm 2.6M 65sp,512,138,5.3216052e-05,0.000243679498215609,-4.273957348090047,-3.61318100830554
v13,PlantCAD2-S-88M 8192bp Angiosperm 2.6M 65sp,512,139,5.2211322e-05,0.00023907877920244038,-4.282235310236203,-3.621458970451696
v13,PlantCAD2-S-88M 8192bp Angiosperm 2.6M 65sp,512,140,5.2054704e-05,0.00023836161597410598,-4.283540018719549,-3.622763678935042
v13,PlantCAD2-S-88M 8192bp Angiosperm 2.6M 65sp,512,141,5.0285013e-05,0.00023025809459907651,-4.298561433259074,-3.6377850934745672
v13,PlantCAD2-S-88M 8192bp Angiosperm 2.6M 65sp,512,142,4.9793693e-05,0.00022800831081084484,-4.302825662637081,-3.6420493228525737
v13,PlantCAD2-S-88M 8192bp Angiosperm 2.6M 65sp,512,143,4.8103648e-05,0.0002202694932532816,-4.317821987114847,-3.65704564733034
v13,PlantCAD2-S-88M 8192bp Angiosperm 2.6M 65sp,512,144,4.661806e-05,0.0002134668965782195,-4.331445803505822,-3.6706694637213153
v13,PlantCAD2-S-88M 8192bp Angiosperm 2.6M 65sp,512,145,4.624096e-05,0.00021174013302993703,-4.334973158186689,-3.674196818402182
v13,PlantCAD2-S-88M 8192bp Angiosperm 2.6M 65sp,512,146,4.5557925e-05,0.0002086124747424771,-4.341436064697677,-3.6806597249131703
v13,PlantCAD2-S-88M 8192bp Angiosperm 2.6M 65sp,512,147,4.4042452e-05,0.00020167303285754915,-4.356128510308234,-3.695352170523727
v13,PlantCAD2-S-88M 8192bp Angiosperm 2.6M 65sp,512,148,4.3133947e-05,0.0001975129338985664,-4.365180799635407,-3.7044044598509
v13,PlantCAD2-S-88M 8192bp Angiosperm 2.6M 65sp,512,149,4.2957214e-05,0.00019670366287714342,-4.366963892663747,-3.706187552879239
v13,PlantCAD2-S-88M 8192bp Angiosperm 2.6M 65sp,512,150,4.1597326e-05,0.00019047665405150886,-4.380934586218686,-3.720158246434179
v13,PlantCAD2-S-88M 8192bp Angiosperm 2.6M 65sp,512,151,4.0611943e-05,0.00018596452611330345,-4.391346232031948,-3.7305698922474404
v13,PlantCAD2-S-88M 8192bp Angiosperm 2.6M 65sp,512,152,3.9984112e-05,0.00018308965025734547,-4.398112544708175,-3.7373362049236682
v13,PlantCAD2-S-88M 8192bp Angiosperm 2.6M 65sp,512,153,3.9432452e-05,0.00018056356598514838,-4.404146216663518,-3.743369876879011
v13,PlantCAD2-S-88M 8192bp Angiosperm 2.6M 65sp,512,154,3.8412974e-05,0.00017589531499422834,-4.415522067690611,-3.754745727906103
v13,PlantCAD2-S-88M 8192bp Angiosperm 2.6M 65sp,512,155,3.7678208e-05,0.0001725307773508517,-4.423909760715106,-3.763133420930599
v13,PlantCAD2-S-88M 8192bp Angiosperm 2.6M 65sp,512,156,3.74391e-05,0.000171435887458243,-4.426674599830612,-3.765898260046105
v13,PlantCAD2-S-88M 8192bp Angiosperm 2.6M 65sp,512,157,3.5933226e-05,0.00016454039997082224,-4.444503791114138,-3.7837274513296304
v13,PlantCAD2-S-88M 8192bp Angiosperm 2.6M 65sp,512,158,3.5643337e-05,0.00016321298082935294,-4.448021643219798,-3.787245303435291
v13,PlantCAD2-S-88M 8192bp Angiosperm 2.6M 65sp,512,159,3.4952624e-05,0.00016005016451875933,-4.456520214884159,-3.7957438750996513
v13,PlantCAD2-S-88M 8192bp Angiosperm 2.6M 65sp,512,160,3.409469e-05,0.00015612163320602478,-4.4673132539479425,-3.806536914163436
v13,PlantCAD2-S-88M 8192bp Angiosperm 2.6M 65sp,512,161,3.3725868e-05,0.00015443277511691144,-4.4720368641094534,-3.811260524324946
v13,PlantCAD2-S-88M 8192bp Angiosperm 2.6M 65sp,512,162,3.3248027e-05,0.00015224471247921622,-4.478234121441665,-3.817457781657158
v13,PlantCAD2-S-88M 8192bp Angiosperm 2.6M 65sp,512,163,3.2622593e-05,0.0001493808126302199,-4.486481522117464,-3.825705182332957
v13,PlantCAD2-S-88M 8192bp Angiosperm 2.6M 65sp,512,164,3.1176885e-05,0.0001427608288703143,-4.506167278976937,-3.8453909391924297
v13,PlantCAD2-S-88M 8192bp Angiosperm 2.6M 65sp,512,165,3.0431884e-05,0.00013934942454723286,-4.516671160179586,-3.8558948203950787
v13,PlantCAD2-S-88M 8192bp Angiosperm 2.6M 65sp,512,166,2.9556068e-05,0.00013533901048252167,-4.529353342925601,-3.868577003141094
v13,PlantCAD2-S-88M 8192bp Angiosperm 2.6M 65sp,512,167,2.9413983e-05,0.00013468839473402598,-4.531446162919016,-3.8706698231345094
v13,PlantCAD2-S-88M 8192bp Angiosperm 2.6M 65sp,512,168,2.9169232e-05,0.00013356766520550387,-4.535075005316147,-3.8742986655316396
v13,PlantCAD2-S-88M 8192bp Angiosperm 2.6M 65sp,512,169,2.875772e-05,0.00013168332704246798,-4.541245549119141,-3.8804692093346342
v13,PlantCAD2-S-88M 8192bp Angiosperm 2.6M 65sp,512,170,2.8201974e-05,0.00012913853273086945,-4.549720492130877,-3.8889441523463706
v13,PlantCAD2-S-88M 8192bp Angiosperm 2.6M 65sp,512,171,2.787578e-05,0.00012764487081395496,-4.554772971658347,-3.8939966318738404
v13,PlantCAD2-S-88M 8192bp Angiosperm 2.6M 65sp,512,172,2.6997934e-05,0.0001236251612573238,-4.568669468682849,-3.907893128898342
v13,PlantCAD2-S-88M 8192bp Angiosperm 2.6M 65sp,512,173,2.6401463e-05,0.00012089388472481887,-4.578372006644466,-3.917595666859959
v13,PlantCAD2-S-88M 8192bp Angiosperm 2.6M 65sp,512,174,2.579144e-05,0.00011810055277039316,-4.588524409448133,-3.9277480696636258
v13,PlantCAD2-S-88M 8192bp Angiosperm 2.6M 65sp,512,175,2.5024196e-05,0.00011458729641441739,-4.601639867030368,-3.9408635272458614
v13,PlantCAD2-S-88M 8192bp Angiosperm 2.6M 65sp,512,176,2.4458093e-05,0.00011199507677778687,-4.611577407964638,-3.95080106818013
v13,PlantCAD2-S-88M 8192bp Angiosperm 2.6M 65sp,512,177,2.4333991e-05,0.0001114268062663338,-4.613786656908335,-3.953010317123828
v13,PlantCAD2-S-88M 8192bp Angiosperm 2.6M 65sp,512,178,2.4082397e-05,0.00011027474222982733,-4.618300288507895,-3.957523948723388
v13,PlantCAD2-S-88M 8192bp Angiosperm 2.6M 65sp,512,179,2.349359e-05,0.00010757855961361526,-4.629050614637403,-3.968274274852895
v13,PlantCAD2-S-88M 8192bp Angiosperm 2.6M 65sp,512,180,2.2757995e-05,0.00010421022592944961,-4.64286600232936,-3.982089662544853
v13,PlantCAD2-S-88M 8192bp Angiosperm 2.6M 65sp,512,181,2.261452e-05,0.00010355324528747179,-4.645612625851453,-3.984836286066946
v13,PlantCAD2-S-88M 8192bp Angiosperm 2.6M 65sp,512,182,2.1809685e-05,9.986785748481481e-05,-4.6613506069453585,-4.000574267160852
v13,PlantCAD2-S-88M 8192bp Angiosperm 2.6M 65sp,512,183,2.116925e-05,9.693526715587208e-05,-4.674294528217305,-4.013518188432798
v13,PlantCAD2-S-88M 8192bp Angiosperm 2.6M 65sp,512,184,2.1038102e-05,9.633473258724266e-05,-4.676993443610892,-4.016217103826385
v13,PlantCAD2-S-88M 8192bp Angiosperm 2.6M 65sp,512,185,2.068458e-05,9.471593411703336e-05,-4.684353293020064,-4.0235769532355565
v13,PlantCAD2-S-88M 8192bp Angiosperm 2.6M 65sp,512,186,2.0227935e-05,9.262492923635061e-05,-4.694048450589556,-4.033272110805049
v13,PlantCAD2-S-88M 8192bp Angiosperm 2.6M 65sp,512,187,1.9399504e-05,8.883149393253936e-05,-4.712209373823216,-4.051433034038708
v13,PlantCAD2-S-88M 8192bp Angiosperm 2.6M 65sp,512,188,1.9025218e-05,8.711761585926315e-05,-4.7206703581760685,-4.059894018391562
v13,PlantCAD2-S-88M 8192bp Angiosperm 2.6M 65sp,512,189,1.8634537e-05,8.532866409631815e-05,-4.729681393403467,-4.068905053618961
v13,PlantCAD2-S-88M 8192bp Angiosperm 2.6M 65sp,512,190,1.8203331e-05,8.335414592447857e-05,-4.739849133852706,-4.0790727940682
v13,PlantCAD2-S-88M 8192bp Angiosperm 2.6M 65sp,512,191,1.7417597e-05,7.975622274801025e-05,-4.7590117621657235,-4.098235422381216
v13,PlantCAD2-S-88M 8192bp Angiosperm 2.6M 65sp,512,192,1.709223e-05,7.826634771376461e-05,-4.767201271772302,-4.106424931987794
v13,PlantCAD2-S-88M 8192bp Angiosperm 2.6M 65sp,512,193,1.6940954e-05,7.757364582426585e-05,-4.771062136787499,-4.110285797002992
v13,PlantCAD2-S-88M 8192bp Angiosperm 2.6M 65sp,512,194,1.6678263e-05,7.637076795828368e-05,-4.777849182043398,-4.1170728422588905
v13,PlantCAD2-S-88M 8192bp Angiosperm 2.6M 65sp,512,195,1.6581347e-05,7.592698377359699e-05,-4.780380192066493,-4.119603852281986
v13,PlantCAD2-S-88M 8192bp Angiosperm 2.6M 65sp,512,196,1.6112363e-05,7.377947787084515e-05,-4.792840762336568,-4.1320644225520615
v13,PlantCAD2-S-88M 8192bp Angiosperm 2.6M 65sp,512,197,1.5807394e-05,7.23830065036848e-05,-4.801139721763324,-4.140363381978817
v13,PlantCAD2-S-88M 8192bp Angiosperm 2.6M 65sp,512,198,1.5605696e-05,7.145941924788665e-05,-4.806716857423586,-4.14594051763908
v13,PlantCAD2-S-88M 8192bp Angiosperm 2.6M 65sp,512,199,1.4823589e-05,6.787810432225264e-05,-4.829046634805358,-4.16827029502085
v13,PlantCAD2-S-88M 8192bp Angiosperm 2.6M 65sp,512,200,1.4721309e-05,6.7409758059409e-05,-4.8320535713707145,-4.171277231586208
v13,PlantCAD2-S-88M 8192bp Angiosperm 2.6M 65sp,512,201,1.4374103e-05,6.581988093253291e-05,-4.842419247459557,-4.18164290767505
v13,PlantCAD2-S-88M 8192bp Angiosperm 2.6M 65sp,512,202,1.4152024e-05,6.480296785367047e-05,-4.849181443590509,-4.188405103806002
v13,PlantCAD2-S-88M 8192bp Angiosperm 2.6M 65sp,512,203,1.3691054e-05,6.269215853823215e-05,-4.863563116602038,-4.202786776817532
v13,PlantCAD2-S-88M 8192bp Angiosperm 2.6M 65sp,512,204,1.3409661e-05,6.14036430910249e-05,-4.872582201096224,-4.211805861311717
v13,PlantCAD2-S-88M 8192bp Angiosperm 2.6M 65sp,512,205,1.2996728e-05,5.951279808364505e-05,-4.886165970031905,-4.225389630247397
v13,PlantCAD2-S-88M 8192bp Angiosperm 2.6M 65sp,512,206,1.2833062e-05,5.876336164001417e-05,-4.8916697075344215,-4.230893367749914
v13,PlantCAD2-S-88M 8192bp Angiosperm 2.6M 65sp,512,207,1.2593958e-05,5.7668490063645735e-05,-4.8998377593743285,-4.239061419589822
v13,PlantCAD2-S-88M 8192bp Angiosperm 2.6M 65sp,512,208,1.2516565e-05,5.731410286849265e-05,-4.902514840952176,-4.24173850116767
v13,PlantCAD2-S-88M 8192bp Angiosperm 2.6M 65sp,512,209,1.23338e-05,5.647721095679323e-05,-4.90890309819937,-4.2481267584148625
v13,PlantCAD2-S-88M 8192bp Angiosperm 2.6M 65sp,512,210,1.1719023e-05,5.36621101508466e-05,-4.9311085933857814,-4.270332253601274
v13,PlantCAD2-S-88M 8192bp Angiosperm 2.6M 65sp,512,211,1.1385709e-05,5.213584532631138e-05,-4.943639920235454,-4.282863580450947
v13,PlantCAD2-S-88M 8192bp Angiosperm 2.6M 65sp,512,212,1.1173727e-05,5.116516701686555e-05,-4.951801943665126,-4.29102560388062
v13,PlantCAD2-S-88M 8192bp Angiosperm 2.6M 65sp,512,213,1.0902846e-05,4.992478664899943e-05,-4.962460122172868,-4.301683782388361
v13,PlantCAD2-S-88M 8192bp Angiosperm 2.6M 65sp,512,214,1.0802235e-05,4.946408283739442e-05,-4.966486378981033,-4.305710039196526
v13,PlantCAD2-S-88M 8192bp Angiosperm 2.6M 65sp,512,215,1.0503664e-05,4.809690829649213e-05,-4.9786591792719515,-4.317882839487445
v13,PlantCAD2-S-88M 8192bp Angiosperm 2.6M 65sp,512,216,1.0423991e-05,4.7732080844404315e-05,-4.981965972262089,-4.321189632477583
v13,PlantCAD2-S-88M 8192bp Angiosperm 2.6M 65sp,512,217,9.930594e-06,4.547278634842993e-05,-5.0030247733367625,-4.342248433552256
v13,PlantCAD2-S-88M 8192bp Angiosperm 2.6M 65sp,512,218,9.809797e-06,4.4919649630472145e-05,-5.008339979642683,-4.347563639858175
v13,PlantCAD2-S-88M 8192bp Angiosperm 2.6M 65sp,512,219,9.753385e-06,4.466133569441881e-05,-5.010844632333432,-4.350068292548926
v13,PlantCAD2-S-88M 8192bp Angiosperm 2.6M 65sp,512,220,9.5894375e-06,4.39106102453813e-05,-5.018206867053608,-4.357430527269101
v13,PlantCAD2-S-88M 8192bp Angiosperm 2.6M 65sp,512,221,9.336945e-06,4.275443192341174e-05,-5.029795199431001,-4.369018859646494
v13,PlantCAD2-S-88M 8192bp Angiosperm 2.6M 65sp,512,222,9.007585e-06,4.1246272702350154e-05,-5.045391630969836,-4.384615291185329
v13,PlantCAD2-S-88M 8192bp Angiosperm 2.6M 65sp,512,223,8.942656e-06,4.0948958911773555e-05,-5.048533475070719,-4.387757135286211
v13,PlantCAD2-S-88M 8192bp Angiosperm 2.6M 65sp,512,224,8.824431e-06,4.040759953628774e-05,-5.054313288379458,-4.393536948594951
v13,PlantCAD2-S-88M 8192bp Angiosperm 2.6M 65sp,512,225,8.503667e-06,3.8938801915494084e-05,-5.070393754939848,-4.40961741515534
v13,PlantCAD2-S-88M 8192bp Angiosperm 2.6M 65sp,512,226,8.423112e-06,3.856993573243417e-05,-5.074527424565664,-4.413751084781157
v13,PlantCAD2-S-88M 8192bp Angiosperm 2.6M 65sp,512,227,8.03713e-06,3.680250097270684e-05,-5.094899006933291,-4.434122667148784
v13,PlantCAD2-S-88M 8192bp Angiosperm 2.6M 65sp,512,228,7.878706e-06,3.6077067961905696e-05,-5.103545105252406,-4.4427687654679
v13,PlantCAD2-S-88M 8192bp Angiosperm 2.6M 65sp,512,229,7.692507e-06,3.522445155796337e-05,-5.113932099882585,-4.4531557600980785
v13,PlantCAD2-S-88M 8192bp Angiosperm 2.6M 65sp,512,230,7.571322e-06,3.466953816470266e-05,-5.120828283356178,-4.460051943571671
v13,PlantCAD2-S-88M 8192bp Angiosperm 2.6M 65sp,512,231,7.403305e-06,3.390017823075468e-05,-5.130574358264912,-4.469798018480405
v13,PlantCAD2-S-88M 8192bp Angiosperm 2.6M 65sp,512,232,7.2637245e-06,3.3261030738177e-05,-5.138840636182835,-4.478064296398328
v13,PlantCAD2-S-88M 8192bp Angiosperm 2.6M 65sp,512,233,6.9811476e-06,3.1967094141765774e-05,-5.156073179757842,-4.495296839973335
v13,PlantCAD2-S-88M 8192bp Angiosperm 2.6M 65sp,512,234,6.852054e-06,3.137596679412175e-05,-5.164179223083992,-4.503402883299485
v13,PlantCAD2-S-88M 8192bp Angiosperm 2.6M 65sp,512,235,6.604321e-06,3.0241582508503432e-05,-5.180171826211683,-4.519395486427176
v13,PlantCAD2-S-88M 8192bp Angiosperm 2.6M 65sp,512,236,6.541243e-06,2.9952744558096208e-05,-5.184339717004887,-4.52356337722038
v13,PlantCAD2-S-88M 8192bp Angiosperm 2.6M 65sp,512,237,6.4174446e-06,2.938586424927707e-05,-5.192637871782837,-4.53186153199833
v13,PlantCAD2-S-88M 8192bp Angiosperm 2.6M 65sp,512,238,6.1549595e-06,2.818392921176106e-05,-5.2107748004068135,-4.549998460622306
v13,PlantCAD2-S-88M 8192bp Angiosperm 2.6M 65sp,512,239,6.124639e-06,2.804508982123945e-05,-5.212919504502755,-4.552143164718248
v13,PlantCAD2-S-88M 8192bp Angiosperm 2.6M 65sp,512,240,5.9408335e-06,2.7203433397548546e-05,-5.226152619150753,-4.565376279366246
v13,PlantCAD2-S-88M 8192bp Angiosperm 2.6M 65sp,512,241,5.818424e-06,2.6642912945245477e-05,-5.235194634042756,-4.574418294258249
v13,PlantCAD2-S-88M 8192bp Angiosperm 2.6M 65sp,512,242,5.581756e-06,2.5559195959180977e-05,-5.253229152112827,-4.59245281232832
v13,PlantCAD2-S-88M 8192bp Angiosperm 2.6M 65sp,512,243,5.5052633e-06,2.5208931291799093e-05,-5.259221905211295,-4.598445565426788
v13,PlantCAD2-S-88M 8192bp Angiosperm 2.6M 65sp,512,244,5.348455e-06,2.4490896668335428e-05,-5.271771653843895,-4.610995314059388
v13,PlantCAD2-S-88M 8192bp Angiosperm 2.6M 65sp,512,245,5.2698615e-06,2.4131012311581408e-05,-5.278200798559019,-4.617424458774512
v13,PlantCAD2-S-88M 8192bp Angiosperm 2.6M 65sp,512,246,5.2430255e-06,2.4008128655835695e-05,-5.280418030044744,-4.619641690260237
v13,PlantCAD2-S-88M 8192bp Angiosperm 2.6M 65sp,512,247,5.1576267e-06,2.3617082421661558e-05,-5.287550094535617,-4.6267737547511105
v13,PlantCAD2-S-88M 8192bp Angiosperm 2.6M 65sp,512,248,4.976486e-06,2.278762827721611e-05,-5.30307721336315,-4.642300873578643
v13,PlantCAD2-S-88M 8192bp Angiosperm 2.6M 65sp,512,249,4.882413e-06,2.2356862360277423e-05,-5.3113654866896844,-4.650589146905178
v13,PlantCAD2-S-88M 8192bp Angiosperm 2.6M 65sp,512,250,4.6430932e-06,2.1261002622748232e-05,-5.333192598728942,-4.672416258944435
v13,PlantCAD2-S-88M 8192bp Angiosperm 2.6M 65sp,512,251,4.6340974e-06,2.121981031426868e-05,-5.334034842398007,-4.6732585026135
v13,PlantCAD2-S-88M 8192bp Angiosperm 2.6M 65sp,512,252,4.4479657e-06,2.036750208106832e-05,-5.351838570427385,-4.691062230642878
v13,PlantCAD2-S-88M 8192bp Angiosperm 2.6M 65sp,512,253,4.376445e-06,2.0040004500300226e-05,-5.358878525061588,-4.69810218527708
v13,PlantCAD2-S-88M 8192bp Angiosperm 2.6M 65sp,512,254,4.3176115e-06,1.9770602370313808e-05,-5.364756438193748,-4.703980098409241
v13,PlantCAD2-S-88M 8192bp Angiosperm 2.6M 65sp,512,255,4.2966262e-06,1.9674509421255804e-05,-5.366872427637662,-4.7060960878531555
v13,PlantCAD2-S-88M 8192bp Angiosperm 2.6M 65sp,512,256,4.190462e-06,1.9188377173330657e-05,-5.377738093265282,-4.716961753480775
v13,PlantCAD2-S-88M 8192bp Angiosperm 2.6M 65sp,512,257,3.9977003e-06,1.8305709771938538e-05,-5.398189767230147,-4.73741342744564
v13,PlantCAD2-S-88M 8192bp Angiosperm 2.6M 65sp,512,258,3.9228444e-06,1.7962940110061374e-05,-5.406398917861179,-4.745622578076672
v13,PlantCAD2-S-88M 8192bp Angiosperm 2.6M 65sp,512,259,3.867856e-06,1.7711144923908158e-05,-5.412529703040311,-4.751753363255803
v13,PlantCAD2-S-88M 8192bp Angiosperm 2.6M 65sp,512,260,3.7968232e-06,1.738588146654289e-05,-5.420579625418035,-4.759803285633528
v13,PlantCAD2-S-88M 8192bp Angiosperm 2.6M 65sp,512,261,3.6564593e-06,1.6743146738314915e-05,-5.436939256338951,-4.776162916554444
v13,PlantCAD2-S-88M 8192bp Angiosperm 2.6M 65sp,512,262,3.5233836e-06,1.613378511560959e-05,-5.453040071467043,-4.792263731682535
v13,PlantCAD2-S-88M 8192bp Angiosperm 2.6M 65sp,512,263,3.4642892e-06,1.5863188308853754e-05,-5.4603858600953545,-4.799609520310848
v13,PlantCAD2-S-88M 8192bp Angiosperm 2.6M 65sp,512,264,3.412206e-06,1.5624696207984206e-05,-5.466964757703032,-4.806188417918524
v13,PlantCAD2-S-88M 8192bp Angiosperm 2.6M 65sp,512,265,3.3218041e-06,1.5210740478428438e-05,-5.478625983202402,-4.817849643417895
v13,PlantCAD2-S-88M 8192bp Angiosperm 2.6M 65sp,512,266,3.2659648e-06,1.4955048970070944e-05,-5.48598850032444,-4.825212160539934
v13,PlantCAD2-S-88M 8192bp Angiosperm 2.6M 65sp,512,267,3.1976756e-06,1.4642348621883796e-05,-5.4951655969612645,-4.834389257176757
v13,PlantCAD2-S-88M 8192bp Angiosperm 2.6M 65sp,512,268,3.0945305e-06,1.4170041014183044e-05,-5.509405232500519,-4.848628892716012
v13,PlantCAD2-S-88M 8192bp Angiosperm 2.6M 65sp,512,269,3.0363608e-06,1.3903678464263848e-05,-5.517646624035109,-4.8568702842506015
v13,PlantCAD2-S-88M 8192bp Angiosperm 2.6M 65sp,512,270,2.8881307e-06,1.3224923933799064e-05,-5.539383157015003,-4.878606817230495
v13,PlantCAD2-S-88M 8192bp Angiosperm 2.6M 65sp,512,271,2.8285078e-06,1.2951907093802e-05,-5.548442619295045,-4.887666279510538
v13,PlantCAD2-S-88M 8192bp Angiosperm 2.6M 65sp,512,272,2.7775113e-06,1.2718391057498662e-05,-5.556344165504048,-4.8955678257195405
v13,PlantCAD2-S-88M 8192bp Angiosperm 2.6M 65sp,512,273,2.7541878e-06,1.2611591350210499e-05,-5.560006449800609,-4.899230110016101
v13,PlantCAD2-S-88M 8192bp Angiosperm 2.6M 65sp,512,274,2.687254e-06,1.230509746002744e-05,-5.570691281990748,-4.909914942206242
v13,PlantCAD2-S-88M 8192bp Angiosperm 2.6M 65sp,512,275,2.5868794e-06,1.1845476138220393e-05,-5.587223817566943,-4.926447477782435
v13,PlantCAD2-S-88M 8192bp Angiosperm 2.6M 65sp,512,276,2.565601e-06,1.1748041066659071e-05,-5.590810883803658,-4.9300345440191515
v13,PlantCAD2-S-88M 8192bp Angiosperm 2.6M 65sp,512,277,2.507161e-06,1.1480440796805905e-05,-5.600817776465996,-4.940041436681489
v13,PlantCAD2-S-88M 8192bp Angiosperm 2.6M 65sp,512,278,2.426964e-06,1.1113213917247136e-05,-5.614936665661186,-4.954160325876679
v13,PlantCAD2-S-88M 8192bp Angiosperm 2.6M 65sp,512,279,2.3398256e-06,1.0714201950194206e-05,-5.6308165117267235,-4.970040171942217
v13,PlantCAD2-S-88M 8192bp Angiosperm 2.6M 65sp,512,280,2.3022021e-06,1.0541921684061066e-05,-5.637856554267403,-4.977080214482896
v13,PlantCAD2-S-88M 8192bp Angiosperm 2.6M 65sp,512,281,2.207323e-06,1.0107464586808745e-05,-5.656134111399423,-4.995357771614915
v13,PlantCAD2-S-88M 8192bp Angiosperm 2.6M 65sp,512,282,2.156564e-06,9.875036077269442e-06,-5.666237648839891,-5.0054613090553834
v13,PlantCAD2-S-88M 8192bp Angiosperm 2.6M 65sp,512,283,2.1468607e-06,9.83060408379808e-06,-5.668196134037893,-5.007419794253385
v13,PlantCAD2-S-88M 8192bp Angiosperm 2.6M 65sp,512,284,2.1103601e-06,9.663465644205293e-06,-5.675643432806826,-5.0148670930223185
v13,PlantCAD2-S-88M 8192bp Angiosperm 2.6M 65sp,512,285,2.093888e-06,9.588038909005973e-06,-5.679046552018604,-5.018270212234097
v13,PlantCAD2-S-88M 8192bp Angiosperm 2.6M 65sp,512,286,2.0111145e-06,9.20901408120496e-06,-5.696563202748564,-5.0357868629640565
v13,PlantCAD2-S-88M 8192bp Angiosperm 2.6M 65sp,512,287,1.9866227e-06,9.09686465804976e-06,-5.70188460640158,-5.041108266617073
v13,PlantCAD2-S-88M 8192bp Angiosperm 2.6M 65sp,512,288,1.9449196e-06,8.905903658499563e-06,-5.711098347036499,-5.050322007251991
v13,PlantCAD2-S-88M 8192bp Angiosperm 2.6M 65sp,512,289,1.8908911e-06,8.658503912097067e-06,-5.723333482276561,-5.062557142492055
v13,PlantCAD2-S-88M 8192bp Angiosperm 2.6M 65sp,512,290,1.8464655e-06,8.455076421535998e-06,-5.733658802445496,-5.072882462660989
v13,PlantCAD2-S-88M 8192bp Angiosperm 2.6M 65sp,512,291,1.7501849e-06,8.014201771610863e-06,-5.756916067423527,-5.096139727639019
v13,PlantCAD2-S-88M 8192bp Angiosperm 2.6M 65sp,512,292,1.7151575e-06,7.853809203297125e-06,-5.7656959932654015,-5.104919653480895
v13,PlantCAD2-S-88M 8192bp Angiosperm 2.6M 65sp,512,293,1.6706387e-06,7.64995494433855e-06,-5.777117462471774,-5.116341122687267
v13,PlantCAD2-S-88M 8192bp Angiosperm 2.6M 65sp,512,294,1.6387826e-06,7.5040839491902e-06,-5.7854786558759015,-5.124702316091395
v13,PlantCAD2-S-88M 8192bp Angiosperm 2.6M 65sp,512,295,1.6063934e-06,7.355771857124351e-06,-5.7941480888661685,-5.133371749081661
v13,PlantCAD2-S-88M 8192bp Angiosperm 2.6M 65sp,512,296,1.5580906e-06,7.134590434902182e-06,-5.80740729253248,-5.146630952747972
v13,PlantCAD2-S-88M 8192bp Angiosperm 2.6M 65sp,512,297,1.5271715e-06,6.9930100190292e-06,-5.816112189321191,-5.155335849536684
v13,PlantCAD2-S-88M 8192bp Angiosperm 2.6M 65sp,512,298,1.5101866e-06,6.915235141831578e-06,-5.820969387578705,-5.1601930477941975
v13,PlantCAD2-S-88M 8192bp Angiosperm 2.6M 65sp,512,299,1.4824897e-06,6.788409373280992e-06,-5.829008315332134,-5.168231975547626
v13,PlantCAD2-S-88M 8192bp Angiosperm 2.6M 65sp,512,300,1.4457262e-06,6.62006709879867e-06,-5.839913948458051,-5.179137608673544
v13,PlantCAD2-S-88M 8192bp Angiosperm 2.6M 65sp,512,301,1.4105499e-06,6.458992708442134e-06,-5.8506115455161884,-5.189835205731681
v13,PlantCAD2-S-88M 8192bp Angiosperm 2.6M 65sp,512,302,1.3900473e-06,6.365110071674654e-06,-5.856970421487278,-5.196194081702772
v13,PlantCAD2-S-88M 8192bp Angiosperm 2.6M 65sp,512,303,1.3589456e-06,6.2226935194348824e-06,-5.866797928177505,-5.206021588392997
v13,PlantCAD2-S-88M 8192bp Angiosperm 2.6M 65sp,512,304,1.3057062e-06,5.978907109325014e-06,-5.884154533683465,-5.2233781938989585
v13,PlantCAD2-S-88M 8192bp Angiosperm 2.6M 65sp,512,305,1.2507791e-06,5.72739261955342e-06,-5.9028193842491445,-5.242043044464637
v13,PlantCAD2-S-88M 8192bp Angiosperm 2.6M 65sp,512,306,1.2363096e-06,5.661135910028431e-06,-5.907872758426348,-5.24709641864184
v13,PlantCAD2-S-88M 8192bp Angiosperm 2.6M 65sp,512,307,1.1932041e-06,5.463753236651364e-06,-5.923285263016716,-5.262508923232209
v13,PlantCAD2-S-88M 8192bp Angiosperm 2.6M 65sp,512,308,1.1654723e-06,5.336767658904717e-06,-5.933498043979618,-5.272721704195111
v13,PlantCAD2-S-88M 8192bp Angiosperm 2.6M 65sp,512,309,1.1579633e-06,5.3023834969210176e-06,-5.93630520473644,-5.275528864951933
v13,PlantCAD2-S-88M 8192bp Angiosperm 2.6M 65sp,512,310,1.13075e-06,5.177772161815007e-06,-5.946633403582044,-5.285857063797537
v13,PlantCAD2-S-88M 8192bp Angiosperm 2.6M 65sp,512,311,1.089346e-06,4.988180759128483e-06,-5.962834156952808,-5.3020578171683015
v13,PlantCAD2-S-88M 8192bp Angiosperm 2.6M 65sp,512,312,1.0658516e-06,4.8805984904762194e-06,-5.972303258524821,-5.311526918740314
v13,PlantCAD2-S-88M 8192bp Angiosperm 2.6M 65sp,512,313,1.0591413e-06,4.849871623761714e-06,-5.97504609681725,-5.314269757032743
v13,PlantCAD2-S-88M 8192bp Angiosperm 2.6M 65sp,512,314,1.0314418e-06,4.723033949654975e-06,-5.986555272443075,-5.325778932658569
v13,PlantCAD2-S-88M 8192bp Angiosperm 2.6M 65sp,512,315,9.807205e-07,4.490778070679899e-06,-6.0084547465478035,-5.347678406763296
v13,PlantCAD2-S-88M 8192bp Angiosperm 2.6M 65sp,512,316,9.512351e-07,4.3557626532136325e-06,-6.021712132889923,-5.360935793105416
v13,PlantCAD2-S-88M 8192bp Angiosperm 2.6M 65sp,512,317,9.441783e-07,4.323449142188653e-06,-6.0249459851572045,-5.364169645372697
v13,PlantCAD2-S-88M 8192bp Angiosperm 2.6M 65sp,512,318,9.2342765e-07,4.228430669573515e-06,-6.034597125601812,-5.373820785817305
v13,PlantCAD2-S-88M 8192bp Angiosperm 2.6M 65sp,512,319,9.0209124e-07,4.130729966738166e-06,-6.0447495344929045,-5.383973194708397
v13,PlantCAD2-S-88M 8192bp Angiosperm 2.6M 65sp,512,320,8.860111e-07,4.057098039919605e-06,-6.052560837211649,-5.391784497427142
v13,PlantCAD2-S-88M 8192bp Angiosperm 2.6M 65sp,512,321,8.543632e-07,3.912180405075559e-06,-6.0683574662859385,-5.407581126501431
v13,PlantCAD2-S-88M 8192bp Angiosperm 2.6M 65sp,512,322,8.3074974e-07,3.80405295353266e-06,-6.080529785970507,-5.419753446186
v13,PlantCAD2-S-88M 8192bp Angiosperm 2.6M 65sp,512,323,8.002009e-07,3.6641679804371566e-06,-6.096800964498119,-5.436024624713612
v13,PlantCAD2-S-88M 8192bp Angiosperm 2.6M 65sp,512,324,7.906486e-07,3.62042742503472e-06,-6.1020164937331085,-5.441240153948602
v13,PlantCAD2-S-88M 8192bp Angiosperm 2.6M 65sp,512,325,7.7942457e-07,3.5690319175597017e-06,-6.1082259079515495,-5.447449568167043
v13,PlantCAD2-S-88M 8192bp Angiosperm 2.6M 65sp,512,326,7.728146e-07,3.5387644679409243e-06,-6.111924681831252,-5.451148342046745
v13,PlantCAD2-S-88M 8192bp Angiosperm 2.6M 65sp,512,327,7.418226e-07,3.3968502385896346e-06,-6.129699939805226,-5.468923600020719
v13,PlantCAD2-S-88M 8192bp Angiosperm 2.6M 65sp,512,328,7.2928395e-07,3.339435007179737e-06,-6.137103344236448,-5.476327004451941
v13,PlantCAD2-S-88M 8192bp Angiosperm 2.6M 65sp,512,329,7.0038965e-07,3.207126272114399e-06,-6.154660280322886,-5.493883940538378
v13,PlantCAD2-S-88M 8192bp Angiosperm 2.6M 65sp,512,330,6.859414e-07,3.140966867615665e-06,-6.163712984502711,-5.502936644718203
v13,PlantCAD2-S-88M 8192bp Angiosperm 2.6M 65sp,512,331,6.7977356e-07,3.1127239578208125e-06,-6.167635731440825,-5.5068593916563175
v13,PlantCAD2-S-88M 8192bp Angiosperm 2.6M 65sp,512,332,6.7565117e-07,3.093847286423824e-06,-6.170277466846587,-5.509501127062079
v13,PlantCAD2-S-88M 8192bp Angiosperm 2.6M 65sp,512,333,6.4807915e-07,2.967593350893418e-06,-6.188371950442552,-5.527595610658046
v13,PlantCAD2-S-88M 8192bp Angiosperm 2.6M 65sp,512,334,6.4170916e-07,2.9384247841076213e-06,-6.192661761380367,-5.53188542159586
v13,PlantCAD2-S-88M 8192bp Angiosperm 2.6M 65sp,512,335,6.2194334e-07,2.8479159072104768e-06,-6.20624917840594,-5.545472838621434
v13,PlantCAD2-S-88M 8192bp Angiosperm 2.6M 65sp,512,336,6.0156526e-07,2.7546034550015537e-06,-6.220717251914314,-5.5599409121298065
v13,PlantCAD2-S-88M 8192bp Angiosperm 2.6M 65sp,512,337,5.845712e-07,2.67678663361379e-06,-6.233162584786282,-5.572386245001774
v13,PlantCAD2-S-88M 8192bp Angiosperm 2.6M 65sp,512,338,5.800686e-07,2.6561689577917357e-06,-6.236520642920296,-5.575744303135789
v13,PlantCAD2-S-88M 8192bp Angiosperm 2.6M 65sp,512,339,5.489802e-07,2.51381330705075e-06,-6.260443318912039,-5.599666979127532
v13,PlantCAD2-S-88M 8192bp Angiosperm 2.6M 65sp,512,340,5.3610614e-07,2.454862213106433e-06,-6.270749218790644,-5.609972879006137
v13,PlantCAD2-S-88M 8192bp Angiosperm 2.6M 65sp,512,341,5.302525e-07,2.4280580439821466e-06,-6.275517275223196,-5.6147409354386895
v13,PlantCAD2-S-88M 8192bp Angiosperm 2.6M 65sp,512,342,5.1505987e-07,2.3584900787566276e-06,-6.288142286105612,-5.627365946321104
v13,PlantCAD2-S-88M 8192bp Angiosperm 2.6M 65sp,512,343,5.0336905e-07,2.3049571118366275e-06,-6.298113490868375,-5.637337151083868
v13,PlantCAD2-S-88M 8192bp Angiosperm 2.6M 65sp,512,344,4.8568944e-07,2.2240011158253554e-06,-6.3136413389802994,-5.652864999195793
v13,PlantCAD2-S-88M 8192bp Angiosperm 2.6M 65sp,512,345,4.6413766e-07,2.1253142208250797e-06,-6.333353191618399,-5.672576851833893
v13,PlantCAD2-S-88M 8192bp Angiosperm 2.6M 65sp,512,346,4.5728046e-07,2.093914690187894e-06,-6.339817356011585,-5.679041016227077
v13,PlantCAD2-S-88M 8192bp Angiosperm 2.6M 65sp,512,347,4.527623e-07,2.07322576419132e-06,-6.344129742560967,-5.68335340277646
v13,PlantCAD2-S-88M 8192bp Angiosperm 2.6M 65sp,512,348,4.4185802e-07,2.0232944111701955e-06,-6.354717257881925,-5.693940918097417
v13,PlantCAD2-S-88M 8192bp Angiosperm 2.6M 65sp,512,349,4.3989502e-07,2.014305716274204e-06,-6.356650954592271,-5.695874614807765
v13,PlantCAD2-S-88M 8192bp Angiosperm 2.6M 65sp,512,350,4.294245e-07,1.96636057634431e-06,-6.36711318134534,-5.706336841560833
v13,PlantCAD2-S-88M 8192bp Angiosperm 2.6M 65sp,512,351,4.0765107e-07,1.8666587326819376e-06,-6.389711413404992,-5.728935073620486
v13,PlantCAD2-S-88M 8192bp Angiosperm 2.6M 65sp,512,352,4.018402e-07,1.8400504099563785e-06,-6.395946618695623,-5.7351702789111165
v13,PlantCAD2-S-88M 8192bp Angiosperm 2.6M 65sp,512,353,3.9821037e-07,1.8234292003820951e-06,-6.399887434476525,-5.739111094692017
v13,PlantCAD2-S-88M 8192bp Angiosperm 2.6M 65sp,512,354,3.828936e-07,1.7532927906408409e-06,-6.416921892748456,-5.7561455529639485
v13,PlantCAD2-S-88M 8192bp Angiosperm 2.6M 65sp,512,355,3.7847337e-07,1.7330522919958535e-06,-6.421964672752861,-5.761188332968355
v13,PlantCAD2-S-88M 8192bp Angiosperm 2.6M 65sp,512,356,3.7016e-07,1.6949848714724237e-06,-6.43161051350816,-5.770834173723652
v13,PlantCAD2-S-88M 8192bp Angiosperm 2.6M 65sp,512,357,3.648711e-07,1.6707666807259074e-06,-6.437860534025256,-5.777084194240748
v13,PlantCAD2-S-88M 8192bp Angiosperm 2.6M 65sp,512,358,3.4850524e-07,1.5958264248672632e-06,-6.457790687620558,-5.7970143478360505
v13,PlantCAD2-S-88M 8192bp Angiosperm 2.6M 65sp,512,359,3.4102686e-07,1.5615824737025728e-06,-6.467211413704318,-5.806435073919811
v13,PlantCAD2-S-88M 8192bp Angiosperm 2.6M 65sp,512,360,3.335322e-07,1.5272639754401199e-06,-6.476862231890588,-5.816085892106082
v13,PlantCAD2-S-88M 8192bp Angiosperm 2.6M 65sp,512,361,3.2555704e-07,1.4907452388192748e-06,-6.4873729088254715,-5.826596569040964
v13,PlantCAD2-S-88M 8192bp Angiosperm 2.6M 65sp,512,362,3.185991e-07,1.4588844136717363e-06,-6.4967554553571905,-5.835979115572683
v13,PlantCAD2-S-88M 8192bp Angiosperm 2.6M 65sp,512,363,3.1194824e-07,1.428429726287143e-06,-6.505917460299508,-5.845141120515001
v13,PlantCAD2-S-88M 8192bp Angiosperm 2.6M 65sp,512,364,3.0746398e-07,1.407896030426572e-06,-6.512205755347176,-5.851429415562669
v13,PlantCAD2-S-88M 8192bp Angiosperm 2.6M 65sp,512,365,3.0200482e-07,1.3828982089143951e-06,-6.519986125643187,-5.859209785858679
v13,PlantCAD2-S-88M 8192bp Angiosperm 2.6M 65sp,512,366,2.9385328e-07,1.3455718176803278e-06,-6.531869457313202,-5.8710931175286944
v13,PlantCAD2-S-88M 8192bp Angiosperm 2.6M 65sp,512,367,2.9175558e-07,1.3359663233943768e-06,-6.534980829061394,-5.874204489276886
v13,PlantCAD2-S-88M 8192bp Angiosperm 2.6M 65sp,512,368,2.836975e-07,1.299067891113432e-06,-6.547144491278482,-5.886368151493975
v13,PlantCAD2-S-88M 8192bp Angiosperm 2.6M 65sp,512,369,2.81596e-07,1.289444996399256e-06,-6.550373518529448,-5.889597178744941
v13,PlantCAD2-S-88M 8192bp Angiosperm 2.6M 65sp,512,370,2.6332623e-07,1.2057866223035117e-06,-6.579505878543442,-5.918729538758935
v13,PlantCAD2-S-88M 8192bp Angiosperm 2.6M 65sp,512,371,2.584846e-07,1.183616507749624e-06,-6.587565326203502,-5.926788986418995
v13,PlantCAD2-S-88M 8192bp Angiosperm 2.6M 65sp,512,372,2.5348047e-07,1.1607022959361346e-06,-6.596055496283198,-5.935279156498691
v13,PlantCAD2-S-88M 8192bp Angiosperm 2.6M 65sp,512,373,2.5054945e-07,1.1472809793217433e-06,-6.60110654627304,-5.940330206488533
v13,PlantCAD2-S-88M 8192bp Angiosperm 2.6M 65sp,512,374,2.4048558e-07,1.1011979141648781e-06,-6.6189109596817595,-5.958134619897252
v13,PlantCAD2-S-88M 8192bp Angiosperm 2.6M 65sp,512,375,2.2829147e-07,1.0453603521077391e-06,-6.64151031540919,-5.980733975624683
v13,PlantCAD2-S-88M 8192bp Angiosperm 2.6M 65sp,512,376,2.2748735e-07,1.0416782383330243e-06,-6.643042748360461,-5.982266408575954
v13,PlantCAD2-S-88M 8192bp Angiosperm 2.6M 65sp,512,377,2.2576614e-07,1.0337967143687195e-06,-6.646341192233162,-5.985564852448655
v13,PlantCAD2-S-88M 8192bp Angiosperm 2.6M 65sp,512,378,2.2233142e-07,1.018068925202565e-06,-6.652999158225981,-5.992222818441474
v13,PlantCAD2-S-88M 8192bp Angiosperm 2.6M 65sp,512,379,2.1569441e-07,9.876776577997901e-07,-6.666161110055601,-6.005384770271094
v13,PlantCAD2-S-88M 8192bp Angiosperm 2.6M 65sp,512,380,2.0739154e-07,9.496583174069809e-07,-6.683208963502688,-6.0224326237181804
v13,PlantCAD2-S-88M 8192bp Angiosperm 2.6M 65sp,512,381,2.0550348e-07,9.410127772718172e-07,-6.6871808193742845,-6.026404479589778
v13,PlantCAD2-S-88M 8192bp Angiosperm 2.6M 65sp,512,382,2.0262999e-07,9.278548939826251e-07,-6.693296277003242,-6.032519937218734
v13,PlantCAD2-S-88M 8192bp Angiosperm 2.6M 65sp,512,383,1.9608284e-07,8.978751009167599e-07,-6.7075604115305785,-6.046784071746071
v13,PlantCAD2-S-88M 8192bp Angiosperm 2.6M 65sp,512,384,1.8781836e-07,8.600315506396192e-07,-6.726261955962629,-6.065485616178122
v13,PlantCAD2-S-88M 8192bp Angiosperm 2.6M 65sp,512,385,1.8549402e-07,8.49388258181876e-07,-6.731670086711275,-6.070893746926767
v13,PlantCAD2-S-88M 8192bp Angiosperm 2.6M 65sp,512,386,1.792232e-07,8.206737967821388e-07,-6.746605772688295,-6.085829432903789
v13,PlantCAD2-S-88M 8192bp Angiosperm 2.6M 65sp,512,387,1.7525979e-07,8.025251043533445e-07,-6.7563177130233605,-6.095541373238853
v13,PlantCAD2-S-88M 8192bp Angiosperm 2.6M 65sp,512,388,1.7018002e-07,7.792645324369854e-07,-6.769091429639812,-6.108315089855305
v13,PlantCAD2-S-88M 8192bp Angiosperm 2.6M 65sp,512,389,1.6933777e-07,7.754078191022176e-07,-6.771246163727418,-6.110469823942911
v13,PlantCAD2-S-88M 8192bp Angiosperm 2.6M 65sp,512,390,1.6461203e-07,7.537683718185779e-07,-6.783538429319954,-6.122762089535446
v13,PlantCAD2-S-88M 8192bp Angiosperm 2.6M 65sp,512,391,1.5896605e-07,7.279150903061619e-07,-6.7986956170128865,-6.13791927722838
v13,PlantCAD2-S-88M 8192bp Angiosperm 2.6M 65sp,512,392,1.5591606e-07,7.139490029165408e-07,-6.807109148376572,-6.146332808592065
v13,PlantCAD2-S-88M 8192bp Angiosperm 2.6M 65sp,512,393,1.500805e-07,6.872276231981227e-07,-6.823675732090815,-6.162899392306309
v13,PlantCAD2-S-88M 8192bp Angiosperm 2.6M 65sp,512,394,1.4900778e-07,6.823155738915367e-07,-6.826791055595375,-6.166014715810867
v13,PlantCAD2-S-88M 8192bp Angiosperm 2.6M 65sp,512,395,1.4630378e-07,6.699337954917597e-07,-6.8347444530138945,-6.173968113229387
v13,PlantCAD2-S-88M 8192bp Angiosperm 2.6M 65sp,512,396,1.4519924e-07,6.648760404940935e-07,-6.838035656808584,-6.177259317024077
v13,PlantCAD2-S-88M 8192bp Angiosperm 2.6M 65sp,512,397,1.4115513e-07,6.463578179185305e-07,-6.850303333668625,-6.189526993884118
v13,PlantCAD2-S-88M 8192bp Angiosperm 2.6M 65sp,512,398,1.3768472e-07,6.304666020988671e-07,-6.861114254281178,-6.200337914496671
v13,PlantCAD2-S-88M 8192bp Angiosperm 2.6M 65sp,512,399,1.3305124e-07,6.092496188962789e-07,-6.87598107359175,-6.2152047338072425
v13,PlantCAD2-S-88M 8192bp Angiosperm 2.6M 65sp,512,400,1.3210419e-07,6.049130200673186e-07,-6.87908340747994,-6.218307067695433
v13,PlantCAD2-S-88M 8192bp Angiosperm 2.6M 65sp,512,401,1.2963812e-07,5.936207374274007e-07,-6.887267275692483,-6.226490935907975
v13,PlantCAD2-S-88M 8192bp Angiosperm 2.6M 65sp,512,402,1.2649517e-07,5.792289806146866e-07,-6.897926056957685,-6.237149717173178
v13,PlantCAD2-S-88M 8192bp Angiosperm 2.6M 65sp,512,403,1.2475722e-07,5.712708031849926e-07,-6.903934311312388,-6.24315797152788
v13,PlantCAD2-S-88M 8192bp Angiosperm 2.6M 65sp,512,404,1.2256429e-07,5.612292450096145e-07,-6.911636046253244,-6.250859706468736
v13,PlantCAD2-S-88M 8192bp Angiosperm 2.6M 65sp,512,405,1.1909246e-07,5.453315269246671e-07,-6.924115733765348,-6.263339393980841
v13,PlantCAD2-S-88M 8192bp Angiosperm 2.6M 65sp,512,406,1.135059e-07,5.197503331609623e-07,-6.944981563397314,-6.2842052236128065
v13,PlantCAD2-S-88M 8192bp Angiosperm 2.6M 65sp,512,407,1.10595025e-07,5.064212617114613e-07,-6.956264408868963,-6.295488069084456
v13,PlantCAD2-S-88M 8192bp Angiosperm 2.6M 65sp,512,408,1.0933157e-07,5.006358253845048e-07,-6.961254415387057,-6.300478075602549
v13,PlantCAD2-S-88M 8192bp Angiosperm 2.6M 65sp,512,409,1.067794e-07,4.889492856734994e-07,-6.9715125237985935,-6.310736184014086
v13,PlantCAD2-S-88M 8192bp Angiosperm 2.6M 65sp,512,410,1.0507097e-07,4.811262820967498e-07,-6.978517258380116,-6.317740918595608
v13,PlantCAD2-S-88M 8192bp Angiosperm 2.6M 65sp,512,411,1.0286355e-07,4.710183733411153e-07,-6.987738491498438,-6.32696215171393
v13,PlantCAD2-S-88M 8192bp Angiosperm 2.6M 65sp,512,412,1.0193784e-07,4.667794916538159e-07,-6.9916645730822085,-6.330888233297701
v13,PlantCAD2-S-88M 8192bp Angiosperm 2.6M 65sp,512,413,9.979948e-08,4.5698781278586216e-07,-7.000871721575544,-6.340095381791037
v13,PlantCAD2-S-88M 8192bp Angiosperm 2.6M 65sp,512,414,9.425746e-08,4.316105703571891e-07,-7.025684267555874,-6.364907927771368
v13,PlantCAD2-S-88M 8192bp Angiosperm 2.6M 65sp,512,415,9.3312956e-08,4.2728562981513923e-07,-7.0300580526236,-6.3692817128390935
v13,PlantCAD2-S-88M 8192bp Angiosperm 2.6M 65sp,512,416,9.135259e-08,4.18308996163343e-07,-7.039279135155859,-6.378502795371351
v13,PlantCAD2-S-88M 8192bp Angiosperm 2.6M 65sp,512,417,8.93619e-08,4.091935070943149e-07,-7.048847605886815,-6.388071266102307
v13,PlantCAD2-S-88M 8192bp Angiosperm 2.6M 65sp,512,418,8.7322e-08,3.99852682479779e-07,-7.058876325882999,-6.398099986098493
v13,PlantCAD2-S-88M 8192bp Angiosperm 2.6M 65sp,512,419,8.472483e-08,3.8796008506611455e-07,-7.0719892938996844,-6.411212954115177
v13,PlantCAD2-S-88M 8192bp Angiosperm 2.6M 65sp,512,420,8.215088e-08,3.761738134270221e-07,-7.08538778004271,-6.424611440258203
v13,PlantCAD2-S-88M 8192bp Angiosperm 2.6M 65sp,512,421,8.068578e-08,3.6946503253445065e-07,-7.0932029982605584,-6.432426658476052
v13,PlantCAD2-S-88M 8192bp Angiosperm 2.6M 65sp,512,422,7.953294e-08,3.641861089359304e-07,-7.099452963200745,-6.438676623416239
v13,PlantCAD2-S-88M 8192bp Angiosperm 2.6M 65sp,512,423,7.6496725e-08,3.5028309809862317e-07,-7.116357157589834,-6.455580817805327
v13,PlantCAD2-S-88M 8192bp Angiosperm 2.6M 65sp,512,424,7.3893005e-08,3.383605078415717e-07,-7.131396671668579,-6.4706203318840725
v13,PlantCAD2-S-88M 8192bp Angiosperm 2.6M 65sp,512,425,7.295865e-08,3.340820401800615e-07,-7.136923210630502,-6.476146870845994
v13,PlantCAD2-S-88M 8192bp Angiosperm 2.6M 65sp,512,426,7.159265e-08,3.278270441393458e-07,-7.145131561886163,-6.484355222101655
v13,PlantCAD2-S-88M 8192bp Angiosperm 2.6M 65sp,512,427,7.0952424e-08,3.2489541083395537e-07,-7.149032762830308,-6.488256423045801
v13,PlantCAD2-S-88M 8192bp Angiosperm 2.6M 65sp,512,428,6.929331e-08,3.172982281830798e-07,-7.159308692810032,-6.498532353025524
v13,PlantCAD2-S-88M 8192bp Angiosperm 2.6M 65sp,512,429,6.684137e-08,3.0607064766179685e-07,-7.174954657262448,-6.514178317477941
v13,PlantCAD2-S-88M 8192bp Angiosperm 2.6M 65sp,512,430,6.660062e-08,3.0496823895257116e-07,-7.176521727866854,-6.5157453880823475
v13,PlantCAD2-S-88M 8192bp Angiosperm 2.6M 65sp,512,431,6.41728e-08,2.9385110535991344e-07,-7.192649011074712,-6.531872671290205
v13,PlantCAD2-S-88M 8192bp Angiosperm 2.6M 65sp,512,432,6.2716e-08,2.8718033066583247e-07,-7.202621648559024,-6.541845308774517
v13,PlantCAD2-S-88M 8192bp Angiosperm 2.6M 65sp,512,433,6.108581e-08,2.797155927481059e-07,-7.214059662988567,-6.5532833232040595
v13,PlantCAD2-S-88M 8192bp Angiosperm 2.6M 65sp,512,434,6.055141e-08,2.7726854305252875e-07,-7.217875739422832,-6.557099399638325
v13,PlantCAD2-S-88M 8192bp Angiosperm 2.6M 65sp,512,435,5.7816997e-08,2.6474750169917474e-07,-7.237944469223613,-6.577168129439106
v13,PlantCAD2-S-88M 8192bp Angiosperm 2.6M 65sp,512,436,5.696015e-08,2.608239478247244e-07,-7.244428875689906,-6.583652535905399
v13,PlantCAD2-S-88M 8192bp Angiosperm 2.6M 65sp,512,437,5.550877e-08,2.5417799163616365e-07,-7.255638395945586,-6.594862056161079
v13,PlantCAD2-S-88M 8192bp Angiosperm 2.6M 65sp,512,438,5.3921585e-08,2.469101761962783e-07,-7.2682373504000966,-6.607461010615589
v13,PlantCAD2-S-88M 8192bp Angiosperm 2.6M 65sp,512,439,5.2030394e-08,2.3825029902406953e-07,-7.283742885397871,-6.622966545613364
v13,PlantCAD2-S-88M 8192bp Angiosperm 2.6M 65sp,512,440,5.1029836e-08,2.3366868384946744e-07,-7.292175827403796,-6.631399487619289
v13,PlantCAD2-S-88M 8192bp Angiosperm 2.6M 65sp,512,441,4.9597556e-08,2.271101877080353e-07,-7.3045397235474,-6.643763383762892
v13,PlantCAD2-S-88M 8192bp Angiosperm 2.6M 65sp,512,442,4.8175615e-08,2.2059903446855408e-07,-7.317172732523022,-6.6563963927385155
v13,PlantCAD2-S-88M 8192bp Angiosperm 2.6M 65sp,512,443,4.7354465e-08,2.1683893930103307e-07,-7.3246390655848925,-6.663862725800385
v13,PlantCAD2-S-88M 8192bp Angiosperm 2.6M 65sp,512,444,4.542713e-08,2.0801355658204857e-07,-7.342684700221157,-6.68190836043665
v13,PlantCAD2-S-88M 8192bp Angiosperm 2.6M 65sp,512,445,4.3839528e-08,2.0074383167411857e-07,-7.358134130347112,-6.697357790562605
v13,PlantCAD2-S-88M 8192bp Angiosperm 2.6M 65sp,512,446,4.3529056e-08,1.9932216173945303e-07,-7.361220751138866,-6.700444411354359
v13,PlantCAD2-S-88M 8192bp Angiosperm 2.6M 65sp,512,447,4.2582066e-08,1.9498583765409625e-07,-7.370773271252962,-6.709996931468455
v13,PlantCAD2-S-88M 8192bp Angiosperm 2.6M 65sp,512,448,4.1270454e-08,1.8897988753187425e-07,-7.384360753593864,-6.723584413809356
v13,PlantCAD2-S-88M 8192bp Angiosperm 2.6M 65sp,512,449,3.8898666e-08,1.7811932783244744e-07,-7.410065292216013,-6.749288952431505
v13,PlantCAD2-S-88M 8192bp Angiosperm 2.6M 65sp,512,450,3.7776058e-08,1.7297883837763352e-07,-7.422783363464718,-6.762007023680211
v13,PlantCAD2-S-88M 8192bp Angiosperm 2.6M 65sp,512,451,3.725243e-08,1.7058111431701283e-07,-7.428845392682932,-6.768069052898425
v13,PlantCAD2-S-88M 8192bp Angiosperm 2.6M 65sp,512,452,3.6129382e-08,1.6543861007577294e-07,-7.44213946705875,-6.7813631272742425
v13,PlantCAD2-S-88M 8192bp Angiosperm 2.6M 65sp,512,453,3.5275516e-08,1.6152870637935875e-07,-7.452526624793639,-6.791750285009131
v13,PlantCAD2-S-88M 8192bp Angiosperm 2.6M 65sp,512,454,3.394565e-08,1.5543917009481814e-07,-7.4692158709280045,-6.808439531143497
v13,PlantCAD2-S-88M 8192bp Angiosperm 2.6M 65sp,512,455,3.312593e-08,1.516856229831816e-07,-7.47983192020386,-6.819055580419352
v13,PlantCAD2-S-88M 8192bp Angiosperm 2.6M 65sp,512,456,3.19662e-08,1.463751496608542e-07,-7.495308987660707,-6.834532647876199
v13,PlantCAD2-S-88M 8192bp Angiosperm 2.6M 65sp,512,457,3.162919e-08,1.4483196063034058e-07,-7.499911929900107,-6.8391355901156
v13,PlantCAD2-S-88M 8192bp Angiosperm 2.6M 65sp,512,458,3.095992e-08,1.4176733310459403e-07,-7.509200170198558,-6.848423830414052
v13,PlantCAD2-S-88M 8192bp Angiosperm 2.6M 65sp,512,459,2.9897404e-08,1.369020085268509e-07,-7.524366519950522,-6.863590180166016
v13,PlantCAD2-S-88M 8192bp Angiosperm 2.6M 65sp,512,460,2.970382e-08,1.360155757643722e-07,-7.527187695523199,-6.866411355738691
v13,PlantCAD2-S-88M 8192bp Angiosperm 2.6M 65sp,512,461,2.820687e-08,1.2916095180891875e-07,-7.549645103038035,-6.8888687632535275
v13,PlantCAD2-S-88M 8192bp Angiosperm 2.6M 65sp,512,462,2.73487e-08,1.2523133983801025e-07,-7.563063312703303,-6.9022869729187954
v13,PlantCAD2-S-88M 8192bp Angiosperm 2.6M 65sp,512,463,2.669745e-08,1.2224922697452848e-07,-7.5735302181790995,-6.912753878394592
v13,PlantCAD2-S-88M 8192bp Angiosperm 2.6M 65sp,512,464,2.6296913e-08,1.204151439956411e-07,-7.580095230436218,-6.91931889065171
v13,PlantCAD2-S-88M 8192bp Angiosperm 2.6M 65sp,512,465,2.55815e-08,1.1713922490158799e-07,-7.5920739937657515,-6.931297653981244
v13,PlantCAD2-S-88M 8192bp Angiosperm 2.6M 65sp,512,466,2.4159826e-08,1.1062929427114254e-07,-7.6169061978452755,-6.956129858060768
v13,PlantCAD2-S-88M 8192bp Angiosperm 2.6M 65sp,512,467,2.3778789e-08,1.088845029634074e-07,-7.623810266790901,-6.963033927006394
v13,PlantCAD2-S-88M 8192bp Angiosperm 2.6M 65sp,512,468,2.3044645e-08,1.055228134953875e-07,-7.637429977742481,-6.976653637957973
v13,PlantCAD2-S-88M 8192bp Angiosperm 2.6M 65sp,512,469,2.216009e-08,1.0147238302481993e-07,-7.6544284801158105,-6.993652140331303
v13,PlantCAD2-S-88M 8192bp Angiosperm 2.6M 65sp,512,470,2.2054959e-08,1.0099098186174783e-07,-7.6564937452349415,-6.995717405450435
v13,PlantCAD2-S-88M 8192bp Angiosperm 2.6M 65sp,512,471,2.1601695e-08,9.891545878312486e-08,-7.665512170133074,-7.004735830348567
v13,PlantCAD2-S-88M 8192bp Angiosperm 2.6M 65sp,512,472,2.0836982e-08,9.541379202815867e-08,-7.681165183436901,-7.020388843652395
v13,PlantCAD2-S-88M 8192bp Angiosperm 2.6M 65sp,512,473,2.0755213e-08,9.503936686618701e-08,-7.682872805323285,-7.022096465538778
v13,PlantCAD2-S-88M 8192bp Angiosperm 2.6M 65sp,512,474,1.9491303e-08,8.925184706690369e-08,-7.710159127183319,-7.0493827873988115
v13,PlantCAD2-S-88M 8192bp Angiosperm 2.6M 65sp,512,475,1.8736701e-08,8.579647918819493e-08,-7.727306873620095,-7.066530533835588
v13,PlantCAD2-S-88M 8192bp Angiosperm 2.6M 65sp,512,476,1.8081662e-08,8.279701626614927e-08,-7.742761653271307,-7.0819853134868
v13,PlantCAD2-S-88M 8192bp Angiosperm 2.6M 65sp,512,477,1.8011695e-08,8.247663317099498e-08,-7.744445415747439,-7.0836690759629315
v13,PlantCAD2-S-88M 8192bp Angiosperm 2.6M 65sp,512,478,1.7692875e-08,8.10167372429562e-08,-7.752201590765531,-7.091425250981024
v13,PlantCAD2-S-88M 8192bp Angiosperm 2.6M 65sp,512,479,1.7123218e-08,7.840824362687567e-08,-7.7664146141733825,-7.105638274388875
v13,PlantCAD2-S-88M 8192bp Angiosperm 2.6M 65sp,512,480,1.655598e-08,7.581082675707807e-08,-7.781045106908563,-7.120268767124055
v13,PlantCAD2-S-88M 8192bp Angiosperm 2.6M 65sp,512,481,1.6181831e-08,7.409757601502995e-08,-7.790972338829681,-7.130195999045174
v13,PlantCAD2-S-88M 8192bp Angiosperm 2.6M 65sp,512,482,1.563843e-08,7.160931019986085e-08,-7.805806849521809,-7.145030509737302
v13,PlantCAD2-S-88M 8192bp Angiosperm 2.6M 65sp,512,483,1.4838108e-08,6.794458769525055e-08,-7.828621472206849,-7.167845132422341
v13,PlantCAD2-S-88M 8192bp Angiosperm 2.6M 65sp,512,484,1.411385e-08,6.46281668149748e-08,-7.8503545024976376,-7.189578162713131
v13,PlantCAD2-S-88M 8192bp Angiosperm 2.6M 65sp,512,485,1.3849023e-08,6.34155080767064e-08,-7.858580863471381,-7.197804523686875
v13,PlantCAD2-S-88M 8192bp Angiosperm 2.6M 65sp,512,486,1.3407041e-08,6.139164595367009e-08,-7.872667062504328,-7.21189072271982
v13,PlantCAD2-S-88M 8192bp Angiosperm 2.6M 65sp,512,487,1.295347e-08,5.9314717103608975e-08,-7.887613876371538,-7.226837536587031
v13,PlantCAD2-S-88M 8192bp Angiosperm 2.6M 65sp,512,488,1.2843335e-08,5.88104023240012e-08,-7.8913221893487,-7.2305458495641926
v13,PlantCAD2-S-88M 8192bp Angiosperm 2.6M 65sp,512,489,1.1997464e-08,5.4937108212759435e-08,-7.920910544552433,-7.260134204767925
v13,PlantCAD2-S-88M 8192bp Angiosperm 2.6M 65sp,512,490,1.164895e-08,5.334124167532605e-08,-7.9337132188231125,-7.272936879038606
v13,PlantCAD2-S-88M 8192bp Angiosperm 2.6M 65sp,512,491,1.0877299e-08,4.9807805401669885e-08,-7.963478933224618,-7.30270259344011
v13,PlantCAD2-S-88M 8192bp Angiosperm 2.6M 65sp,512,492,1.0721834e-08,4.9095921829583595e-08,-7.969730920990779,-7.308954581206272
v13,PlantCAD2-S-88M 8192bp Angiosperm 2.6M 65sp,512,493,1.0308043e-08,4.720114798867305e-08,-7.986823778457981,-7.3260474386734735
v13,PlantCAD2-S-88M 8192bp Angiosperm 2.6M 65sp,512,494,9.876927e-09,4.522704193223879e-08,-8.005378156073892,-7.3446018162893845
v13,PlantCAD2-S-88M 8192bp Angiosperm 2.6M 65sp,512,495,9.510451e-09,4.354892631802406e-08,-8.021798887671721,-7.361022547887215
v13,PlantCAD2-S-88M 8192bp Angiosperm 2.6M 65sp,512,496,9.175662e-09,4.201590737990167e-08,-8.03736259273522,-7.376586252950714
v13,PlantCAD2-S-88M 8192bp Angiosperm 2.6M 65sp,512,497,8.643647e-09,3.957977874256538e-08,-8.063302977684506,-7.402526637899999
v13,PlantCAD2-S-88M 8192bp Angiosperm 2.6M 65sp,512,498,8.333047e-09,3.81575226882123e-08,-8.079196168662396,-7.418419828877888
v13,PlantCAD2-S-88M 8192bp Angiosperm 2.6M 65sp,512,499,7.688514e-09,3.520616737114743e-08,-8.11415759049276,-7.453381250708253
v13,PlantCAD2-S-88M 8192bp Angiosperm 2.6M 65sp,512,500,7.2481736e-09,3.3189822233104107e-08,-8.139771413479812,-7.478995073695304
v13,PlantCAD2-S-88M 8192bp Angiosperm 2.6M 65sp,512,501,7.0915944e-09,3.247283667229998e-08,-8.149256111604561,-7.488479771820054
v13,PlantCAD2-S-88M 8192bp Angiosperm 2.6M 65sp,512,502,6.992377e-09,3.201851423879331e-08,-8.155375164383122,-7.494598824598614
v13,PlantCAD2-S-88M 8192bp Angiosperm 2.6M 65sp,512,503,6.703204e-09,3.069437370432634e-08,-8.173717563430955,-7.512941223646448
v13,PlantCAD2-S-88M 8192bp Angiosperm 2.6M 65sp,512,504,6.5609704e-09,3.004307750750588e-08,-8.183031921569885,-7.5222555817853785
v13,PlantCAD2-S-88M 8192bp Angiosperm 2.6M 65sp,512,505,6.214183e-09,2.8455117175170523e-08,-8.206615961457622,-7.545839621673116
v13,PlantCAD2-S-88M 8192bp Angiosperm 2.6M 65sp,512,506,5.7595275e-09,2.6373222334475337e-08,-8.239613143757298,-7.5788368039727905
v13,PlantCAD2-S-88M 8192bp Angiosperm 2.6M 65sp,512,507,5.3025753e-09,2.428081076654244e-08,-8.275513155504981,-7.614736815720474
v13,PlantCAD2-S-88M 8192bp Angiosperm 2.6M 65sp,512,508,5.092637e-09,2.3319490682139372e-08,-8.293057278961335,-7.6322809391768285
v13,PlantCAD2-S-88M 8192bp Angiosperm 2.6M 65sp,512,509,4.754505e-09,2.1771163946239454e-08,-8.322894691546527,-7.66211835176202
v13,PlantCAD2-S-88M 8192bp Angiosperm 2.6M 65sp,512,510,4.091836e-09,1.8736762795942935e-08,-8.388081781050381,-7.727305441265874
v13,PlantCAD2-S-88M 8192bp Angiosperm 2.6M 65sp,512,511,3.7164327e-09,1.701776853886269e-08,-8.42987372732579,-7.769097387541282
v13,PlantCAD2-S-88M 8192bp Angiosperm 2.6M 65sp,512,512,9.262977e-17,4.2415728008961043e-16,-16.0332494143018,-15.372473074517293
v13,PlantCAD2-S-88M 8192bp Angiosperm 2.6M 65sp,1024,1,0.1794545,1.0,-0.7460456468282892,0.0
v13,PlantCAD2-S-88M 8192bp Angiosperm 2.6M 65sp,1024,2,0.06881653,0.3834762014883996,-1.1623072299982338,-0.41626158316994455
v13,PlantCAD2-S-88M 8192bp Angiosperm 2.6M 65sp,1024,3,0.022368869,0.12464925092432902,-1.650355973859399,-0.9043103270311097
v13,PlantCAD2-S-88M 8192bp Angiosperm 2.6M 65sp,1024,4,0.010513987,0.05858859488059648,-1.9782325642998795,-1.2321869174715903
v13,PlantCAD2-S-88M 8192bp Angiosperm 2.6M 65sp,1024,5,0.008958882,0.0499228606694176,-2.0477461835884805,-1.301700536760191
v13,PlantCAD2-S-88M 8192bp Angiosperm 2.6M 65sp,1024,6,0.0082144085,0.0457743244109231,-2.085423703614759,-1.3393780567864695
v13,PlantCAD2-S-88M 8192bp Angiosperm 2.6M 65sp,1024,7,0.005396499,0.030071683908734527,-2.267887899080429,-1.52184225225214
v13,PlantCAD2-S-88M 8192bp Angiosperm 2.6M 65sp,1024,8,0.004838244,0.026960839655734464,-2.3153122332909066,-1.5692665864626172
v13,PlantCAD2-S-88M 8192bp Angiosperm 2.6M 65sp,1024,9,0.003961789,0.02207684399109524,-2.4021086581704783,-1.656063011342189
v13,PlantCAD2-S-88M 8192bp Angiosperm 2.6M 65sp,1024,10,0.0034638506,0.019302110562844622,-2.4604408478887643,-1.7143952010604748
v13,PlantCAD2-S-88M 8192bp Angiosperm 2.6M 65sp,1024,11,0.002438983,0.013591094121351096,-2.6127912267596285,-1.866745579931339
v13,PlantCAD2-S-88M 8192bp Angiosperm 2.6M 65sp,1024,12,0.002368402,0.013197785511090555,-2.62554458084937,-1.8794989340210806
v13,PlantCAD2-S-88M 8192bp Angiosperm 2.6M 65sp,1024,13,0.0022388545,0.012475889431582936,-2.649974129690457,-1.9039284828621679
v13,PlantCAD2-S-88M 8192bp Angiosperm 2.6M 65sp,1024,14,0.0021298737,0.011868600118693038,-2.6716461491525094,-1.9256005023242204
v13,PlantCAD2-S-88M 8192bp Angiosperm 2.6M 65sp,1024,15,0.0019107886,0.0106477608530296,-2.7187873584352937,-1.9727417116070047
v13,PlantCAD2-S-88M 8192bp Angiosperm 2.6M 65sp,1024,16,0.0017220924,0.00959626200513222,-2.763943549901214,-2.017897903072925
v13,PlantCAD2-S-88M 8192bp Angiosperm 2.6M 65sp,1024,17,0.0016906491,0.00942104600330446,-2.771946522353498,-2.025900875525209
v13,PlantCAD2-S-88M 8192bp Angiosperm 2.6M 65sp,1024,18,0.001627706,0.00907029915661073,-2.7884240356311825,-2.042378388802893
v13,PlantCAD2-S-88M 8192bp Angiosperm 2.6M 65sp,1024,19,0.0015135991,0.008434444942868527,-2.8199891391777143,-2.073943492349425
v13,PlantCAD2-S-88M 8192bp Angiosperm 2.6M 65sp,1024,20,0.0014100418,0.00785737777542497,-2.8507680127061343,-2.104722365877845
v13,PlantCAD2-S-88M 8192bp Angiosperm 2.6M 65sp,1024,21,0.0012822136,0.007145062397432218,-2.892039621015202,-2.1459939741869127
v13,PlantCAD2-S-88M 8192bp Angiosperm 2.6M 65sp,1024,22,0.0012683503,0.007067809946253786,-2.896760784035863,-2.1507151372075737
v13,PlantCAD2-S-88M 8192bp Angiosperm 2.6M 65sp,1024,23,0.0012286934,0.006846824125335392,-2.9105564745586547,-2.1645108277303655
v13,PlantCAD2-S-88M 8192bp Angiosperm 2.6M 65sp,1024,24,0.0011500394,0.006408529181491688,-2.939287280594674,-2.1932416337663847
v13,PlantCAD2-S-88M 8192bp Angiosperm 2.6M 65sp,1024,25,0.001084936,0.006045744185852125,-2.9645958799413776,-2.2185502331130884
v13,PlantCAD2-S-88M 8192bp Angiosperm 2.6M 65sp,1024,26,0.0010689185,0.005956487577631099,-2.9710554064372388,-2.2250097596089495
v13,PlantCAD2-S-88M 8192bp Angiosperm 2.6M 65sp,1024,27,0.00097373733,0.005426095918464012,-3.0115581802019302,-2.265512533373641
v13,PlantCAD2-S-88M 8192bp Angiosperm 2.6M 65sp,1024,28,0.0009416547,0.005247317286554531,-3.026108321598176,-2.2800626747698867
v13,PlantCAD2-S-88M 8192bp Angiosperm 2.6M 65sp,1024,29,0.00088876847,0.0049526117762441185,-3.051211360849259,-2.3051657140209696
v13,PlantCAD2-S-88M 8192bp Angiosperm 2.6M 65sp,1024,30,0.0008599767,0.004792171274612785,-3.065513315266326,-2.319467668438037
v13,PlantCAD2-S-88M 8192bp Angiosperm 2.6M 65sp,1024,31,0.0008254999,0.004600051266477018,-3.0832829750110613,-2.337237328182772
v13,PlantCAD2-S-88M 8192bp Angiosperm 2.6M 65sp,1024,32,0.0007816778,0.004355855105333107,-3.106972222025748,-2.3609265751974586
v13,PlantCAD2-S-88M 8192bp Angiosperm 2.6M 65sp,1024,33,0.0007545231,0.00420453708321608,-3.122327459600836,-2.3762818127725467
v13,PlantCAD2-S-88M 8192bp Angiosperm 2.6M 65sp,1024,34,0.0007128915,0.003972547358801256,-3.1469765634678257,-2.400930916639537
v13,PlantCAD2-S-88M 8192bp Angiosperm 2.6M 65sp,1024,35,0.00066756865,0.0037199883535938083,-3.1755040666178598,-2.4294584197895706
v13,PlantCAD2-S-88M 8192bp Angiosperm 2.6M 65sp,1024,36,0.00064958783,0.003619791256279447,-3.1873621201790656,-2.4413164733507764
v13,PlantCAD2-S-88M 8192bp Angiosperm 2.6M 65sp,1024,37,0.0006402769,0.0035679066281425103,-3.193632166430559,-2.4475865196022695
v13,PlantCAD2-S-88M 8192bp Angiosperm 2.6M 65sp,1024,38,0.00063023134,0.0035119283160912657,-3.2005000041283154,-2.454454357300026
v13,PlantCAD2-S-88M 8192bp Angiosperm 2.6M 65sp,1024,39,0.00060824683,0.003389420883845209,-3.2159201458037945,-2.4698744989755053
v13,PlantCAD2-S-88M 8192bp Angiosperm 2.6M 65sp,1024,40,0.0005759274,0.003209322697396833,-3.239632259227111,-2.493586612398822
v13,PlantCAD2-S-88M 8192bp Angiosperm 2.6M 65sp,1024,41,0.00056197983,0.003131600656433804,-3.2502792714005038,-2.5042336245722145
v13,PlantCAD2-S-88M 8192bp Angiosperm 2.6M 65sp,1024,42,0.0005361542,0.002987688801339616,-3.2707102875870255,-2.5246646407587363
v13,PlantCAD2-S-88M 8192bp Angiosperm 2.6M 65sp,1024,43,0.0005305977,0.0029567255209537796,-3.275234636900756,-2.5291889900724667
v13,PlantCAD2-S-88M 8192bp Angiosperm 2.6M 65sp,1024,44,0.00051137566,0.0028496117957476684,-3.291259946976976,-2.545214300148687
v13,PlantCAD2-S-88M 8192bp Angiosperm 2.6M 65sp,1024,45,0.00049367105,0.0027509538629569056,-3.3065623400559265,-2.5605166932276373
v13,PlantCAD2-S-88M 8192bp Angiosperm 2.6M 65sp,1024,46,0.000479616,0.0026726328958036716,-3.319106337258334,-2.5730606904300446
v13,PlantCAD2-S-88M 8192bp Angiosperm 2.6M 65sp,1024,47,0.00047315407,0.002636624158212806,-3.3249974198211083,-2.578951772992819
v13,PlantCAD2-S-88M 8192bp Angiosperm 2.6M 65sp,1024,48,0.00045972964,0.00256181728516142,-3.33749749521973,-2.591451848391441
v13,PlantCAD2-S-88M 8192bp Angiosperm 2.6M 65sp,1024,49,0.0004471137,0.0024915156766757035,-3.349582022721441,-2.603536375893152
v13,PlantCAD2-S-88M 8192bp Angiosperm 2.6M 65sp,1024,50,0.00042702197,0.002379555653382891,-3.3695497802341974,-2.623504133405908
v13,PlantCAD2-S-88M 8192bp Angiosperm 2.6M 65sp,1024,51,0.00040952308,0.0022820440835977923,-3.3877216171412106,-2.6416759703129213
v13,PlantCAD2-S-88M 8192bp Angiosperm 2.6M 65sp,1024,52,0.00039349735,0.0021927416141696086,-3.405058188042534,-2.6590125412142447
v13,PlantCAD2-S-88M 8192bp Angiosperm 2.6M 65sp,1024,53,0.00038576877,0.002149674541457584,-3.413672933679313,-2.667627286851024
v13,PlantCAD2-S-88M 8192bp Angiosperm 2.6M 65sp,1024,54,0.00038100674,0.0021231383999843973,-3.4190673415975636,-2.6730216947692744
v13,PlantCAD2-S-88M 8192bp Angiosperm 2.6M 65sp,1024,55,0.00036070615,0.0020100145162144168,-3.442846452945584,-2.696800806117295
v13,PlantCAD2-S-88M 8192bp Angiosperm 2.6M 65sp,1024,56,0.0003563409,0.0019856894087359194,-3.4481343274528213,-2.7020886806245326
v13,PlantCAD2-S-88M 8192bp Angiosperm 2.6M 65sp,1024,57,0.00034507448,0.001922907923735543,-3.4620871577905103,-2.716041510962221
v13,PlantCAD2-S-88M 8192bp Angiosperm 2.6M 65sp,1024,58,0.00034326964,0.0019128505554332714,-3.464364605439749,-2.7183189586114596
v13,PlantCAD2-S-88M 8192bp Angiosperm 2.6M 65sp,1024,59,0.00033139426,0.0018466756754497659,-3.4796550181614467,-2.7336093713331575
v13,PlantCAD2-S-88M 8192bp Angiosperm 2.6M 65sp,1024,60,0.0003235077,0.0018027282681682545,-3.490115377969892,-2.744069731141603
v13,PlantCAD2-S-88M 8192bp Angiosperm 2.6M 65sp,1024,61,0.00031858849,0.001775316250080104,-3.496769918490264,-2.7507242716619746
v13,PlantCAD2-S-88M 8192bp Angiosperm 2.6M 65sp,1024,62,0.00029656087,0.0016525685898096734,-3.5278861529171053,-2.781840506088816
v13,PlantCAD2-S-88M 8192bp Angiosperm 2.6M 65sp,1024,63,0.00029127495,0.0016231131010924775,-3.5356968636200676,-2.7896512167917784
v13,PlantCAD2-S-88M 8192bp Angiosperm 2.6M 65sp,1024,64,0.00028556943,0.0015913194152278156,-3.544288285316381,-2.798242638488092
v13,PlantCAD2-S-88M 8192bp Angiosperm 2.6M 65sp,1024,65,0.00027832502,0.0015509503523177183,-3.5554477510517946,-2.8094021042235053
v13,PlantCAD2-S-88M 8192bp Angiosperm 2.6M 65sp,1024,66,0.00027298153,0.0015211740580481404,-3.56386673644071,-2.817821089612421
v13,PlantCAD2-S-88M 8192bp Angiosperm 2.6M 65sp,1024,67,0.00027175748,0.0015143531090053468,-3.5658184933207213,-2.819772846492432
v13,PlantCAD2-S-88M 8192bp Angiosperm 2.6M 65sp,1024,68,0.00026358064,0.0014687881329250591,-3.5790864918395746,-2.8330408450112854
v13,PlantCAD2-S-88M 8192bp Angiosperm 2.6M 65sp,1024,69,0.00025953245,0.0014462298242730054,-3.5858083334807707,-2.8397626866524814
v13,PlantCAD2-S-88M 8192bp Angiosperm 2.6M 65sp,1024,70,0.0002537645,0.001414088250782232,-3.5955691329602186,-2.8495234861319294
v13,PlantCAD2-S-88M 8192bp Angiosperm 2.6M 65sp,1024,71,0.000245578,0.0013684694449010752,-3.6098105418735247,-2.8637648950452355
v13,PlantCAD2-S-88M 8192bp Angiosperm 2.6M 65sp,1024,72,0.00024458388,0.0013629297677127071,-3.6115721697762173,-2.865526522947928
v13,PlantCAD2-S-88M 8192bp Angiosperm 2.6M 65sp,1024,73,0.00023861662,0.0013296775505768873,-3.622299310360094,-2.876253663531805
v13,PlantCAD2-S-88M 8192bp Angiosperm 2.6M 65sp,1024,74,0.0002326319,0.0012963280385835964,-3.633330732238463,-2.887285085410174
v13,PlantCAD2-S-88M 8192bp Angiosperm 2.6M 65sp,1024,75,0.00021964875,0.0012239801732472578,-3.6582712639199313,-2.912225617091642
v13,PlantCAD2-S-88M 8192bp Angiosperm 2.6M 65sp,1024,76,0.00021819364,0.0012158716554892745,-3.661157912561426,-2.915112265733137
v13,PlantCAD2-S-88M 8192bp Angiosperm 2.6M 65sp,1024,77,0.00021074078,0.0011743410168037025,-3.676251416858449,-2.9302057700301596
v13,PlantCAD2-S-88M 8192bp Angiosperm 2.6M 65sp,1024,78,0.00020253794,0.0011286311572014077,-3.693493611514623,-2.947447964686334
v13,PlantCAD2-S-88M 8192bp Angiosperm 2.6M 65sp,1024,79,0.00019661355,0.0010956178307036045,-3.7063865552350745,-2.9603409084067853
v13,PlantCAD2-S-88M 8192bp Angiosperm 2.6M 65sp,1024,80,0.0001934199,0.0010778213976244675,-3.713498845580913,-2.9674531987526236
v13,PlantCAD2-S-88M 8192bp Angiosperm 2.6M 65sp,1024,81,0.0001917874,0.001068724384175376,-3.717179928396954,-2.971134281568665
v13,PlantCAD2-S-88M 8192bp Angiosperm 2.6M 65sp,1024,82,0.00019139919,0.0010665611060185173,-3.71805990448642,-2.972014257658131
v13,PlantCAD2-S-88M 8192bp Angiosperm 2.6M 65sp,1024,83,0.00018867751,0.0010513946989348275,-3.724279863825507,-2.9782342169972176
v13,PlantCAD2-S-88M 8192bp Angiosperm 2.6M 65sp,1024,84,0.00018523053,0.0010321865988314589,-3.7322874306249996,-2.9862417837967103
v13,PlantCAD2-S-88M 8192bp Angiosperm 2.6M 65sp,1024,85,0.00017970274,0.0010013833032885774,-3.745445300977791,-2.9993996541495016
v13,PlantCAD2-S-88M 8192bp Angiosperm 2.6M 65sp,1024,86,0.00017928828,0.000999073748498923,-3.746448099158886,-3.0004024523305968
v13,PlantCAD2-S-88M 8192bp Angiosperm 2.6M 65sp,1024,87,0.00017466373,0.0009733037065105639,-3.7577972695804975,-3.0117516227522083
v13,PlantCAD2-S-88M 8192bp Angiosperm 2.6M 65sp,1024,88,0.00017369923,0.0009679290850884209,-3.760202106754354,-3.0141564599260646
v13,PlantCAD2-S-88M 8192bp Angiosperm 2.6M 65sp,1024,89,0.00016718294,0.0009316174294876975,-3.7768080417407424,-3.030762394912453
v13,PlantCAD2-S-88M 8192bp Angiosperm 2.6M 65sp,1024,90,0.00015913964,0.0008867965974662101,-3.798221628719267,-3.052175981890978
v13,PlantCAD2-S-88M 8192bp Angiosperm 2.6M 65sp,1024,91,0.00015425001,0.0008595494122465583,-3.8117747991394877,-3.0657291523111985
v13,PlantCAD2-S-88M 8192bp Angiosperm 2.6M 65sp,1024,92,0.00015352081,0.0008554859866985782,-3.813832746860376,-3.0677871000320867
v13,PlantCAD2-S-88M 8192bp Angiosperm 2.6M 65sp,1024,93,0.00015179155,0.0008458497836498945,-3.818752404267389,-3.0727067574390996
v13,PlantCAD2-S-88M 8192bp Angiosperm 2.6M 65sp,1024,94,0.00014731709,0.0008209161096545364,-3.831746868485495,-3.0857012216572057
v13,PlantCAD2-S-88M 8192bp Angiosperm 2.6M 65sp,1024,95,0.00014501598,0.0008080933049881726,-3.838584138155166,-3.0925384913268767
v13,PlantCAD2-S-88M 8192bp Angiosperm 2.6M 65sp,1024,96,0.00014346604,0.0007994563524458847,-3.8432508890766854,-3.097205242248396
v13,PlantCAD2-S-88M 8192bp Angiosperm 2.6M 65sp,1024,97,0.00014018954,0.0007811982424514293,-3.8532843892919715,-3.1072387424636823
v13,PlantCAD2-S-88M 8192bp Angiosperm 2.6M 65sp,1024,98,0.00013901043,0.0007746277190039815,-3.8569526132602223,-3.110906966431933
v13,PlantCAD2-S-88M 8192bp Angiosperm 2.6M 65sp,1024,99,0.00013409175,0.0007472186543107029,-3.872597941310917,-3.126552294482628
v13,PlantCAD2-S-88M 8192bp Angiosperm 2.6M 65sp,1024,100,0.00013316548,0.0007420570673903414,-3.8756083411453575,-3.1295626943170682
v13,PlantCAD2-S-88M 8192bp Angiosperm 2.6M 65sp,1024,101,0.00012985874,0.0007236304467149055,-3.88652881533745,-3.140483168509161
v13,PlantCAD2-S-88M 8192bp Angiosperm 2.6M 65sp,1024,102,0.00012486953,0.000695828357605967,-3.903543522932908,-3.157497876104619
v13,PlantCAD2-S-88M 8192bp Angiosperm 2.6M 65sp,1024,103,0.00012272317,0.0006838678885177023,-3.911073435209575,-3.165027788381286
v13,PlantCAD2-S-88M 8192bp Angiosperm 2.6M 65sp,1024,104,0.000121678924,0.0006780488870437911,-3.9147846393801786,-3.1687389925518894
v13,PlantCAD2-S-88M 8192bp Angiosperm 2.6M 65sp,1024,105,0.00011994671,0.0006683962229980302,-3.9210116597298383,-3.174966012901549
v13,PlantCAD2-S-88M 8192bp Angiosperm 2.6M 65sp,1024,106,0.00011780006,0.0006564341379012508,-3.928854488346351,-3.182808841518062
v13,PlantCAD2-S-88M 8192bp Angiosperm 2.6M 65sp,1024,107,0.000113378075,0.0006317928778604048,-3.945470920990972,-3.199425274162683
v13,PlantCAD2-S-88M 8192bp Angiosperm 2.6M 65sp,1024,108,0.00011201354,0.0006241890841411055,-3.950729477402429,-3.2046838305741394
v13,PlantCAD2-S-88M 8192bp Angiosperm 2.6M 65sp,1024,109,0.00010920686,0.000608549019389316,-3.961750079886131,-3.2157044330578417
v13,PlantCAD2-S-88M 8192bp Angiosperm 2.6M 65sp,1024,110,0.00010810547,0.0006024115862238061,-3.966152330739437,-3.220106683911147
v13,PlantCAD2-S-88M 8192bp Angiosperm 2.6M 65sp,1024,111,0.00010708955,0.0005967504297746784,-3.9702529063741236,-3.2242072595458344
v13,PlantCAD2-S-88M 8192bp Angiosperm 2.6M 65sp,1024,112,0.00010612536,0.0005913775358099128,-3.974180823525392,-3.2281351766971027
v13,PlantCAD2-S-88M 8192bp Angiosperm 2.6M 65sp,1024,113,0.00010302773,0.0005741161687224339,-3.9870458688370816,-3.2410002220087923
v13,PlantCAD2-S-88M 8192bp Angiosperm 2.6M 65sp,1024,114,9.9610144e-05,0.000555071865013137,-4.001696432069312,-3.255650785241022
v13,PlantCAD2-S-88M 8192bp Angiosperm 2.6M 65sp,1024,115,9.8506425e-05,0.0005489214536275212,-4.006535442080608,-3.2604897952523184
v13,PlantCAD2-S-88M 8192bp Angiosperm 2.6M 65sp,1024,116,9.57752e-05,0.0005337018575739254,-4.0187469324401,-3.272701285611811
v13,PlantCAD2-S-88M 8192bp Angiosperm 2.6M 65sp,1024,117,9.451811e-05,0.00052669679500932,-4.024484971178236,-3.278439324349946
v13,PlantCAD2-S-88M 8192bp Angiosperm 2.6M 65sp,1024,118,9.0369e-05,0.0005035761153941528,-4.043980523483236,-3.297934876654946
v13,PlantCAD2-S-88M 8192bp Angiosperm 2.6M 65sp,1024,119,8.837947e-05,0.0004924895725657479,-4.053648607172521,-3.307602960344232
v13,PlantCAD2-S-88M 8192bp Angiosperm 2.6M 65sp,1024,120,8.792927e-05,0.0004899808586577657,-4.0558665323950445,-3.3098208855667552
v13,PlantCAD2-S-88M 8192bp Angiosperm 2.6M 65sp,1024,121,8.700887e-05,0.00048485198197871884,-4.0604364715688,-3.314390824740511
v13,PlantCAD2-S-88M 8192bp Angiosperm 2.6M 65sp,1024,122,8.5015374e-05,0.00047374333884076463,-4.070502530290233,-3.324456883461944
v13,PlantCAD2-S-88M 8192bp Angiosperm 2.6M 65sp,1024,123,8.330743e-05,0.0004642259179903541,-4.079316263129822,-3.3332706163015327
v13,PlantCAD2-S-88M 8192bp Angiosperm 2.6M 65sp,1024,124,8.177481e-05,0.0004556854801634955,-4.08738045626501,-3.3413348094367206
v13,PlantCAD2-S-88M 8192bp Angiosperm 2.6M 65sp,1024,125,7.973138e-05,0.00044429858264908375,-4.098370719022178,-3.3523250721938886
v13,PlantCAD2-S-88M 8192bp Angiosperm 2.6M 65sp,1024,126,7.857085e-05,0.0004378315951954395,-4.104738548518427,-3.3586929016901377
v13,PlantCAD2-S-88M 8192bp Angiosperm 2.6M 65sp,1024,127,7.706929e-05,0.00042946423745294767,-4.113118641928776,-3.367072995100487
v13,PlantCAD2-S-88M 8192bp Angiosperm 2.6M 65sp,1024,128,7.561524e-05,0.0004213616264847079,-4.121390665069215,-3.3753450182409255
v13,PlantCAD2-S-88M 8192bp Angiosperm 2.6M 65sp,1024,129,7.395973e-05,0.0004121363911186401,-4.1310046829607305,-3.3849590361324413
v13,PlantCAD2-S-88M 8192bp Angiosperm 2.6M 65sp,1024,130,7.3775926e-05,0.00041111215377714135,-4.132085330737981,-3.3860396839096913
v13,PlantCAD2-S-88M 8192bp Angiosperm 2.6M 65sp,1024,131,7.176107e-05,0.00039988448325341524,-4.144111094328078,-3.398065447499789
v13,PlantCAD2-S-88M 8192bp Angiosperm 2.6M 65sp,1024,132,6.871532e-05,0.0003829122145167717,-4.162946426699915,-3.416900779871626
v13,PlantCAD2-S-88M 8192bp Angiosperm 2.6M 65sp,1024,133,6.7851244e-05,0.00037809720012593723,-4.1684421854783364,-3.4223965386500477
v13,PlantCAD2-S-88M 8192bp Angiosperm 2.6M 65sp,1024,134,6.713335e-05,0.00037409677662025756,-4.173061680683189,-3.427016033854899
v13,PlantCAD2-S-88M 8192bp Angiosperm 2.6M 65sp,1024,135,6.692787e-05,0.0003729517510009501,-4.1743929963317195,-3.4283473495034302
v13,PlantCAD2-S-88M 8192bp Angiosperm 2.6M 65sp,1024,136,6.5083856e-05,0.0003626760878105592,-4.186526724482676,-3.440481077654387
v13,PlantCAD2-S-88M 8192bp Angiosperm 2.6M 65sp,1024,137,6.4338536e-05,0.00035852283447893485,-4.191528825534689,-3.4454831787064006
v13,PlantCAD2-S-88M 8192bp Angiosperm 2.6M 65sp,1024,138,6.2794505e-05,0.00034991880950324455,-4.202078358692601,-3.456032711864312
v13,PlantCAD2-S-88M 8192bp Angiosperm 2.6M 65sp,1024,139,6.2501524e-05,0.000348286189535509,-4.2041093929483875,-3.4580637461200983
v13,PlantCAD2-S-88M 8192bp Angiosperm 2.6M 65sp,1024,140,6.123896e-05,0.00034125062341707786,-4.212972193383581,-3.4669265465552916
v13,PlantCAD2-S-88M 8192bp Angiosperm 2.6M 65sp,1024,141,6.0845483e-05,0.00033905799520212647,-4.215771657055754,-3.469726010227465
v13,PlantCAD2-S-88M 8192bp Angiosperm 2.6M 65sp,1024,142,5.9946007e-05,0.00033404571632363636,-4.222239739931611,-3.4761940931033215
v13,PlantCAD2-S-88M 8192bp Angiosperm 2.6M 65sp,1024,143,5.8011854e-05,0.0003232677586797768,-4.236483254699565,-3.490437607871276
v13,PlantCAD2-S-88M 8192bp Angiosperm 2.6M 65sp,1024,144,5.6432444e-05,0.0003144665862377372,-4.248471140714731,-3.502425493886441
v13,PlantCAD2-S-88M 8192bp Angiosperm 2.6M 65sp,1024,145,5.6219917e-05,0.0003132822916115227,-4.250109799896643,-3.5040641530683536
v13,PlantCAD2-S-88M 8192bp Angiosperm 2.6M 65sp,1024,146,5.546418e-05,0.00030907099013956186,-4.255987403374698,-3.509941756546409
v13,PlantCAD2-S-88M 8192bp Angiosperm 2.6M 65sp,1024,147,5.4522763e-05,0.00030382499742274505,-4.263422143936989,-3.5173764971086996
v13,PlantCAD2-S-88M 8192bp Angiosperm 2.6M 65sp,1024,148,5.31206e-05,0.00029601152381244274,-4.2747370282330825,-3.5286913814047933
v13,PlantCAD2-S-88M 8192bp Angiosperm 2.6M 65sp,1024,149,5.2236093e-05,0.00029108265883552657,-4.282029313585871,-3.5359836667575815
v13,PlantCAD2-S-88M 8192bp Angiosperm 2.6M 65sp,1024,150,5.012933e-05,0.0002793428417788353,-4.299908099880211,-3.5538624530519223
v13,PlantCAD2-S-88M 8192bp Angiosperm 2.6M 65sp,1024,151,4.9067425e-05,0.0002734254365312656,-4.309206732678024,-3.563161085849734
v13,PlantCAD2-S-88M 8192bp Angiosperm 2.6M 65sp,1024,152,4.8776066e-05,0.000271801855066326,-4.311793230332036,-3.5657475835037467
v13,PlantCAD2-S-88M 8192bp Angiosperm 2.6M 65sp,1024,153,4.80807e-05,0.0002679269675600222,-4.318029218128355,-3.571983571300066
v13,PlantCAD2-S-88M 8192bp Angiosperm 2.6M 65sp,1024,154,4.7344205e-05,0.0002638228910392328,-4.3247331716880035,-3.5786875248597143
v13,PlantCAD2-S-88M 8192bp Angiosperm 2.6M 65sp,1024,155,4.6321016e-05,0.0002581212285008178,-4.33422192340941,-3.58817627658112
v13,PlantCAD2-S-88M 8192bp Angiosperm 2.6M 65sp,1024,156,4.5024906e-05,0.0002508987292043387,-4.346547185198577,-3.600501538370288
v13,PlantCAD2-S-88M 8192bp Angiosperm 2.6M 65sp,1024,157,4.460413e-05,0.00024855397886372314,-4.350624927091239,-3.6045792802629495
v13,PlantCAD2-S-88M 8192bp Angiosperm 2.6M 65sp,1024,158,4.431077e-05,0.0002469192469400322,-4.353490703052444,-3.607445056224154
v13,PlantCAD2-S-88M 8192bp Angiosperm 2.6M 65sp,1024,159,4.3348835e-05,0.00024155891883457928,-4.363022569695731,-3.616976922867442
v13,PlantCAD2-S-88M 8192bp Angiosperm 2.6M 65sp,1024,160,4.262282e-05,0.000237513241518045,-4.370357819991981,-3.624312173163692
v13,PlantCAD2-S-88M 8192bp Angiosperm 2.6M 65sp,1024,161,4.1926425e-05,0.00023363261996773557,-4.37751216762183,-3.63146652079354
v13,PlantCAD2-S-88M 8192bp Angiosperm 2.6M 65sp,1024,162,4.1257103e-05,0.00022990286117093752,-4.384501270674201,-3.638455623845911
v13,PlantCAD2-S-88M 8192bp Angiosperm 2.6M 65sp,1024,163,4.0151834e-05,0.00022374381249843275,-4.396294612828914,-3.6502489660006248
v13,PlantCAD2-S-88M 8192bp Angiosperm 2.6M 65sp,1024,164,3.9753966e-05,0.00022152671568559162,-4.400619538051654,-3.654573891223364
v13,PlantCAD2-S-88M 8192bp Angiosperm 2.6M 65sp,1024,165,3.945195e-05,0.00021984374869395864,-4.403931525957475,-3.6578858791291857
v13,PlantCAD2-S-88M 8192bp Angiosperm 2.6M 65sp,1024,166,3.8107468e-05,0.00021235169917722878,-4.418989906388138,-3.6729442595598485
v13,PlantCAD2-S-88M 8192bp Angiosperm 2.6M 65sp,1024,167,3.7784037e-05,0.00021054939831545043,-4.422691642148487,-3.676645995320197
v13,PlantCAD2-S-88M 8192bp Angiosperm 2.6M 65sp,1024,168,3.7141504e-05,0.00020696891969830794,-4.430140514013693,-3.684094867185403
v13,PlantCAD2-S-88M 8192bp Angiosperm 2.6M 65sp,1024,169,3.655244e-05,0.00020368639404417277,-4.437083627101019,-3.6910379802727293
v13,PlantCAD2-S-88M 8192bp Angiosperm 2.6M 65sp,1024,170,3.5918285e-05,0.00020015260135577541,-4.444684407884957,-3.6986387610566673
v13,PlantCAD2-S-88M 8192bp Angiosperm 2.6M 65sp,1024,171,3.4946097e-05,0.00019473513899066338,-4.456601321950241,-3.710555675121952
v13,PlantCAD2-S-88M 8192bp Angiosperm 2.6M 65sp,1024,172,3.453605e-05,0.00019245017539264828,-4.461727335596045,-3.7156816887677557
v13,PlantCAD2-S-88M 8192bp Angiosperm 2.6M 65sp,1024,173,3.371649e-05,0.0001878832238812624,-4.472157643210253,-3.726111996381964
v13,PlantCAD2-S-88M 8192bp Angiosperm 2.6M 65sp,1024,174,3.2908923e-05,0.0001833831026806238,-4.482686330492337,-3.7366406836640476
v13,PlantCAD2-S-88M 8192bp Angiosperm 2.6M 65sp,1024,175,3.2273674e-05,0.00017984321373941585,-4.491151592169615,-3.7451059453413262
v13,PlantCAD2-S-88M 8192bp Angiosperm 2.6M 65sp,1024,176,3.172886e-05,0.0001768072686948502,-4.498545531574455,-3.752499884746165
v13,PlantCAD2-S-88M 8192bp Angiosperm 2.6M 65sp,1024,177,3.1660504e-05,0.00017642635877060758,-4.499482175933654,-3.753436529105365
v13,PlantCAD2-S-88M 8192bp Angiosperm 2.6M 65sp,1024,178,3.1137293e-05,0.0001735107952155003,-4.50671914662546,-3.7606734997971705
v13,PlantCAD2-S-88M 8192bp Angiosperm 2.6M 65sp,1024,179,3.0270074e-05,0.00016867826663583249,-4.518986517340342,-3.772940870512053
v13,PlantCAD2-S-88M 8192bp Angiosperm 2.6M 65sp,1024,180,2.9949697e-05,0.00016689298401544682,-4.523607566993991,-3.777561920165702
v13,PlantCAD2-S-88M 8192bp Angiosperm 2.6M 65sp,1024,181,2.915309e-05,0.0001624539367917773,-4.535315406639876,-3.789269759811587
v13,PlantCAD2-S-88M 8192bp Angiosperm 2.6M 65sp,1024,182,2.8959017e-05,0.0001613724760315289,-4.538216184143443,-3.792170537315154
v13,PlantCAD2-S-88M 8192bp Angiosperm 2.6M 65sp,1024,183,2.8231012e-05,0.00015731570955311794,-4.549273553374934,-3.8032279065466446
v13,PlantCAD2-S-88M 8192bp Angiosperm 2.6M 65sp,1024,184,2.7499766e-05,0.0001532408827864445,-4.560671001636687,-3.8146253548083986
v13,PlantCAD2-S-88M 8192bp Angiosperm 2.6M 65sp,1024,185,2.746272e-05,0.00015303444605735715,-4.561256450985286,-3.815210804156997
v13,PlantCAD2-S-88M 8192bp Angiosperm 2.6M 65sp,1024,186,2.7078591e-05,0.00015089390904101041,-4.567373937359308,-3.8213282905310186
v13,PlantCAD2-S-88M 8192bp Angiosperm 2.6M 65sp,1024,187,2.5910038e-05,0.00014438221387594072,-4.586531950071751,-3.8404863032434617
v13,PlantCAD2-S-88M 8192bp Angiosperm 2.6M 65sp,1024,188,2.5512276e-05,0.0001421657077420739,-4.59325079540242,-3.84720514857413
v13,PlantCAD2-S-88M 8192bp Angiosperm 2.6M 65sp,1024,189,2.4882278e-05,0.0001386550796998682,-4.604109862022152,-3.8580642151938624
v13,PlantCAD2-S-88M 8192bp Angiosperm 2.6M 65sp,1024,190,2.458999e-05,0.00013702632143523845,-4.609241647875585,-3.8631960010472963
v13,PlantCAD2-S-88M 8192bp Angiosperm 2.6M 65sp,1024,191,2.4300818e-05,0.00013541492690347692,-4.614379107187409,-3.86833346035912
v13,PlantCAD2-S-88M 8192bp Angiosperm 2.6M 65sp,1024,192,2.404289e-05,0.00013397763778562254,-4.619013330528851,-3.872967683700562
v13,PlantCAD2-S-88M 8192bp Angiosperm 2.6M 65sp,1024,193,2.3619848e-05,0.00013162026028881973,-4.626722901513937,-3.880677254685648
v13,PlantCAD2-S-88M 8192bp Angiosperm 2.6M 65sp,1024,194,2.3006145e-05,0.00012820043520781035,-4.638156147323886,-3.8921105004955967
v13,PlantCAD2-S-88M 8192bp Angiosperm 2.6M 65sp,1024,195,2.256341e-05,0.00012573331958797354,-4.646595264960399,-3.9005496181321093
v13,PlantCAD2-S-88M 8192bp Angiosperm 2.6M 65sp,1024,196,2.2428974e-05,0.00012498418262010705,-4.649190592503961,-3.9031449456756717
v13,PlantCAD2-S-88M 8192bp Angiosperm 2.6M 65sp,1024,197,2.2062124e-05,0.00012293993184902023,-4.656352678791805,-3.9103070319635154
v13,PlantCAD2-S-88M 8192bp Angiosperm 2.6M 65sp,1024,198,2.1568885e-05,0.00012019138556012806,-4.666172305099746,-3.9201266582714567
v13,PlantCAD2-S-88M 8192bp Angiosperm 2.6M 65sp,1024,199,2.0604873e-05,0.00011481948349024404,-4.686030057944498,-3.939984411116208
v13,PlantCAD2-S-88M 8192bp Angiosperm 2.6M 65sp,1024,200,2.025491e-05,0.00011286933456670075,-4.693469682205903,-3.947424035377614
v13,PlantCAD2-S-88M 8192bp Angiosperm 2.6M 65sp,1024,201,2.005355e-05,0.00011174726741318831,-4.697808734817456,-3.9517630879891663
v13,PlantCAD2-S-88M 8192bp Angiosperm 2.6M 65sp,1024,202,1.9491708e-05,0.00010861643480659443,-4.710150103290055,-3.964104456461766
v13,PlantCAD2-S-88M 8192bp Angiosperm 2.6M 65sp,1024,203,1.9372965e-05,0.00010795474618914544,-4.712803906147439,-3.9667582593191493
v13,PlantCAD2-S-88M 8192bp Angiosperm 2.6M 65sp,1024,204,1.8754938e-05,0.00010451082586393766,-4.726884367199869,-3.98083872037158
v13,PlantCAD2-S-88M 8192bp Angiosperm 2.6M 65sp,1024,205,1.8481847e-05,0.00010298904179053743,-4.733254629337484,-3.9872089825091948
v13,PlantCAD2-S-88M 8192bp Angiosperm 2.6M 65sp,1024,206,1.7786828e-05,9.91160879220081e-05,-4.749901494576238,-4.003855847747949
v13,PlantCAD2-S-88M 8192bp Angiosperm 2.6M 65sp,1024,207,1.7635713e-05,9.827400817477412e-05,-4.753606977408116,-4.0075613305798266
v13,PlantCAD2-S-88M 8192bp Angiosperm 2.6M 65sp,1024,208,1.712725e-05,9.544062701130371e-05,-4.766312362994851,-4.020266716166562
v13,PlantCAD2-S-88M 8192bp Angiosperm 2.6M 65sp,1024,209,1.655628e-05,9.225892914359909e-05,-4.781037237415838,-4.034991590587548
v13,PlantCAD2-S-88M 8192bp Angiosperm 2.6M 65sp,1024,210,1.6371449e-05,9.122896890298099e-05,-4.7859128804625355,-4.039867233634246
v13,PlantCAD2-S-88M 8192bp Angiosperm 2.6M 65sp,1024,211,1.6083046e-05,8.962185958000497e-05,-4.79363169590384,-4.047586049075551
v13,PlantCAD2-S-88M 8192bp Angiosperm 2.6M 65sp,1024,212,1.599768e-05,8.914616239771084e-05,-4.795942994609914,-4.0498973477816245
v13,PlantCAD2-S-88M 8192bp Angiosperm 2.6M 65sp,1024,213,1.573642e-05,8.769030589926694e-05,-4.8030940617536775,-4.057048414925388
v13,PlantCAD2-S-88M 8192bp Angiosperm 2.6M 65sp,1024,214,1.5098797e-05,8.413718797801115e-05,-4.821057653837598,-4.075012007009309
v13,PlantCAD2-S-88M 8192bp Angiosperm 2.6M 65sp,1024,215,1.4814555e-05,8.25532655909994e-05,-4.829311389337288,-4.083265742508999
v13,PlantCAD2-S-88M 8192bp Angiosperm 2.6M 65sp,1024,216,1.4609741e-05,8.141195121883263e-05,-4.835357483125788,-4.089311836297499
v13,PlantCAD2-S-88M 8192bp Angiosperm 2.6M 65sp,1024,217,1.4486391e-05,8.072459035577263e-05,-4.839039797000086,-4.092994150171797
v13,PlantCAD2-S-88M 8192bp Angiosperm 2.6M 65sp,1024,218,1.4172925e-05,7.897781889002504e-05,-4.848540511060409,-4.10249486423212
v13,PlantCAD2-S-88M 8192bp Angiosperm 2.6M 65sp,1024,219,1.3936164e-05,7.765848167641381e-05,-4.85585675155312,-4.109811104724831
v13,PlantCAD2-S-88M 8192bp Angiosperm 2.6M 65sp,1024,220,1.3697639e-05,7.63293146730787e-05,-4.863354283765916,-4.117308636937627
v13,PlantCAD2-S-88M 8192bp Angiosperm 2.6M 65sp,1024,221,1.3488424e-05,7.516347597859067e-05,-4.870038790734894,-4.123993143906604
v13,PlantCAD2-S-88M 8192bp Angiosperm 2.6M 65sp,1024,222,1.3081864e-05,7.289794348985398e-05,-4.883330370137286,-4.137284723308997
v13,PlantCAD2-S-88M 8192bp Angiosperm 2.6M 65sp,1024,223,1.2840863e-05,7.155497911726928e-05,-4.891405787517705,-4.145360140689416
v13,PlantCAD2-S-88M 8192bp Angiosperm 2.6M 65sp,1024,224,1.2744587e-05,7.101848658016378e-05,-4.894674233676645,-4.148628586848356
v13,PlantCAD2-S-88M 8192bp Angiosperm 2.6M 65sp,1024,225,1.2580611e-05,7.010473964152474e-05,-4.9002982660859296,-4.15425261925764
v13,PlantCAD2-S-88M 8192bp Angiosperm 2.6M 65sp,1024,226,1.2245955e-05,6.823988810534147e-05,-4.912007340791809,-4.16596169396352
v13,PlantCAD2-S-88M 8192bp Angiosperm 2.6M 65sp,1024,227,1.2017575e-05,6.696725353780486e-05,-4.92018315881991,-4.174137511991621
v13,PlantCAD2-S-88M 8192bp Angiosperm 2.6M 65sp,1024,228,1.1727764e-05,6.535229821486783e-05,-4.9307847820045305,-4.184739135176241
v13,PlantCAD2-S-88M 8192bp Angiosperm 2.6M 65sp,1024,229,1.1499807e-05,6.408202079078541e-05,-4.939309448301898,-4.193263801473609
v13,PlantCAD2-S-88M 8192bp Angiosperm 2.6M 65sp,1024,230,1.1441769e-05,6.375860733500692e-05,-4.94150682453382,-4.195461177705531
v13,PlantCAD2-S-88M 8192bp Angiosperm 2.6M 65sp,1024,231,1.1026341e-05,6.144365842037954e-05,-4.957568580682405,-4.211522933854116
v13,PlantCAD2-S-88M 8192bp Angiosperm 2.6M 65sp,1024,232,1.0834936e-05,6.03770649384663e-05,-4.9651736496352505,-4.219128002806961
v13,PlantCAD2-S-88M 8192bp Angiosperm 2.6M 65sp,1024,233,1.0698686e-05,5.961781955871823e-05,-4.970669558575712,-4.224623911747423
v13,PlantCAD2-S-88M 8192bp Angiosperm 2.6M 65sp,1024,234,1.05142e-05,5.858978181098831e-05,-4.9782237661353355,-4.232178119307046
v13,PlantCAD2-S-88M 8192bp Angiosperm 2.6M 65sp,1024,235,1.0261071e-05,5.717923484783051e-05,-4.988807307341618,-4.242761660513329
v13,PlantCAD2-S-88M 8192bp Angiosperm 2.6M 65sp,1024,236,9.945568e-06,5.542111231537799e-05,-5.002370408897359,-4.256324762069069
v13,PlantCAD2-S-88M 8192bp Angiosperm 2.6M 65sp,1024,237,9.81991e-06,5.47208902535183e-05,-5.007892492526949,-4.26184684569866
v13,PlantCAD2-S-88M 8192bp Angiosperm 2.6M 65sp,1024,238,9.604782e-06,5.352210170266001e-05,-5.01751248788417,-4.271466841055881
v13,PlantCAD2-S-88M 8192bp Angiosperm 2.6M 65sp,1024,239,9.434883e-06,5.257534918321915e-05,-5.025263481060199,-4.279217834231909
v13,PlantCAD2-S-88M 8192bp Angiosperm 2.6M 65sp,1024,240,9.016853e-06,5.0245900771504754e-05,-5.04494501048569,-4.298899363657401
v13,PlantCAD2-S-88M 8192bp Angiosperm 2.6M 65sp,1024,241,8.9026835e-06,4.960969772282111e-05,-5.050479065986636,-4.304433419158347
v13,PlantCAD2-S-88M 8192bp Angiosperm 2.6M 65sp,1024,242,8.7473245e-06,4.874396852684107e-05,-5.058124762128413,-4.312079115300124
v13,PlantCAD2-S-88M 8192bp Angiosperm 2.6M 65sp,1024,243,8.685086e-06,4.8397148023593726e-05,-5.0612258767977085,-4.315180229969419
v13,PlantCAD2-S-88M 8192bp Angiosperm 2.6M 65sp,1024,244,8.4897765e-06,4.7308796937385246e-05,-5.071103742747137,-4.325058095918847
v13,PlantCAD2-S-88M 8192bp Angiosperm 2.6M 65sp,1024,245,8.233374e-06,4.5880008581562464e-05,-5.084422156367044,-4.3383765095387545
v13,PlantCAD2-S-88M 8192bp Angiosperm 2.6M 65sp,1024,246,8.025893e-06,4.472383250350367e-05,-5.095506634512388,-4.349460987684099
v13,PlantCAD2-S-88M 8192bp Angiosperm 2.6M 65sp,1024,247,7.904912e-06,4.404967275827578e-05,-5.102102960409462,-4.356057313581172
v13,PlantCAD2-S-88M 8192bp Angiosperm 2.6M 65sp,1024,248,7.828627e-06,4.362457893226417e-05,-5.106314398684015,-4.360268751855726
v13,PlantCAD2-S-88M 8192bp Angiosperm 2.6M 65sp,1024,249,7.664378e-06,4.270931071664406e-05,-5.11552308440108,-4.369477437572791
v13,PlantCAD2-S-88M 8192bp Angiosperm 2.6M 65sp,1024,250,7.482337e-06,4.1694897592425934e-05,-5.125962735332624,-4.379917088504334
v13,PlantCAD2-S-88M 8192bp Angiosperm 2.6M 65sp,1024,251,7.422962e-06,4.13640337801504e-05,-5.129422762703755,-4.383377115875466
v13,PlantCAD2-S-88M 8192bp Angiosperm 2.6M 65sp,1024,252,7.2667885e-06,4.0493765829221335e-05,-5.138657479770908,-4.3926118329426185
v13,PlantCAD2-S-88M 8192bp Angiosperm 2.6M 65sp,1024,253,6.9944685e-06,3.897627810949294e-05,-5.155245281356148,-4.409199634527859
v13,PlantCAD2-S-88M 8192bp Angiosperm 2.6M 65sp,1024,254,6.8558493e-06,3.820383049742414e-05,-5.163938737306815,-4.417893090478525
v13,PlantCAD2-S-88M 8192bp Angiosperm 2.6M 65sp,1024,255,6.798508e-06,3.7884299362791126e-05,-5.167586387067768,-4.421540740239479
v13,PlantCAD2-S-88M 8192bp Angiosperm 2.6M 65sp,1024,256,6.726697e-06,3.748413664745103e-05,-5.1721981344090215,-4.426152487580732
v13,PlantCAD2-S-88M 8192bp Angiosperm 2.6M 65sp,1024,257,6.5936333e-06,3.674264674332491e-05,-5.180875209485083,-4.434829562656794
v13,PlantCAD2-S-88M 8192bp Angiosperm 2.6M 65sp,1024,258,6.3931393e-06,3.562540532558392e-05,-5.194285832628197,-4.448240185799908
v13,PlantCAD2-S-88M 8192bp Angiosperm 2.6M 65sp,1024,259,6.1696064e-06,3.437978094725961e-05,-5.209742541600567,-4.463696894772278
v13,PlantCAD2-S-88M 8192bp Angiosperm 2.6M 65sp,1024,260,6.038744e-06,3.3650557662248646e-05,-5.2190533810133,-4.4730077341850105
v13,PlantCAD2-S-88M 8192bp Angiosperm 2.6M 65sp,1024,261,5.789773e-06,3.2263180917725665e-05,-5.23733846335028,-4.491292816521991
v13,PlantCAD2-S-88M 8192bp Angiosperm 2.6M 65sp,1024,262,5.7477773e-06,3.202916226675843e-05,-5.2405000671305,-4.494454420302211
v13,PlantCAD2-S-88M 8192bp Angiosperm 2.6M 65sp,1024,263,5.641699e-06,3.143804697012335e-05,-5.2485900883554475,-4.502544441527158
v13,PlantCAD2-S-88M 8192bp Angiosperm 2.6M 65sp,1024,264,5.534709e-06,3.084185127706466e-05,-5.256905208211911,-4.510859561383622
v13,PlantCAD2-S-88M 8192bp Angiosperm 2.6M 65sp,1024,265,5.335618e-06,2.9732427997068897e-05,-5.272815271001311,-4.5267696241730215
v13,PlantCAD2-S-88M 8192bp Angiosperm 2.6M 65sp,1024,266,5.298346e-06,2.9524731895828747e-05,-5.275859684207116,-4.529814037378827
v13,PlantCAD2-S-88M 8192bp Angiosperm 2.6M 65sp,1024,267,5.2354508e-06,2.9174251969162104e-05,-5.281045917323562,-4.5350002704952725
v13,PlantCAD2-S-88M 8192bp Angiosperm 2.6M 65sp,1024,268,5.176583e-06,2.8846214500054333e-05,-5.285956818231019,-4.539911171402729
v13,PlantCAD2-S-88M 8192bp Angiosperm 2.6M 65sp,1024,269,5.1084385e-06,2.8466483147538793e-05,-5.291711830681012,-4.545666183852723
v13,PlantCAD2-S-88M 8192bp Angiosperm 2.6M 65sp,1024,270,4.9521345e-06,2.7595487992778113e-05,-5.305207568387258,-4.55916192155897
v13,PlantCAD2-S-88M 8192bp Angiosperm 2.6M 65sp,1024,271,4.8329875e-06,2.6931548108294862e-05,-5.315784328115422,-4.569738681287133
v13,PlantCAD2-S-88M 8192bp Angiosperm 2.6M 65sp,1024,272,4.6958066e-06,2.616711534121463e-05,-5.328289798106784,-4.582244151278495
v13,PlantCAD2-S-88M 8192bp Angiosperm 2.6M 65sp,1024,273,4.5936167e-06,2.5597667932540005e-05,-5.337845245975951,-4.591799599147662
v13,PlantCAD2-S-88M 8192bp Angiosperm 2.6M 65sp,1024,274,4.551983e-06,2.5365666505994556e-05,-5.341799368541803,-4.595753721713514
v13,PlantCAD2-S-88M 8192bp Angiosperm 2.6M 65sp,1024,275,4.4270046e-06,2.4669231476502402e-05,-5.353890026755379,-4.60784437992709
v13,PlantCAD2-S-88M 8192bp Angiosperm 2.6M 65sp,1024,276,4.2990814e-06,2.3956386716410013e-05,-5.366624331752929,-4.62057868492464
v13,PlantCAD2-S-88M 8192bp Angiosperm 2.6M 65sp,1024,277,4.238039e-06,2.3616231412419306e-05,-5.372835051068626,-4.626789404240337
v13,PlantCAD2-S-88M 8192bp Angiosperm 2.6M 65sp,1024,278,4.1548806e-06,2.315283595563221e-05,-5.381441452146107,-4.635395805317818
v13,PlantCAD2-S-88M 8192bp Angiosperm 2.6M 65sp,1024,279,4.041564e-06,2.2521385643714706e-05,-5.3934505395607735,-4.647404892732484
v13,PlantCAD2-S-88M 8192bp Angiosperm 2.6M 65sp,1024,280,4.013347e-06,2.2364148015235063e-05,-5.3964932888905945,-4.650447642062305
v13,PlantCAD2-S-88M 8192bp Angiosperm 2.6M 65sp,1024,281,3.9456154e-06,2.1986717524497855e-05,-5.403885250000733,-4.657839603172444
v13,PlantCAD2-S-88M 8192bp Angiosperm 2.6M 65sp,1024,282,3.89289e-06,2.1692908230219915e-05,-5.409727867812264,-4.663682220983975
v13,PlantCAD2-S-88M 8192bp Angiosperm 2.6M 65sp,1024,283,3.8574353e-06,2.1495338929923745e-05,-5.413701349539247,-4.667655702710958
v13,PlantCAD2-S-88M 8192bp Angiosperm 2.6M 65sp,1024,284,3.6688546e-06,2.0444483699210665e-05,-5.435469499383035,-4.689423852554746
v13,PlantCAD2-S-88M 8192bp Angiosperm 2.6M 65sp,1024,285,3.6259303e-06,2.020529047753052e-05,-5.440580548452403,-4.694534901624114
v13,PlantCAD2-S-88M 8192bp Angiosperm 2.6M 65sp,1024,286,3.5565226e-06,1.98185200148227e-05,-5.448974427223657,-4.702928780395368
v13,PlantCAD2-S-88M 8192bp Angiosperm 2.6M 65sp,1024,287,3.4490743e-06,1.9219770471066484e-05,-5.462297449954893,-4.716251803126604
v13,PlantCAD2-S-88M 8192bp Angiosperm 2.6M 65sp,1024,288,3.371754e-06,1.878890749465742e-05,-5.472144118608326,-4.726098471780037
v13,PlantCAD2-S-88M 8192bp Angiosperm 2.6M 65sp,1024,289,3.270922e-06,1.822702690654177e-05,-5.485329812149395,-4.739284165321106
v13,PlantCAD2-S-88M 8192bp Angiosperm 2.6M 65sp,1024,290,3.2416642e-06,1.8063989479227327e-05,-5.489231975187767,-4.743186328359478
v13,PlantCAD2-S-88M 8192bp Angiosperm 2.6M 65sp,1024,291,3.1293953e-06,1.7438377416002386e-05,-5.504539574033324,-4.758493927205035
v13,PlantCAD2-S-88M 8192bp Angiosperm 2.6M 65sp,1024,292,3.101748e-06,1.7284314408387643e-05,-5.508393489132056,-4.762347842303766
v13,PlantCAD2-S-88M 8192bp Angiosperm 2.6M 65sp,1024,293,3.0572648e-06,1.7036434305074547e-05,-5.514666943937194,-4.768621297108905
v13,PlantCAD2-S-88M 8192bp Angiosperm 2.6M 65sp,1024,294,3.0109095e-06,1.677812203093263e-05,-5.521302298037984,-4.775256651209695
v13,PlantCAD2-S-88M 8192bp Angiosperm 2.6M 65sp,1024,295,2.943165e-06,1.640061965567874e-05,-5.531185389758761,-4.785139742930472
v13,PlantCAD2-S-88M 8192bp Angiosperm 2.6M 65sp,1024,296,2.911323e-06,1.6223181920765433e-05,-5.535909608599058,-4.789863961770768
v13,PlantCAD2-S-88M 8192bp Angiosperm 2.6M 65sp,1024,297,2.8149907e-06,1.568637565511035e-05,-5.550523035606721,-4.804477388778432
v13,PlantCAD2-S-88M 8192bp Angiosperm 2.6M 65sp,1024,298,2.758186e-06,1.5369834693473835e-05,-5.559376450252305,-4.813330803424016
v13,PlantCAD2-S-88M 8192bp Angiosperm 2.6M 65sp,1024,299,2.7074166e-06,1.5086925098005345e-05,-5.567444912622366,-4.821399265794077
v13,PlantCAD2-S-88M 8192bp Angiosperm 2.6M 65sp,1024,300,2.69443e-06,1.5014558007740125e-05,-5.569533094683887,-4.823487447855598
v13,PlantCAD2-S-88M 8192bp Angiosperm 2.6M 65sp,1024,301,2.5964976e-06,1.4468835275794143e-05,-5.585612074496708,-4.8395664276684185
v13,PlantCAD2-S-88M 8192bp Angiosperm 2.6M 65sp,1024,302,2.4926885e-06,1.389036496716438e-05,-5.603331989921255,-4.857286343092966
v13,PlantCAD2-S-88M 8192bp Angiosperm 2.6M 65sp,1024,303,2.43557e-06,1.3572075372866104e-05,-5.61339938398305,-4.867353737154761
v13,PlantCAD2-S-88M 8192bp Angiosperm 2.6M 65sp,1024,304,2.3967957e-06,1.335600779027553e-05,-5.620368983131139,-4.87432333630285
v13,PlantCAD2-S-88M 8192bp Angiosperm 2.6M 65sp,1024,305,2.331363e-06,1.2991387789105316e-05,-5.632390100300488,-4.886344453472199
v13,PlantCAD2-S-88M 8192bp Angiosperm 2.6M 65sp,1024,306,2.2782249e-06,1.2695278747537679e-05,-5.6424034058022094,-4.89635775897392
v13,PlantCAD2-S-88M 8192bp Angiosperm 2.6M 65sp,1024,307,2.2077686e-06,1.2302665020938455e-05,-5.656046447704385,-4.910000800876095
v13,PlantCAD2-S-88M 8192bp Angiosperm 2.6M 65sp,1024,308,2.1758285e-06,1.212468062935173e-05,-5.6623753389549725,-4.916329692126683
v13,PlantCAD2-S-88M 8192bp Angiosperm 2.6M 65sp,1024,309,2.1358294e-06,1.1901787918385998e-05,-5.670433439657311,-4.924387792829021
v13,PlantCAD2-S-88M 8192bp Angiosperm 2.6M 65sp,1024,310,2.0943849e-06,1.167084079808531e-05,-5.678943501938429,-4.93289785511014
v13,PlantCAD2-S-88M 8192bp Angiosperm 2.6M 65sp,1024,311,2.0890864e-06,1.1641315208033234e-05,-5.680043598187575,-4.933997951359286
v13,PlantCAD2-S-88M 8192bp Angiosperm 2.6M 65sp,1024,312,2.0157142e-06,1.123245279444093e-05,-5.695571044727428,-4.949525397899139
v13,PlantCAD2-S-88M 8192bp Angiosperm 2.6M 65sp,1024,313,1.9800254e-06,1.1033578985202378e-05,-5.703329238521759,-4.95728359169347
v13,PlantCAD2-S-88M 8192bp Angiosperm 2.6M 65sp,1024,314,1.9378756e-06,1.0798701620745093e-05,-5.712674105493505,-4.966628458665216
v13,PlantCAD2-S-88M 8192bp Angiosperm 2.6M 65sp,1024,315,1.9310314e-06,1.0760562705309705e-05,-5.714210664213429,-4.9681650173851395
v13,PlantCAD2-S-88M 8192bp Angiosperm 2.6M 65sp,1024,316,1.8649605e-06,1.0392386370918534e-05,-5.729330362146823,-4.983284715318534
v13,PlantCAD2-S-88M 8192bp Angiosperm 2.6M 65sp,1024,317,1.8599234e-06,1.0364317417506944e-05,-5.730504941611302,-4.984459294783012
v13,PlantCAD2-S-88M 8192bp Angiosperm 2.6M 65sp,1024,318,1.8152432e-06,1.0115339542892489e-05,-5.741065181458528,-4.995019534630239
v13,PlantCAD2-S-88M 8192bp Angiosperm 2.6M 65sp,1024,319,1.784095e-06,9.941767969039507e-06,-5.748582023907596,-5.0025363770793065
v13,PlantCAD2-S-88M 8192bp Angiosperm 2.6M 65sp,1024,320,1.7627053e-06,9.822575081705948e-06,-5.75382028967573,-5.007774642847441
v13,PlantCAD2-S-88M 8192bp Angiosperm 2.6M 65sp,1024,321,1.7026028e-06,9.487657317035795e-06,-5.768886656728007,-5.022841009899718
v13,PlantCAD2-S-88M 8192bp Angiosperm 2.6M 65sp,1024,322,1.6796196e-06,9.359584741536156e-06,-5.774789066088052,-5.028743419259762
v13,PlantCAD2-S-88M 8192bp Angiosperm 2.6M 65sp,1024,323,1.6341285e-06,9.106088172768027e-06,-5.786713795633054,-5.040668148804765
v13,PlantCAD2-S-88M 8192bp Angiosperm 2.6M 65sp,1024,324,1.5678318e-06,8.73665358071266e-06,-5.804700531096796,-5.058654884268507
v13,PlantCAD2-S-88M 8192bp Angiosperm 2.6M 65sp,1024,325,1.5392294e-06,8.577268332641422e-06,-5.8126966499997215,-5.066651003171432
v13,PlantCAD2-S-88M 8192bp Angiosperm 2.6M 65sp,1024,326,1.5040945e-06,8.381481099665933e-06,-5.822724876816686,-5.076679229988397
v13,PlantCAD2-S-88M 8192bp Angiosperm 2.6M 65sp,1024,327,1.4708181e-06,8.196050252292364e-06,-5.8324410343091895,-5.0863953874809
v13,PlantCAD2-S-88M 8192bp Angiosperm 2.6M 65sp,1024,328,1.4570165e-06,8.11914162085654e-06,-5.83653553002934,-5.090489883201051
v13,PlantCAD2-S-88M 8192bp Angiosperm 2.6M 65sp,1024,329,1.4031633e-06,7.819047725189393e-06,-5.852891782883339,-5.10684613605505
v13,PlantCAD2-S-88M 8192bp Angiosperm 2.6M 65sp,1024,330,1.3963904e-06,7.781306124950893e-06,-5.854993145564933,-5.108947498736644
v13,PlantCAD2-S-88M 8192bp Angiosperm 2.6M 65sp,1024,331,1.3533764e-06,7.541613055119822e-06,-5.868581400956685,-5.122535754128395
v13,PlantCAD2-S-88M 8192bp Angiosperm 2.6M 65sp,1024,332,1.3391705e-06,7.462451484916789e-06,-5.8731641261282395,-5.12711847929995
v13,PlantCAD2-S-88M 8192bp Angiosperm 2.6M 65sp,1024,333,1.2893712e-06,7.184947716552107e-06,-5.889622034621862,-5.143576387793573
v13,PlantCAD2-S-88M 8192bp Angiosperm 2.6M 65sp,1024,334,1.2781935e-06,7.122660618708364e-06,-5.893403395300458,-5.147357748472169
v13,PlantCAD2-S-88M 8192bp Angiosperm 2.6M 65sp,1024,335,1.2663766e-06,7.0568116152005116e-06,-5.897437122928365,-5.151391476100076
v13,PlantCAD2-S-88M 8192bp Angiosperm 2.6M 65sp,1024,336,1.2294564e-06,6.851075899461981e-06,-5.910286867962397,-5.164241221134108
v13,PlantCAD2-S-88M 8192bp Angiosperm 2.6M 65sp,1024,337,1.2006653e-06,6.690639131367561e-06,-5.920578040574957,-5.174532393746667
v13,PlantCAD2-S-88M 8192bp Angiosperm 2.6M 65sp,1024,338,1.1827126e-06,6.590598731154695e-06,-5.9271207764186356,-5.181075129590346
v13,PlantCAD2-S-88M 8192bp Angiosperm 2.6M 65sp,1024,339,1.1555171e-06,6.439053353356979e-06,-5.9372236232002855,-5.191177976371996
v13,PlantCAD2-S-88M 8192bp Angiosperm 2.6M 65sp,1024,340,1.1197307e-06,6.239635673666585e-06,-5.950886414443209,-5.20484076761492
v13,PlantCAD2-S-88M 8192bp Angiosperm 2.6M 65sp,1024,341,1.1065429e-06,6.1661474078387564e-06,-5.956031744075532,-5.209986097247243
v13,PlantCAD2-S-88M 8192bp Angiosperm 2.6M 65sp,1024,342,1.0877468e-06,6.061407209069709e-06,-5.96347218566741,-5.2174265388391206
v13,PlantCAD2-S-88M 8192bp Angiosperm 2.6M 65sp,1024,343,1.0416763e-06,5.804681966738086e-06,-5.9822672167027715,-5.236221569874482
v13,PlantCAD2-S-88M 8192bp Angiosperm 2.6M 65sp,1024,344,1.0301143e-06,5.740253378990219e-06,-5.98711458393056,-5.241068937102271
v13,PlantCAD2-S-88M 8192bp Angiosperm 2.6M 65sp,1024,345,1.006918e-06,5.610993315854437e-06,-5.997005895481678,-5.250960248653389
v13,PlantCAD2-S-88M 8192bp Angiosperm 2.6M 65sp,1024,346,9.885015e-07,5.508368416506692e-06,-6.00502266733035,-5.258977020502061
v13,PlantCAD2-S-88M 8192bp Angiosperm 2.6M 65sp,1024,347,9.645819e-07,5.37507780523754e-06,-6.015660891702829,-5.26961524487454
v13,PlantCAD2-S-88M 8192bp Angiosperm 2.6M 65sp,1024,348,9.537421e-07,5.314673635935571e-06,-6.020569046353568,-5.274523399525279
v13,PlantCAD2-S-88M 8192bp Angiosperm 2.6M 65sp,1024,349,9.244048e-07,5.151193199390375e-06,-6.034137808099786,-5.288092161271496
v13,PlantCAD2-S-88M 8192bp Angiosperm 2.6M 65sp,1024,350,9.1312705e-07,5.088348578609062e-06,-6.039468791715262,-5.293423144886972
v13,PlantCAD2-S-88M 8192bp Angiosperm 2.6M 65sp,1024,351,9.071481e-07,5.055031219612771e-06,-6.042321804712608,-5.296276157884319
v13,PlantCAD2-S-88M 8192bp Angiosperm 2.6M 65sp,1024,352,8.770657e-07,4.887398755673444e-06,-6.056967872906775,-5.310922226078485
v13,PlantCAD2-S-88M 8192bp Angiosperm 2.6M 65sp,1024,353,8.5504126e-07,4.764668815772244e-06,-6.0680129278940775,-5.321967281065788
v13,PlantCAD2-S-88M 8192bp Angiosperm 2.6M 65sp,1024,354,8.4424295e-07,4.704495847136739e-06,-6.073532557330255,-5.327486910501966
v13,PlantCAD2-S-88M 8192bp Angiosperm 2.6M 65sp,1024,355,8.3483576e-07,4.652074815621787e-06,-6.078398956302741,-5.332353309474452
v13,PlantCAD2-S-88M 8192bp Angiosperm 2.6M 65sp,1024,356,7.992586e-07,4.453823113936959e-06,-6.097312682034754,-5.351267035206464
v13,PlantCAD2-S-88M 8192bp Angiosperm 2.6M 65sp,1024,357,7.9444874e-07,4.427020442507711e-06,-6.099934119417366,-5.353888472589077
v13,PlantCAD2-S-88M 8192bp Angiosperm 2.6M 65sp,1024,358,7.8324246e-07,4.364574084238624e-06,-6.106103777226538,-5.360058130398249
v13,PlantCAD2-S-88M 8192bp Angiosperm 2.6M 65sp,1024,359,7.6245595e-07,4.248742438891195e-06,-6.117785242111725,-5.371739595283436
v13,PlantCAD2-S-88M 8192bp Angiosperm 2.6M 65sp,1024,360,7.504333e-07,4.1817469052043835e-06,-6.124687902660213,-5.378642255831924
v13,PlantCAD2-S-88M 8192bp Angiosperm 2.6M 65sp,1024,361,7.3459313e-07,4.093478458327877e-06,-6.133953137544009,-5.387907490715719
v13,PlantCAD2-S-88M 8192bp Angiosperm 2.6M 65sp,1024,362,7.0954354e-07,3.953891042019008e-06,-6.149020949605289,-5.4029753027769996
v13,PlantCAD2-S-88M 8192bp Angiosperm 2.6M 65sp,1024,363,6.930393e-07,3.861922102817149e-06,-6.159242137265249,-5.41319649043696
v13,PlantCAD2-S-88M 8192bp Angiosperm 2.6M 65sp,1024,364,6.864016e-07,3.824933896893084e-06,-6.163421712819082,-5.417376065990792
v13,PlantCAD2-S-88M 8192bp Angiosperm 2.6M 65sp,1024,365,6.611872e-07,3.6844280862279855e-06,-6.179675562576659,-5.433629915748369
v13,PlantCAD2-S-88M 8192bp Angiosperm 2.6M 65sp,1024,366,6.4505883e-07,3.5945536612344636e-06,-6.190400675474402,-5.444355028646113
v13,PlantCAD2-S-88M 8192bp Angiosperm 2.6M 65sp,1024,367,6.339475e-07,3.532636406442859e-06,-6.197946706478484,-5.4519010596501944
v13,PlantCAD2-S-88M 8192bp Angiosperm 2.6M 65sp,1024,368,6.241286e-07,3.4779211443569264e-06,-6.204725915900782,-5.4586802690724925
v13,PlantCAD2-S-88M 8192bp Angiosperm 2.6M 65sp,1024,369,6.2112656e-07,3.461192447110549e-06,-6.206819899486031,-5.460774252657742
v13,PlantCAD2-S-88M 8192bp Angiosperm 2.6M 65sp,1024,370,6.0458177e-07,3.368997545338791e-06,-6.21854495227525,-5.472499305446961
v13,PlantCAD2-S-88M 8192bp Angiosperm 2.6M 65sp,1024,371,5.935345e-07,3.307437261255639e-06,-6.226554032018305,-5.480508385190015
v13,PlantCAD2-S-88M 8192bp Angiosperm 2.6M 65sp,1024,372,5.8163465e-07,3.241126023588152e-06,-6.235349728944842,-5.489304082116552
v13,PlantCAD2-S-88M 8192bp Angiosperm 2.6M 65sp,1024,373,5.64656e-07,3.14651346162955e-06,-6.248216052712392,-5.502170405884103
v13,PlantCAD2-S-88M 8192bp Angiosperm 2.6M 65sp,1024,374,5.5712604e-07,3.1045531875767956e-06,-6.254046542197507,-5.508000895369218
v13,PlantCAD2-S-88M 8192bp Angiosperm 2.6M 65sp,1024,375,5.5428586e-07,3.088726445979343e-06,-6.256266200249866,-5.5102205534215765
v13,PlantCAD2-S-88M 8192bp Angiosperm 2.6M 65sp,1024,376,5.377286e-07,2.9964620558414532e-06,-6.269436864226125,-5.523391217397836
v13,PlantCAD2-S-88M 8192bp Angiosperm 2.6M 65sp,1024,377,5.3315006e-07,2.9709484019626148e-06,-6.273150537581847,-5.527104890753558
v13,PlantCAD2-S-88M 8192bp Angiosperm 2.6M 65sp,1024,378,5.244361e-07,2.922390355215389e-06,-6.280307420927073,-5.534261774098784
v13,PlantCAD2-S-88M 8192bp Angiosperm 2.6M 65sp,1024,379,5.102138e-07,2.8431373969446294e-06,-6.29224779899397,-5.546202152165681
v13,PlantCAD2-S-88M 8192bp Angiosperm 2.6M 65sp,1024,380,5.005692e-07,2.7893934117004592e-06,-6.300535876025348,-5.554490229197059
v13,PlantCAD2-S-88M 8192bp Angiosperm 2.6M 65sp,1024,381,4.9608855e-07,2.7644252442819767e-06,-6.304440796606635,-5.558395149778346
v13,PlantCAD2-S-88M 8192bp Angiosperm 2.6M 65sp,1024,382,4.7373865e-07,2.639881697031838e-06,-6.324461181881745,-5.578415535053455
v13,PlantCAD2-S-88M 8192bp Angiosperm 2.6M 65sp,1024,383,4.60089e-07,2.5638197983332824e-06,-6.337158149904968,-5.591112503076679
v13,PlantCAD2-S-88M 8192bp Angiosperm 2.6M 65sp,1024,384,4.532335e-07,2.525617914290252e-06,-6.343677997468276,-5.597632350639987
v13,PlantCAD2-S-88M 8192bp Angiosperm 2.6M 65sp,1024,385,4.421562e-07,2.463890289739182e-06,-6.354424280844689,-5.608378634016399
v13,PlantCAD2-S-88M 8192bp Angiosperm 2.6M 65sp,1024,386,4.3193842e-07,2.406952291527936e-06,-6.364578164667717,-5.618532517839427
v13,PlantCAD2-S-88M 8192bp Angiosperm 2.6M 65sp,1024,387,4.2799354e-07,2.384969671978134e-06,-6.368562786041795,-5.622517139213506
v13,PlantCAD2-S-88M 8192bp Angiosperm 2.6M 65sp,1024,388,4.2170794e-07,2.349943523288633e-06,-6.374988221926271,-5.628942575097982
v13,PlantCAD2-S-88M 8192bp Angiosperm 2.6M 65sp,1024,389,4.1607439e-07,2.3185508861577726e-06,-6.380829014858269,-5.6347833680299795
v13,PlantCAD2-S-88M 8192bp Angiosperm 2.6M 65sp,1024,390,4.1030717e-07,2.2864133805505016e-06,-6.386890893795388,-5.640845246967099
v13,PlantCAD2-S-88M 8192bp Angiosperm 2.6M 65sp,1024,391,4.0671947e-07,2.266421126246486e-06,-6.390705037058977,-5.644659390230688
v13,PlantCAD2-S-88M 8192bp Angiosperm 2.6M 65sp,1024,392,3.9914895e-07,2.2242348338994006e-06,-6.3988650088451555,-5.652819362016866
v13,PlantCAD2-S-88M 8192bp Angiosperm 2.6M 65sp,1024,393,3.9604507e-07,2.2069386390422086e-06,-6.402255388472178,-5.656209741643889
v13,PlantCAD2-S-88M 8192bp Angiosperm 2.6M 65sp,1024,394,3.8570283e-07,2.1493070945560018e-06,-6.413747174592929,-5.66770152776464
v13,PlantCAD2-S-88M 8192bp Angiosperm 2.6M 65sp,1024,395,3.7450937e-07,2.0869321750081495e-06,-6.426537312040913,-5.680491665212624
v13,PlantCAD2-S-88M 8192bp Angiosperm 2.6M 65sp,1024,396,3.689209e-07,2.055790743614677e-06,-6.4330667405510225,-5.687021093722733
v13,PlantCAD2-S-88M 8192bp Angiosperm 2.6M 65sp,1024,397,3.655977e-07,2.0372724005249243e-06,-6.43699654510574,-5.690950898277451
v13,PlantCAD2-S-88M 8192bp Angiosperm 2.6M 65sp,1024,398,3.5518863e-07,1.979268449662728e-06,-6.4495409449409955,-5.703495298112706
v13,PlantCAD2-S-88M 8192bp Angiosperm 2.6M 65sp,1024,399,3.535441e-07,1.9701043997224924e-06,-6.451556405934698,-5.705510759106409
v13,PlantCAD2-S-88M 8192bp Angiosperm 2.6M 65sp,1024,400,3.4211163e-07,1.9063976105363757e-06,-6.465832161830803,-5.719786515002514
v13,PlantCAD2-S-88M 8192bp Angiosperm 2.6M 65sp,1024,401,3.3726965e-07,1.8794159522330175e-06,-6.472022738059427,-5.725977091231138
v13,PlantCAD2-S-88M 8192bp Angiosperm 2.6M 65sp,1024,402,3.3282444e-07,1.854645272199917e-06,-6.477784790051331,-5.731739143223042
v13,PlantCAD2-S-88M 8192bp Angiosperm 2.6M 65sp,1024,403,3.2918823e-07,1.834382698678495e-06,-6.482555701216248,-5.736510054387959
v13,PlantCAD2-S-88M 8192bp Angiosperm 2.6M 65sp,1024,404,3.2300855e-07,1.7999467831678784e-06,-6.490785981790644,-5.744740334962355
v13,PlantCAD2-S-88M 8192bp Angiosperm 2.6M 65sp,1024,405,3.141023e-07,1.7503172113265482e-06,-6.502928883487992,-5.756883236659703
v13,PlantCAD2-S-88M 8192bp Angiosperm 2.6M 65sp,1024,406,3.0834684e-07,1.7182452376507695e-06,-6.5109604979514595,-5.76491485112317
v13,PlantCAD2-S-88M 8192bp Angiosperm 2.6M 65sp,1024,407,3.0540474e-07,1.70185055264705e-06,-6.5151242268085126,-5.769078579980223
v13,PlantCAD2-S-88M 8192bp Angiosperm 2.6M 65sp,1024,408,3.0405485e-07,1.6943283673577426e-06,-6.517048064734658,-5.771002417906368
v13,PlantCAD2-S-88M 8192bp Angiosperm 2.6M 65sp,1024,409,2.9476288e-07,1.6425493927430073e-06,-6.530527208825873,-5.784481561997584
v13,PlantCAD2-S-88M 8192bp Angiosperm 2.6M 65sp,1024,410,2.918962e-07,1.6265749814019711e-06,-6.534771558762494,-5.788725911934205
v13,PlantCAD2-S-88M 8192bp Angiosperm 2.6M 65sp,1024,411,2.8314827e-07,1.5778276387608002e-06,-6.547986087513521,-5.8019404406852315
v13,PlantCAD2-S-88M 8192bp Angiosperm 2.6M 65sp,1024,412,2.818253e-07,1.5704554636412016e-06,-6.550020022024441,-5.803974375196152
v13,PlantCAD2-S-88M 8192bp Angiosperm 2.6M 65sp,1024,413,2.729612e-07,1.5210607702788171e-06,-6.563899081250288,-5.817853434421999
v13,PlantCAD2-S-88M 8192bp Angiosperm 2.6M 65sp,1024,414,2.6822863e-07,1.4946887929809508e-06,-6.571494868589507,-5.825449221761218
v13,PlantCAD2-S-88M 8192bp Angiosperm 2.6M 65sp,1024,415,2.641654e-07,1.472046674783859e-06,-6.578124066256357,-5.8320784194280675
v13,PlantCAD2-S-88M 8192bp Angiosperm 2.6M 65sp,1024,416,2.5924552e-07,1.4446309231587951e-06,-6.5862887398804455,-5.840243093052156
v13,PlantCAD2-S-88M 8192bp Angiosperm 2.6M 65sp,1024,417,2.5704648e-07,1.4323768977651716e-06,-6.58998833899416,-5.843942692165871
v13,PlantCAD2-S-88M 8192bp Angiosperm 2.6M 65sp,1024,418,2.5054783e-07,1.396163540061687e-06,-6.6011093543388135,-5.855063707510524
v13,PlantCAD2-S-88M 8192bp Angiosperm 2.6M 65sp,1024,419,2.4830263e-07,1.3836522906920695e-06,-6.605018680411451,-5.858973033583162
v13,PlantCAD2-S-88M 8192bp Angiosperm 2.6M 65sp,1024,420,2.457826e-07,1.369609566770407e-06,-6.609448865922572,-5.863403219094283
v13,PlantCAD2-S-88M 8192bp Angiosperm 2.6M 65sp,1024,421,2.375006e-07,1.3234585925680326e-06,-6.624335288875494,-5.878289642047204
v13,PlantCAD2-S-88M 8192bp Angiosperm 2.6M 65sp,1024,422,2.3593817e-07,1.31475204021075e-06,-6.627201793411185,-5.881156146582896
v13,PlantCAD2-S-88M 8192bp Angiosperm 2.6M 65sp,1024,423,2.3035116e-07,1.283618744584282e-06,-6.6376095963901145,-5.891563949561824
v13,PlantCAD2-S-88M 8192bp Angiosperm 2.6M 65sp,1024,424,2.2755215e-07,1.2680214204714845e-06,-6.642919056757346,-5.896873409929057
v13,PlantCAD2-S-88M 8192bp Angiosperm 2.6M 65sp,1024,425,2.2243599e-07,1.2395119097041313e-06,-6.652794942837046,-5.906749296008757
v13,PlantCAD2-S-88M 8192bp Angiosperm 2.6M 65sp,1024,426,2.1887396e-07,1.2196627000158814e-06,-6.659805904494262,-5.913760257665973
v13,PlantCAD2-S-88M 8192bp Angiosperm 2.6M 65sp,1024,427,2.1371305e-07,1.1909038224173816e-06,-6.670168957620928,-5.924123310792638
v13,PlantCAD2-S-88M 8192bp Angiosperm 2.6M 65sp,1024,428,2.1152178e-07,1.1786930949070657e-06,-6.674644907500216,-5.928599260671927
v13,PlantCAD2-S-88M 8192bp Angiosperm 2.6M 65sp,1024,429,2.050771e-07,1.1427804819606085e-06,-6.688082832556499,-5.94203718572821
v13,PlantCAD2-S-88M 8192bp Angiosperm 2.6M 65sp,1024,430,2.0391292e-07,1.1362931550894518e-06,-6.690555256286881,-5.944509609458592
v13,PlantCAD2-S-88M 8192bp Angiosperm 2.6M 65sp,1024,431,2.0194196e-07,1.1253100925304186e-06,-6.6947734328982635,-5.948727786069974
v13,PlantCAD2-S-88M 8192bp Angiosperm 2.6M 65sp,1024,432,2.0120144e-07,1.121183586925934e-06,-6.6963689153565875,-5.950323268528298
v13,PlantCAD2-S-88M 8192bp Angiosperm 2.6M 65sp,1024,433,1.9552714e-07,1.0895638727365434e-06,-6.708792952159801,-5.962747305331511
v13,PlantCAD2-S-88M 8192bp Angiosperm 2.6M 65sp,1024,434,1.9230356e-07,1.0716006564338036e-06,-6.716012675854892,-5.969967029026603
v13,PlantCAD2-S-88M 8192bp Angiosperm 2.6M 65sp,1024,435,1.8849877e-07,1.0503986804454612e-06,-6.724691479325327,-5.978645832497038
v13,PlantCAD2-S-88M 8192bp Angiosperm 2.6M 65sp,1024,436,1.8628745e-07,1.0380762254499053e-06,-6.729816402105033,-5.983770755276744
v13,PlantCAD2-S-88M 8192bp Angiosperm 2.6M 65sp,1024,437,1.8310996e-07,1.0203698430521387e-06,-6.737288032239014,-5.991242385410724
v13,PlantCAD2-S-88M 8192bp Angiosperm 2.6M 65sp,1024,438,1.7955244e-07,1.000545765082514e-06,-6.7458086887203885,-5.999763041892099
v13,PlantCAD2-S-88M 8192bp Angiosperm 2.6M 65sp,1024,439,1.7851126e-07,9.947438487193133e-07,-6.748334384584649,-6.00228873775636
v13,PlantCAD2-S-88M 8192bp Angiosperm 2.6M 65sp,1024,440,1.7396852e-07,9.694296883053921e-07,-6.759529331183885,-6.013483684355596
v13,PlantCAD2-S-88M 8192bp Angiosperm 2.6M 65sp,1024,441,1.711865e-07,9.539270400017831e-07,-6.76653048736144,-6.02048484053315
v13,PlantCAD2-S-88M 8192bp Angiosperm 2.6M 65sp,1024,442,1.6998526e-07,9.472331983873351e-07,-6.769588736140569,-6.023543089312279
v13,PlantCAD2-S-88M 8192bp Angiosperm 2.6M 65sp,1024,443,1.6339345e-07,9.105007118796131e-07,-6.786765357141868,-6.040719710313579
v13,PlantCAD2-S-88M 8192bp Angiosperm 2.6M 65sp,1024,444,1.5899849e-07,8.860100471150069e-07,-6.798607000131005,-6.052561353302716
v13,PlantCAD2-S-88M 8192bp Angiosperm 2.6M 65sp,1024,445,1.5868157e-07,8.84244028430605e-07,-6.799473511254583,-6.053427864426294
v13,PlantCAD2-S-88M 8192bp Angiosperm 2.6M 65sp,1024,446,1.5658813e-07,8.72578453034056e-07,-6.805241162270941,-6.059195515442652
v13,PlantCAD2-S-88M 8192bp Angiosperm 2.6M 65sp,1024,447,1.5459439e-07,8.614684502199723e-07,-6.810806270031209,-6.06476062320292
v13,PlantCAD2-S-88M 8192bp Angiosperm 2.6M 65sp,1024,448,1.5189914e-07,8.464493228088458e-07,-6.818444684954276,-6.072399038125987
v13,PlantCAD2-S-88M 8192bp Angiosperm 2.6M 65sp,1024,449,1.5145393e-07,8.439684153922026e-07,-6.819719452901151,-6.073673806072862
v13,PlantCAD2-S-88M 8192bp Angiosperm 2.6M 65sp,1024,450,1.4556697e-07,8.111636654416579e-07,-6.836937157811909,-6.09089151098362
v13,PlantCAD2-S-88M 8192bp Angiosperm 2.6M 65sp,1024,451,1.4433776e-07,8.043139625921892e-07,-6.840620038869117,-6.094574392040828
v13,PlantCAD2-S-88M 8192bp Angiosperm 2.6M 65sp,1024,452,1.4362664e-07,8.003512868164355e-07,-6.84276499928619,-6.0967193524579
v13,PlantCAD2-S-88M 8192bp Angiosperm 2.6M 65sp,1024,453,1.4282944e-07,7.959089351339755e-07,-6.845182266567058,-6.099136619738768
v13,PlantCAD2-S-88M 8192bp Angiosperm 2.6M 65sp,1024,454,1.3664645e-07,7.614545748365185e-07,-6.864401646557764,-6.1183559997294745
v13,PlantCAD2-S-88M 8192bp Angiosperm 2.6M 65sp,1024,455,1.3387158e-07,7.459917695014614e-07,-6.873311610883525,-6.127265964055236
v13,PlantCAD2-S-88M 8192bp Angiosperm 2.6M 65sp,1024,456,1.3183032e-07,7.346169641886941e-07,-6.879984693730432,-6.133939046902142
v13,PlantCAD2-S-88M 8192bp Angiosperm 2.6M 65sp,1024,457,1.3105377e-07,7.302896834573666e-07,-6.882550481267196,-6.136504834438907
v13,PlantCAD2-S-88M 8192bp Angiosperm 2.6M 65sp,1024,458,1.2965855e-07,7.225148993198833e-07,-6.887198839516394,-6.141153192688105
v13,PlantCAD2-S-88M 8192bp Angiosperm 2.6M 65sp,1024,459,1.2788936e-07,7.126561886160559e-07,-6.8931655859787675,-6.147119939150478
v13,PlantCAD2-S-88M 8192bp Angiosperm 2.6M 65sp,1024,460,1.249999e-07,6.965548370199689e-07,-6.903090334427668,-6.157044687599379
v13,PlantCAD2-S-88M 8192bp Angiosperm 2.6M 65sp,1024,461,1.243758e-07,6.930770752474861e-07,-6.905264112803258,-6.159218465974969
v13,PlantCAD2-S-88M 8192bp Angiosperm 2.6M 65sp,1024,462,1.2056158e-07,6.718225511202005e-07,-6.918791069081074,-6.172745422252785
v13,PlantCAD2-S-88M 8192bp Angiosperm 2.6M 65sp,1024,463,1.1972648e-07,6.671690038421995e-07,-6.921809785716881,-6.175764138888592
v13,PlantCAD2-S-88M 8192bp Angiosperm 2.6M 65sp,1024,464,1.16106584e-07,6.469973391583939e-07,-6.935143152235637,-6.189097505407347
v13,PlantCAD2-S-88M 8192bp Angiosperm 2.6M 65sp,1024,465,1.15825905e-07,6.454332713863403e-07,-6.936194297773021,-6.190148650944732
v13,PlantCAD2-S-88M 8192bp Angiosperm 2.6M 65sp,1024,466,1.1325651e-07,6.311154638083748e-07,-6.94593682529023,-6.19989117846194
v13,PlantCAD2-S-88M 8192bp Angiosperm 2.6M 65sp,1024,467,1.11747674e-07,6.227075609694937e-07,-6.951761507833413,-6.205715861005124
v13,PlantCAD2-S-88M 8192bp Angiosperm 2.6M 65sp,1024,468,1.10066615e-07,6.133399552532815e-07,-6.958344389656184,-6.212298742827895
v13,PlantCAD2-S-88M 8192bp Angiosperm 2.6M 65sp,1024,469,1.0842431e-07,6.041883039990639e-07,-6.964873332971186,-6.218827686142896
v13,PlantCAD2-S-88M 8192bp Angiosperm 2.6M 65sp,1024,470,1.07047754e-07,5.96517523940609e-07,-6.970422440332543,-6.224376793504254
v13,PlantCAD2-S-88M 8192bp Angiosperm 2.6M 65sp,1024,471,1.05363235e-07,5.871306375710835e-07,-6.9773109035637315,-6.231265256735442
v13,PlantCAD2-S-88M 8192bp Angiosperm 2.6M 65sp,1024,472,1.018667e-07,5.676463950472126e-07,-6.991967762703965,-6.2459221158756755
v13,PlantCAD2-S-88M 8192bp Angiosperm 2.6M 65sp,1024,473,9.93568e-08,5.536601199747011e-07,-7.002802404332568,-6.256756757504279
v13,PlantCAD2-S-88M 8192bp Angiosperm 2.6M 65sp,1024,474,9.89668e-08,5.514868671445966e-07,-7.004510472018613,-6.258464825190324
v13,PlantCAD2-S-88M 8192bp Angiosperm 2.6M 65sp,1024,475,9.802685e-08,5.462490492018868e-07,-7.008654952779757,-6.262609305951468
v13,PlantCAD2-S-88M 8192bp Angiosperm 2.6M 65sp,1024,476,9.659816e-08,5.382877553920354e-07,-7.015031145939137,-6.268985499110848
v13,PlantCAD2-S-88M 8192bp Angiosperm 2.6M 65sp,1024,477,9.503141e-08,5.295571300803268e-07,-7.0221328269735785,-6.276087180145289
v13,PlantCAD2-S-88M 8192bp Angiosperm 2.6M 65sp,1024,478,9.431159e-08,5.255459740491323e-07,-7.0254349333098665,-6.279389286481577
v13,PlantCAD2-S-88M 8192bp Angiosperm 2.6M 65sp,1024,479,9.223282e-08,5.139621463936541e-07,-7.035114512692419,-6.28906886586413
v13,PlantCAD2-S-88M 8192bp Angiosperm 2.6M 65sp,1024,480,9.0401805e-08,5.037589193918236e-07,-7.043822898133996,-6.297777251305707
v13,PlantCAD2-S-88M 8192bp Angiosperm 2.6M 65sp,1024,481,8.969211e-08,4.998041843475644e-07,-7.04724575912059,-6.3012001122923005
v13,PlantCAD2-S-88M 8192bp Angiosperm 2.6M 65sp,1024,482,8.744442e-08,4.872790595944934e-07,-7.058267898484072,-6.312222251655782
v13,PlantCAD2-S-88M 8192bp Angiosperm 2.6M 65sp,1024,483,8.540204e-08,4.7589801314539343e-07,-7.0685317551873235,-6.322486108359034
v13,PlantCAD2-S-88M 8192bp Angiosperm 2.6M 65sp,1024,484,8.4286256e-08,4.6968037023312313e-07,-7.074243237118921,-6.328197590290632
v13,PlantCAD2-S-88M 8192bp Angiosperm 2.6M 65sp,1024,485,8.3831075e-08,4.671438999857903e-07,-7.076594964670645,-6.3305493178423555
v13,PlantCAD2-S-88M 8192bp Angiosperm 2.6M 65sp,1024,486,8.003889e-08,4.460121646434055e-07,-7.096698942902113,-6.350653296073824
v13,PlantCAD2-S-88M 8192bp Angiosperm 2.6M 65sp,1024,487,7.888355e-08,4.395740981697311e-07,-7.103013553052664,-6.356967906224375
v13,PlantCAD2-S-88M 8192bp Angiosperm 2.6M 65sp,1024,488,7.8288004e-08,4.362554519390709e-07,-7.106304779394557,-6.360259132566267
v13,PlantCAD2-S-88M 8192bp Angiosperm 2.6M 65sp,1024,489,7.624217e-08,4.248551582713167e-07,-7.117804751330721,-6.3717591045024315
v13,PlantCAD2-S-88M 8192bp Angiosperm 2.6M 65sp,1024,490,7.541707e-08,4.20257335424857e-07,-7.12253034421295,-6.376484697384661
v13,PlantCAD2-S-88M 8192bp Angiosperm 2.6M 65sp,1024,491,7.384994e-08,4.115245925847499e-07,-7.1316498531980645,-6.385604206369775
v13,PlantCAD2-S-88M 8192bp Angiosperm 2.6M 65sp,1024,492,7.314973e-08,4.076227121638076e-07,-7.1357872725424505,-6.389741625714161
v13,PlantCAD2-S-88M 8192bp Angiosperm 2.6M 65sp,1024,493,7.263846e-08,4.047736891524036e-07,-7.138833371818907,-6.392787724990618
v13,PlantCAD2-S-88M 8192bp Angiosperm 2.6M 65sp,1024,494,7.210885e-08,4.018224675335531e-07,-7.142011430560789,-6.3959657837325
v13,PlantCAD2-S-88M 8192bp Angiosperm 2.6M 65sp,1024,495,7.018281e-08,3.910897191210028e-07,-7.1537692473622325,-6.407723600533943
v13,PlantCAD2-S-88M 8192bp Angiosperm 2.6M 65sp,1024,496,6.9185e-08,3.85529479617396e-07,-7.1599880547249315,-6.413942407896642
v13,PlantCAD2-S-88M 8192bp Angiosperm 2.6M 65sp,1024,497,6.713183e-08,3.7408830650666327e-07,-7.1730715138746755,-6.427025867046386
v13,PlantCAD2-S-88M 8192bp Angiosperm 2.6M 65sp,1024,498,6.60843e-08,3.6825100512943396e-07,-7.1799017059189945,-6.433856059090705
v13,PlantCAD2-S-88M 8192bp Angiosperm 2.6M 65sp,1024,499,6.495531e-08,3.6195977253287045e-07,-7.187385340211645,-6.441339693383356
v13,PlantCAD2-S-88M 8192bp Angiosperm 2.6M 65sp,1024,500,6.485893e-08,3.614227004616769e-07,-7.188030220308879,-6.44198457348059
v13,PlantCAD2-S-88M 8192bp Angiosperm 2.6M 65sp,1024,501,6.343705e-08,3.534993549897049e-07,-7.197657021127245,-6.451611374298956
v13,PlantCAD2-S-88M 8192bp Angiosperm 2.6M 65sp,1024,502,6.264634e-08,3.490931684633153e-07,-7.203104296804471,-6.457058649976182
v13,PlantCAD2-S-88M 8192bp Angiosperm 2.6M 65sp,1024,503,6.1944775e-08,3.45183737381899e-07,-7.207995320189734,-6.4619496733614445
v13,PlantCAD2-S-88M 8192bp Angiosperm 2.6M 65sp,1024,504,6.061669e-08,3.377830592155672e-07,-7.217407782154844,-6.4713621353265545
v13,PlantCAD2-S-88M 8192bp Angiosperm 2.6M 65sp,1024,505,5.9415548e-08,3.310897637005481e-07,-7.226099892947523,-6.480054246119233
v13,PlantCAD2-S-88M 8192bp Angiosperm 2.6M 65sp,1024,506,5.847452e-08,3.258459386641182e-07,-7.233033334498834,-6.486987687670545
v13,PlantCAD2-S-88M 8192bp Angiosperm 2.6M 65sp,1024,507,5.8159873e-08,3.2409258614300563e-07,-7.2353765504891046,-6.489330903660815
v13,PlantCAD2-S-88M 8192bp Angiosperm 2.6M 65sp,1024,508,5.699656e-08,3.176100905800635e-07,-7.244151355171383,-6.498105708343094
v13,PlantCAD2-S-88M 8192bp Angiosperm 2.6M 65sp,1024,509,5.5594786e-08,3.097987846501481e-07,-7.254965937151938,-6.5089202903236485
v13,PlantCAD2-S-88M 8192bp Angiosperm 2.6M 65sp,1024,510,5.419946e-08,3.0202340983369046e-07,-7.26600504040236,-6.519959393574071
v13,PlantCAD2-S-88M 8192bp Angiosperm 2.6M 65sp,1024,511,5.3834754e-08,2.9999110638072603e-07,-7.268937267132053,-6.5228916203037635
v13,PlantCAD2-S-88M 8192bp Angiosperm 2.6M 65sp,1024,512,5.3609863e-08,2.9873791406735414e-07,-7.270755302612784,-6.524709655784495
v13,PlantCAD2-S-88M 8192bp Angiosperm 2.6M 65sp,1024,513,5.3150252e-08,2.9617675789684853e-07,-7.274494672025915,-6.5284490251976255
v13,PlantCAD2-S-88M 8192bp Angiosperm 2.6M 65sp,1024,514,5.240871e-08,2.9204455725546035e-07,-7.280596529989766,-6.534550883161477
v13,PlantCAD2-S-88M 8192bp Angiosperm 2.6M 65sp,1024,515,5.044909e-08,2.811246862017949e-07,-7.297146663154383,-6.551101016326093
v13,PlantCAD2-S-88M 8192bp Angiosperm 2.6M 65sp,1024,516,4.9827488e-08,2.7766084439231115e-07,-7.302531006773105,-6.556485359944816
v13,PlantCAD2-S-88M 8192bp Angiosperm 2.6M 65sp,1024,517,4.912333e-08,2.7373696396579635e-07,-7.308712200669705,-6.5626665538414155
v13,PlantCAD2-S-88M 8192bp Angiosperm 2.6M 65sp,1024,518,4.835715e-08,2.694674694699771e-07,-7.3155393028432485,-6.569493656014959
v13,PlantCAD2-S-88M 8192bp Angiosperm 2.6M 65sp,1024,519,4.8203887e-08,2.6861342011484807e-07,-7.316917940296672,-6.5708722934683825
v13,PlantCAD2-S-88M 8192bp Angiosperm 2.6M 65sp,1024,520,4.745185e-08,2.644227366825574e-07,-7.323746851115942,-6.577701204287653
v13,PlantCAD2-S-88M 8192bp Angiosperm 2.6M 65sp,1024,521,4.62569e-08,2.577639457355486e-07,-7.33482347571598,-6.58877782888769
v13,PlantCAD2-S-88M 8192bp Angiosperm 2.6M 65sp,1024,522,4.57053e-08,2.5469018609173917e-07,-7.340033436094427,-6.593987789266138
v13,PlantCAD2-S-88M 8192bp Angiosperm 2.6M 65sp,1024,523,4.5082494e-08,2.5121963506069785e-07,-7.345992066439651,-6.599946419611362
v13,PlantCAD2-S-88M 8192bp Angiosperm 2.6M 65sp,1024,524,4.3097547e-08,2.401586307392682e-07,-7.365547448045331,-6.619501801217041
v13,PlantCAD2-S-88M 8192bp Angiosperm 2.6M 65sp,1024,525,4.2859806e-08,2.388338325313659e-07,-7.367949799073942,-6.621904152245653
v13,PlantCAD2-S-88M 8192bp Angiosperm 2.6M 65sp,1024,526,4.2179384e-08,2.3504221961555715e-07,-7.374899767113231,-6.628854120284942
v13,PlantCAD2-S-88M 8192bp Angiosperm 2.6M 65sp,1024,527,4.1266773e-08,2.2995674669623777e-07,-7.384399490974487,-6.638353844146198
v13,PlantCAD2-S-88M 8192bp Angiosperm 2.6M 65sp,1024,528,4.0771287e-08,2.271956791275783e-07,-7.389645579247468,-6.643599932419178
v13,PlantCAD2-S-88M 8192bp Angiosperm 2.6M 65sp,1024,529,4.0077055e-08,2.2332711077181126e-07,-7.397104199422263,-6.651058552593974
v13,PlantCAD2-S-88M 8192bp Angiosperm 2.6M 65sp,1024,530,3.938632e-08,2.1947802924975415e-07,-7.404654594929724,-6.658608948101435
v13,PlantCAD2-S-88M 8192bp Angiosperm 2.6M 65sp,1024,531,3.8777234e-08,2.1608393213878728e-07,-7.411423172600767,-6.665377525772477
v13,PlantCAD2-S-88M 8192bp Angiosperm 2.6M 65sp,1024,532,3.8606082e-08,2.1513019734807431e-07,-7.4133442712099376,-6.667298624381648
v13,PlantCAD2-S-88M 8192bp Angiosperm 2.6M 65sp,1024,533,3.7960888e-08,2.1153489045969872e-07,-7.42066363689308,-6.674617990064791
v13,PlantCAD2-S-88M 8192bp Angiosperm 2.6M 65sp,1024,534,3.6755292e-08,2.0481677528287116e-07,-7.434680122676725,-6.688634475848436
v13,PlantCAD2-S-88M 8192bp Angiosperm 2.6M 65sp,1024,535,3.654158e-08,2.036258773115191e-07,-7.437212678372468,-6.691167031544179
v13,PlantCAD2-S-88M 8192bp Angiosperm 2.6M 65sp,1024,536,3.5978623e-08,2.004888314308084e-07,-7.4439554623063495,-6.69790981547806
v13,PlantCAD2-S-88M 8192bp Angiosperm 2.6M 65sp,1024,537,3.5746414e-08,1.9919485997843467e-07,-7.4467675191251645,-6.700721872296875
v13,PlantCAD2-S-88M 8192bp Angiosperm 2.6M 65sp,1024,538,3.4548183e-08,1.9251778584543716e-07,-7.461574788632019,-6.71552914180373
v13,PlantCAD2-S-88M 8192bp Angiosperm 2.6M 65sp,1024,539,3.422018e-08,1.9069000777355823e-07,-7.465717710376416,-6.719672063548127
v13,PlantCAD2-S-88M 8192bp Angiosperm 2.6M 65sp,1024,540,3.3731446e-08,1.8796656534107533e-07,-7.471965041071092,-6.725919394242803
v13,PlantCAD2-S-88M 8192bp Angiosperm 2.6M 65sp,1024,541,3.3489428e-08,1.866179337938029e-07,-7.475092270153926,-6.729046623325637
v13,PlantCAD2-S-88M 8192bp Angiosperm 2.6M 65sp,1024,542,3.3280134e-08,1.8545165487630572e-07,-7.477814933723158,-6.731769286894869
v13,PlantCAD2-S-88M 8192bp Angiosperm 2.6M 65sp,1024,543,3.2235793e-08,1.7963212402029486e-07,-7.491661641684051,-6.745615994855762
v13,PlantCAD2-S-88M 8192bp Angiosperm 2.6M 65sp,1024,544,3.2074546e-08,1.787335842790234e-07,-7.493839482142128,-6.747793835313839
v13,PlantCAD2-S-88M 8192bp Angiosperm 2.6M 65sp,1024,545,3.1361125e-08,1.7475808631157205e-07,-7.5036083665064535,-6.757562719678164
v13,PlantCAD2-S-88M 8192bp Angiosperm 2.6M 65sp,1024,546,3.0976704e-08,1.7261592214182426e-07,-7.5089647941547275,-6.762919147326438
v13,PlantCAD2-S-88M 8192bp Angiosperm 2.6M 65sp,1024,547,3.0628104e-08,1.7067336845830003e-07,-7.513879886896454,-6.767834240068164
v13,PlantCAD2-S-88M 8192bp Angiosperm 2.6M 65sp,1024,548,2.9975595e-08,1.670372991482521e-07,-7.523232187623539,-6.77718654079525
v13,PlantCAD2-S-88M 8192bp Angiosperm 2.6M 65sp,1024,549,2.9582456e-08,1.6484655441908675e-07,-7.528965772767474,-6.782920125939185
v13,PlantCAD2-S-88M 8192bp Angiosperm 2.6M 65sp,1024,550,2.8912064e-08,1.6111083310811377e-07,-7.538920903423982,-6.792875256595693
v13,PlantCAD2-S-88M 8192bp Angiosperm 2.6M 65sp,1024,551,2.8793576e-08,1.6045056546366909e-07,-7.540704394843208,-6.7946587480149185
v13,PlantCAD2-S-88M 8192bp Angiosperm 2.6M 65sp,1024,552,2.7941933e-08,1.5570483325856973e-07,-7.553743553046633,-6.807697906218344
v13,PlantCAD2-S-88M 8192bp Angiosperm 2.6M 65sp,1024,553,2.7799857e-08,1.549131228250058e-07,-7.555957438048494,-6.8099117912202045
v13,PlantCAD2-S-88M 8192bp Angiosperm 2.6M 65sp,1024,554,2.7398125e-08,1.5267449409181715e-07,-7.562279157253205,-6.816233510424916
v13,PlantCAD2-S-88M 8192bp Angiosperm 2.6M 65sp,1024,555,2.7187351e-08,1.5149996795845189e-07,-7.565633105841246,-6.819587459012957
v13,PlantCAD2-S-88M 8192bp Angiosperm 2.6M 65sp,1024,556,2.6461374e-08,1.4745450239475747e-07,-7.577387608934399,-6.8313419621061096
v13,PlantCAD2-S-88M 8192bp Angiosperm 2.6M 65sp,1024,557,2.6054433e-08,1.4518684680517902e-07,-7.584118373568056,-6.8380727267397665
v13,PlantCAD2-S-88M 8192bp Angiosperm 2.6M 65sp,1024,558,2.5493296e-08,1.4205994277100882e-07,-7.5935740114481876,-6.847528364619898
v13,PlantCAD2-S-88M 8192bp Angiosperm 2.6M 65sp,1024,559,2.5023507e-08,1.3944207027408062e-07,-7.601651824777882,-6.855606177949593
v13,PlantCAD2-S-88M 8192bp Angiosperm 2.6M 65sp,1024,560,2.4872534e-08,1.3860078181377453e-07,-7.604279966794561,-6.858234319966272
v13,PlantCAD2-S-88M 8192bp Angiosperm 2.6M 65sp,1024,561,2.450226e-08,1.3653745099732803e-07,-7.6107938560329185,-6.864748209204629
v13,PlantCAD2-S-88M 8192bp Angiosperm 2.6M 65sp,1024,562,2.4011111e-08,1.3380055111462797e-07,-7.619587744565775,-6.873542097737486
v13,PlantCAD2-S-88M 8192bp Angiosperm 2.6M 65sp,1024,563,2.3450237e-08,1.3067511263300726e-07,-7.629852763726207,-6.883807116897918
v13,PlantCAD2-S-88M 8192bp Angiosperm 2.6M 65sp,1024,564,2.3212142e-08,1.293483417802284e-07,-7.634284781308102,-6.888239134479813
v13,PlantCAD2-S-88M 8192bp Angiosperm 2.6M 65sp,1024,565,2.2747457e-08,1.2675891103315882e-07,-7.643067147252923,-6.897021500424634
v13,PlantCAD2-S-88M 8192bp Angiosperm 2.6M 65sp,1024,566,2.2299181e-08,1.242609185058051e-07,-7.65171108734253,-6.905665440514241
v13,PlantCAD2-S-88M 8192bp Angiosperm 2.6M 65sp,1024,567,2.202705e-08,1.2274448397783282e-07,-7.657043662382089,-6.9109980155538
v13,PlantCAD2-S-88M 8192bp Angiosperm 2.6M 65sp,1024,568,2.1723155e-08,1.2105104636551327e-07,-7.663077098991848,-6.917031452163559
v13,PlantCAD2-S-88M 8192bp Angiosperm 2.6M 65sp,1024,569,2.1150258e-08,1.1785861039985066e-07,-7.674684330544593,-6.928638683716303
v13,PlantCAD2-S-88M 8192bp Angiosperm 2.6M 65sp,1024,570,2.1026453e-08,1.1716871407515556e-07,-7.677233983255209,-6.93118833642692
v13,PlantCAD2-S-88M 8192bp Angiosperm 2.6M 65sp,1024,571,2.0375378e-08,1.135406356485906e-07,-7.69089432556755,-6.944848678739261
v13,PlantCAD2-S-88M 8192bp Angiosperm 2.6M 65sp,1024,572,2.0004451e-08,1.1147366602676446e-07,-7.698873362852454,-6.9528277160241645
v13,PlantCAD2-S-88M 8192bp Angiosperm 2.6M 65sp,1024,573,1.9428231e-08,1.0826271283250073e-07,-7.711566741444168,-6.9655210946158785
v13,PlantCAD2-S-88M 8192bp Angiosperm 2.6M 65sp,1024,574,1.9291072e-08,1.0749840210192557e-07,-7.714643638050841,-6.968597991222552
v13,PlantCAD2-S-88M 8192bp Angiosperm 2.6M 65sp,1024,575,1.8989539e-08,1.0581812660033601e-07,-7.721485578295439,-6.975439931467149
v13,PlantCAD2-S-88M 8192bp Angiosperm 2.6M 65sp,1024,576,1.8639396e-08,1.0386697463702498e-07,-7.729568164842397,-6.983522518014108
v13,PlantCAD2-S-88M 8192bp Angiosperm 2.6M 65sp,1024,577,1.841442e-08,1.0261330866598497e-07,-7.734841955590842,-6.988796308762553
v13,PlantCAD2-S-88M 8192bp Angiosperm 2.6M 65sp,1024,578,1.817387e-08,1.0127285746526279e-07,-7.74055258283597,-6.994506936007681
v13,PlantCAD2-S-88M 8192bp Angiosperm 2.6M 65sp,1024,579,1.7959735e-08,1.0007960235045654e-07,-7.745700075735907,-6.9996544289076175
v13,PlantCAD2-S-88M 8192bp Angiosperm 2.6M 65sp,1024,580,1.762721e-08,9.822662569063468e-08,-7.753816421534526,-7.007770774706237
v13,PlantCAD2-S-88M 8192bp Angiosperm 2.6M 65sp,1024,581,1.720351e-08,9.586558152623646e-08,-7.764382935760279,-7.01833728893199
v13,PlantCAD2-S-88M 8192bp Angiosperm 2.6M 65sp,1024,582,1.6942025e-08,9.440847122808289e-08,-7.7710346817405105,-7.024989034912221
v13,PlantCAD2-S-88M 8192bp Angiosperm 2.6M 65sp,1024,583,1.6781907e-08,9.351622277513242e-08,-7.775158689960282,-7.029113043131993
v13,PlantCAD2-S-88M 8192bp Angiosperm 2.6M 65sp,1024,584,1.6567613e-08,9.232208164186465e-08,-7.780740058605638,-7.034694411777349
v13,PlantCAD2-S-88M 8192bp Angiosperm 2.6M 65sp,1024,585,1.6415088e-08,9.147214474978338e-08,-7.784756784709727,-7.038711137881438
v13,PlantCAD2-S-88M 8192bp Angiosperm 2.6M 65sp,1024,586,1.5448231e-08,8.608438907912591e-08,-7.811121245101574,-7.0650755982732845
v13,PlantCAD2-S-88M 8192bp Angiosperm 2.6M 65sp,1024,587,1.5302797e-08,8.527396638145046e-08,-7.815229182865571,-7.069183536037282
v13,PlantCAD2-S-88M 8192bp Angiosperm 2.6M 65sp,1024,588,1.5010475e-08,8.364501865375345e-08,-7.823605564477923,-7.0775599176496335
v13,PlantCAD2-S-88M 8192bp Angiosperm 2.6M 65sp,1024,589,1.4926409e-08,8.317656564755968e-08,-7.8260446624068,-7.079999015578511
v13,PlantCAD2-S-88M 8192bp Angiosperm 2.6M 65sp,1024,590,1.4601921e-08,8.136837471336747e-08,-7.835590005529314,-7.0895443587010245
v13,PlantCAD2-S-88M 8192bp Angiosperm 2.6M 65sp,1024,591,1.422702e-08,7.927926020244686e-08,-7.846886057968302,-7.1008404111400125
v13,PlantCAD2-S-88M 8192bp Angiosperm 2.6M 65sp,1024,592,1.3979524e-08,7.79001028115762e-08,-7.85450761597895,-7.10846196915066
v13,PlantCAD2-S-88M 8192bp Angiosperm 2.6M 65sp,1024,593,1.3910809e-08,7.751719238024123e-08,-7.8566476123502085,-7.110601965521919
v13,PlantCAD2-S-88M 8192bp Angiosperm 2.6M 65sp,1024,594,1.3668528e-08,7.616709528041928e-08,-7.864278253237524,-7.118232606409235
v13,PlantCAD2-S-88M 8192bp Angiosperm 2.6M 65sp,1024,595,1.33524996e-08,7.440604498633359e-08,-7.874437426368957,-7.128391779540668
v13,PlantCAD2-S-88M 8192bp Angiosperm 2.6M 65sp,1024,596,1.3272173e-08,7.395842957407031e-08,-7.877057966009035,-7.131012319180746
v13,PlantCAD2-S-88M 8192bp Angiosperm 2.6M 65sp,1024,597,1.3021103e-08,7.255935627136683e-08,-7.885352225712212,-7.1393065788839225
v13,PlantCAD2-S-88M 8192bp Angiosperm 2.6M 65sp,1024,598,1.2849838e-08,7.160499179457746e-08,-7.891102347519423,-7.145056700691134
v13,PlantCAD2-S-88M 8192bp Angiosperm 2.6M 65sp,1024,599,1.2557924e-08,6.997831762368734e-08,-7.9010821496006916,-7.155036502772402
v13,PlantCAD2-S-88M 8192bp Angiosperm 2.6M 65sp,1024,600,1.2316044e-08,6.863045507357018e-08,-7.909528768216139,-7.163483121387849
v13,PlantCAD2-S-88M 8192bp Angiosperm 2.6M 65sp,1024,601,1.2021251e-08,6.698773783883938e-08,-7.920050334818612,-7.1740046879903225
v13,PlantCAD2-S-88M 8192bp Angiosperm 2.6M 65sp,1024,602,1.179596e-08,6.573231654820582e-08,-7.928266708806635,-7.182221061978346
v13,PlantCAD2-S-88M 8192bp Angiosperm 2.6M 65sp,1024,603,1.163426e-08,6.483125249018554e-08,-7.934261234907295,-7.1882155880790055
v13,PlantCAD2-S-88M 8192bp Angiosperm 2.6M 65sp,1024,604,1.1151811e-08,6.214283286292627e-08,-7.952654599571804,-7.206608952743514
v13,PlantCAD2-S-88M 8192bp Angiosperm 2.6M 65sp,1024,605,1.1103389e-08,6.187300402051773e-08,-7.954544444694451,-7.208498797866163
v13,PlantCAD2-S-88M 8192bp Angiosperm 2.6M 65sp,1024,606,1.1051146e-08,6.158188287281734e-08,-7.956592683456732,-7.2105470366284425
v13,PlantCAD2-S-88M 8192bp Angiosperm 2.6M 65sp,1024,607,1.0918311e-08,6.084166738644058e-08,-7.961844539297301,-7.215798892469012
v13,PlantCAD2-S-88M 8192bp Angiosperm 2.6M 65sp,1024,608,1.0595861e-08,5.904483309139643e-08,-7.974863747555718,-7.228818100727429
v13,PlantCAD2-S-88M 8192bp Angiosperm 2.6M 65sp,1024,609,1.0487075e-08,5.8438629290432955e-08,-7.979345626057862,-7.233299979229573
v13,PlantCAD2-S-88M 8192bp Angiosperm 2.6M 65sp,1024,610,1.0364126e-08,5.775350297707776e-08,-7.984467315796972,-7.238421668968683
v13,PlantCAD2-S-88M 8192bp Angiosperm 2.6M 65sp,1024,611,1.0232549e-08,5.7020297624188865e-08,-7.990016166997507,-7.243970520169218
v13,PlantCAD2-S-88M 8192bp Angiosperm 2.6M 65sp,1024,612,9.882855e-09,5.507164768785403e-08,-8.005117576502117,-7.259071929673828
v13,PlantCAD2-S-88M 8192bp Angiosperm 2.6M 65sp,1024,613,9.787645e-09,5.454109537515081e-08,-8.009321790989334,-7.263276144161045
v13,PlantCAD2-S-88M 8192bp Angiosperm 2.6M 65sp,1024,614,9.471404e-09,5.277886037965056e-08,-8.023585638287429,-7.27753999145914
v13,PlantCAD2-S-88M 8192bp Angiosperm 2.6M 65sp,1024,615,9.4501305e-09,5.2660315010211506e-08,-8.024562194132159,-7.2785165473038695
v13,PlantCAD2-S-88M 8192bp Angiosperm 2.6M 65sp,1024,616,9.148093e-09,5.097722821105071e-08,-8.038669428982045,-7.292623782153756
v13,PlantCAD2-S-88M 8192bp Angiosperm 2.6M 65sp,1024,617,8.973936e-09,5.000674822865963e-08,-8.047017032077957,-7.300971385249667
v13,PlantCAD2-S-88M 8192bp Angiosperm 2.6M 65sp,1024,618,8.7733945e-09,4.8889242119868827e-08,-8.056832341937334,-7.310786695109044
v13,PlantCAD2-S-88M 8192bp Angiosperm 2.6M 65sp,1024,619,8.664475e-09,4.8282294397744275e-08,-8.062257747030909,-7.316212100202619
v13,PlantCAD2-S-88M 8192bp Angiosperm 2.6M 65sp,1024,620,8.541032e-09,4.759441529747095e-08,-8.068489650994008,-7.32244400416572
v13,PlantCAD2-S-88M 8192bp Angiosperm 2.6M 65sp,1024,621,8.429768e-09,4.6974402982371584e-08,-8.074184377653582,-7.328138730825293
v13,PlantCAD2-S-88M 8192bp Angiosperm 2.6M 65sp,1024,622,8.38377e-09,4.671808174216863e-08,-8.076560644613805,-7.330514997785516
v13,PlantCAD2-S-88M 8192bp Angiosperm 2.6M 65sp,1024,623,8.071226e-09,4.497644806900913e-08,-8.093060491970098,-7.347014845141809
v13,PlantCAD2-S-88M 8192bp Angiosperm 2.6M 65sp,1024,624,7.952057e-09,4.4312385590776497e-08,-8.09952051559556,-7.353474868767269
v13,PlantCAD2-S-88M 8192bp Angiosperm 2.6M 65sp,1024,625,7.794874e-09,4.3436492258483344e-08,-8.10819090055814,-7.36214525372985
v13,PlantCAD2-S-88M 8192bp Angiosperm 2.6M 65sp,1024,626,7.68652e-09,4.2832695752962457e-08,-8.11427023846502,-7.368224591636731
v13,PlantCAD2-S-88M 8192bp Angiosperm 2.6M 65sp,1024,627,7.579587e-09,4.223681768916355e-08,-8.120354457759445,-7.374308810931156
v13,PlantCAD2-S-88M 8192bp Angiosperm 2.6M 65sp,1024,628,7.5152204e-09,4.187813846963994e-08,-8.124058278270656,-7.378012631442367
v13,PlantCAD2-S-88M 8192bp Angiosperm 2.6M 65sp,1024,629,7.2601667e-09,4.045686622514343e-08,-8.139053407390955,-7.393007760562667
v13,PlantCAD2-S-88M 8192bp Angiosperm 2.6M 65sp,1024,630,7.131773e-09,3.9741399630547026e-08,-8.146802488606095,-7.400756841777805
v13,PlantCAD2-S-88M 8192bp Angiosperm 2.6M 65sp,1024,631,6.863535e-09,3.824665862377372e-08,-8.163452147329341,-7.417406500501053
v13,PlantCAD2-S-88M 8192bp Angiosperm 2.6M 65sp,1024,632,6.7053985e-09,3.7365451966933127e-08,-8.173575407043062,-7.427529760214773
v13,PlantCAD2-S-88M 8192bp Angiosperm 2.6M 65sp,1024,633,6.563608e-09,3.657533246588968e-08,-8.182857364322258,-7.436811717493969
v13,PlantCAD2-S-88M 8192bp Angiosperm 2.6M 65sp,1024,634,6.479353e-09,3.6105826267939785e-08,-8.188468358721764,-7.442422711893474
v13,PlantCAD2-S-88M 8192bp Angiosperm 2.6M 65sp,1024,635,6.352261e-09,3.539761332259709e-08,-8.197071666038914,-7.451026019210625
v13,PlantCAD2-S-88M 8192bp Angiosperm 2.6M 65sp,1024,636,6.1953003e-09,3.452295874441711e-08,-8.207937637557164,-7.461891990728874
v13,PlantCAD2-S-88M 8192bp Angiosperm 2.6M 65sp,1024,637,6.157632e-09,3.4313054283954986e-08,-8.210586269499878,-7.4645406226715885
v13,PlantCAD2-S-88M 8192bp Angiosperm 2.6M 65sp,1024,638,6.100132e-09,3.399263880259342e-08,-8.214660767243108,-7.468615120414818
v13,PlantCAD2-S-88M 8192bp Angiosperm 2.6M 65sp,1024,639,5.9215903e-09,3.299772532870449e-08,-8.227561643654651,-7.481515996826363
v13,PlantCAD2-S-88M 8192bp Angiosperm 2.6M 65sp,1024,640,5.8290177e-09,3.2481869777575935e-08,-8.23440462592937,-7.488358979101081
v13,PlantCAD2-S-88M 8192bp Angiosperm 2.6M 65sp,1024,641,5.6671263e-09,3.157973915393596e-08,-8.246637108378119,-7.50059146154983
v13,PlantCAD2-S-88M 8192bp Angiosperm 2.6M 65sp,1024,642,5.592013e-09,3.1161174559568023e-08,-8.252431827637608,-7.506386180809318
v13,PlantCAD2-S-88M 8192bp Angiosperm 2.6M 65sp,1024,643,5.4009455e-09,3.00964617772193e-08,-8.267530205086643,-7.521484558258353
v13,PlantCAD2-S-88M 8192bp Angiosperm 2.6M 65sp,1024,644,5.31459e-09,2.9615250662424182e-08,-8.274530233982782,-7.528484587154494
v13,PlantCAD2-S-88M 8192bp Angiosperm 2.6M 65sp,1024,645,5.234669e-09,2.9169895433104214e-08,-8.281110774542594,-7.535065127714305
v13,PlantCAD2-S-88M 8192bp Angiosperm 2.6M 65sp,1024,646,5.1811493e-09,2.8871659947228963e-08,-8.285573892902626,-7.539528246074337
v13,PlantCAD2-S-88M 8192bp Angiosperm 2.6M 65sp,1024,647,4.843329e-09,2.6989175529173134e-08,-8.314856028985357,-7.568810382157068
v13,PlantCAD2-S-88M 8192bp Angiosperm 2.6M 65sp,1024,648,4.7148756e-09,2.627337625972043e-08,-8.326529761451843,-7.5804841146235535
v13,PlantCAD2-S-88M 8192bp Angiosperm 2.6M 65sp,1024,649,4.6791455e-09,2.6074272308579615e-08,-8.329833450028028,-7.583787803199738
v13,PlantCAD2-S-88M 8192bp Angiosperm 2.6M 65sp,1024,650,4.6334323e-09,2.5819538100186955e-08,-8.33409717815948,-7.588051531331191
v13,PlantCAD2-S-88M 8192bp Angiosperm 2.6M 65sp,1024,651,4.483799e-09,2.498571504197443e-08,-8.348353864218774,-7.602308217390485
v13,PlantCAD2-S-88M 8192bp Angiosperm 2.6M 65sp,1024,652,4.3176294e-09,2.4059744392032523e-08,-8.364754637694766,-7.618708990866477
v13,PlantCAD2-S-88M 8192bp Angiosperm 2.6M 65sp,1024,653,4.278615e-09,2.3842338865840647e-08,-8.368696790613049,-7.62265114378476
v13,PlantCAD2-S-88M 8192bp Angiosperm 2.6M 65sp,1024,654,4.1821884e-09,2.3305007118796134e-08,-8.378596406899165,-7.632550760070876
v13,PlantCAD2-S-88M 8192bp Angiosperm 2.6M 65sp,1024,655,4.071426e-09,2.2687789941182863e-08,-8.390253454297085,-7.644207807468796
v13,PlantCAD2-S-88M 8192bp Angiosperm 2.6M 65sp,1024,656,3.9819184e-09,2.2189013928321665e-08,-8.399907644055679,-7.6538619972273905
v13,PlantCAD2-S-88M 8192bp Angiosperm 2.6M 65sp,1024,657,3.9686383e-09,2.2115011325990715e-08,-8.40135848070286,-7.6553128338745715
v13,PlantCAD2-S-88M 8192bp Angiosperm 2.6M 65sp,1024,658,3.863543e-09,2.1529373740976124e-08,-8.413014249833136,-7.666968603004848
v13,PlantCAD2-S-88M 8192bp Angiosperm 2.6M 65sp,1024,659,3.7694385e-09,2.1004981764179777e-08,-8.423723337994009,-7.677677691165719
v13,PlantCAD2-S-88M 8192bp Angiosperm 2.6M 65sp,1024,660,3.6310814e-09,2.0233994689461674e-08,-8.439964015153597,-7.693918368325308
v13,PlantCAD2-S-88M 8192bp Angiosperm 2.6M 65sp,1024,661,3.5593088e-09,1.983404595593869e-08,-8.448634331659472,-7.702588684831182
v13,PlantCAD2-S-88M 8192bp Angiosperm 2.6M 65sp,1024,662,3.4657321e-09,1.931259511463909e-08,-8.460205011151357,-7.714159364323067
v13,PlantCAD2-S-88M 8192bp Angiosperm 2.6M 65sp,1024,663,3.4496037e-09,1.9222720522472272e-08,-8.46223079501052,-7.71618514818223
v13,PlantCAD2-S-88M 8192bp Angiosperm 2.6M 65sp,1024,664,3.2407894e-09,1.805911470595611e-08,-8.489349190316025,-7.743303543487736
v13,PlantCAD2-S-88M 8192bp Angiosperm 2.6M 65sp,1024,665,3.1733016e-09,1.7683042776859874e-08,-8.498488649301722,-7.7524430024734325
v13,PlantCAD2-S-88M 8192bp Angiosperm 2.6M 65sp,1024,666,3.0927843e-09,1.7234364699687107e-08,-8.509650367932915,-7.763604721104626
v13,PlantCAD2-S-88M 8192bp Angiosperm 2.6M 65sp,1024,667,2.992708e-09,1.667669520686302e-08,-8.523935655420138,-7.777890008591849
v13,PlantCAD2-S-88M 8192bp Angiosperm 2.6M 65sp,1024,668,2.919649e-09,1.626957808246659e-08,-8.534669356265892,-7.788623709437602
v13,PlantCAD2-S-88M 8192bp Angiosperm 2.6M 65sp,1024,669,2.792769e-09,1.556254649507257e-08,-8.553964984876941,-7.807919338048652
v13,PlantCAD2-S-88M 8192bp Angiosperm 2.6M 65sp,1024,670,2.746587e-09,1.5305199925329263e-08,-8.561206639853433,-7.8151609930251436
v13,PlantCAD2-S-88M 8192bp Angiosperm 2.6M 65sp,1024,671,2.6816582e-09,1.4943387878264406e-08,-8.571596577458916,-7.825550930630627
v13,PlantCAD2-S-88M 8192bp Angiosperm 2.6M 65sp,1024,672,2.617489e-09,1.4585808659019417e-08,-8.582115134768257,-7.836069487939967
v13,PlantCAD2-S-88M 8192bp Angiosperm 2.6M 65sp,1024,673,2.6000253e-09,1.4488493183508913e-08,-8.585022426030362,-7.838976779202072
v13,PlantCAD2-S-88M 8192bp Angiosperm 2.6M 65sp,1024,674,2.5158544e-09,1.4019455628028275e-08,-8.599314496416863,-7.8532688495885745
v13,PlantCAD2-S-88M 8192bp Angiosperm 2.6M 65sp,1024,675,2.4970066e-09,1.3914427333948161e-08,-8.60258030973524,-7.85653466290695
v13,PlantCAD2-S-88M 8192bp Angiosperm 2.6M 65sp,1024,676,2.4148519e-09,1.3456624938354848e-08,-8.617109498860723,-7.871063852032434
v13,PlantCAD2-S-88M 8192bp Angiosperm 2.6M 65sp,1024,677,2.3219118e-09,1.2938721514367153e-08,-8.634154281367822,-7.888108634539533
v13,PlantCAD2-S-88M 8192bp Angiosperm 2.6M 65sp,1024,678,2.253158e-09,1.255559487223781e-08,-8.647208352829125,-7.901162706000837
v13,PlantCAD2-S-88M 8192bp Angiosperm 2.6M 65sp,1024,679,2.1786324e-09,1.214030520271155e-08,-8.661816041951704,-7.915770395123416
v13,PlantCAD2-S-88M 8192bp Angiosperm 2.6M 65sp,1024,680,2.144172e-09,1.1948276582643512e-08,-8.668740379588064,-7.922694732759775
v13,PlantCAD2-S-88M 8192bp Angiosperm 2.6M 65sp,1024,681,2.044596e-09,1.139339498312943e-08,-8.689392493184256,-7.943346846355967
v13,PlantCAD2-S-88M 8192bp Angiosperm 2.6M 65sp,1024,682,2.014002e-09,1.1222911657272458e-08,-8.695940102507063,-7.9498944556787725
v13,PlantCAD2-S-88M 8192bp Angiosperm 2.6M 65sp,1024,683,1.914279e-09,1.0667210908614719e-08,-8.71799476492381,-7.971949118095521
v13,PlantCAD2-S-88M 8192bp Angiosperm 2.6M 65sp,1024,684,1.8877544e-09,1.05194040829291e-08,-8.724054508800108,-7.978008861971818
v13,PlantCAD2-S-88M 8192bp Angiosperm 2.6M 65sp,1024,685,1.8637851e-09,1.0385836521235187e-08,-8.729604164548862,-7.9835585177205735
v13,PlantCAD2-S-88M 8192bp Angiosperm 2.6M 65sp,1024,686,1.8112749e-09,1.0093226416724018e-08,-8.742015631136631,-7.995969984308343
v13,PlantCAD2-S-88M 8192bp Angiosperm 2.6M 65sp,1024,687,1.7343992e-09,9.664840948541274e-09,-8.760850935462086,-8.014805288633797
v13,PlantCAD2-S-88M 8192bp Angiosperm 2.6M 65sp,1024,688,1.7048044e-09,9.499925607883893e-09,-8.768325442403865,-8.022279795575576
v13,PlantCAD2-S-88M 8192bp Angiosperm 2.6M 65sp,1024,689,1.6237502e-09,9.048255685981684e-09,-8.789480782426143,-8.043435135597854
v13,PlantCAD2-S-88M 8192bp Angiosperm 2.6M 65sp,1024,690,1.5771834e-09,8.788764840112676e-09,-8.80211780256403,-8.056072155735741
v13,PlantCAD2-S-88M 8192bp Angiosperm 2.6M 65sp,1024,691,1.5252383e-09,8.499303723227895e-09,-8.81666229776644,-8.07061665093815
v13,PlantCAD2-S-88M 8192bp Angiosperm 2.6M 65sp,1024,692,1.4858932e-09,8.280055390084951e-09,-8.82801240478643,-8.08196675795814
v13,PlantCAD2-S-88M 8192bp Angiosperm 2.6M 65sp,1024,693,1.4606556e-09,8.139420298738678e-09,-8.835452171917481,-8.089406525089192
v13,PlantCAD2-S-88M 8192bp Angiosperm 2.6M 65sp,1024,694,1.3608835e-09,7.583445943122074e-09,-8.86617905148492,-8.120133404656631
v13,PlantCAD2-S-88M 8192bp Angiosperm 2.6M 65sp,1024,695,1.3268611e-09,7.393858053155536e-09,-8.877174538070646,-8.131128891242357
v13,PlantCAD2-S-88M 8192bp Angiosperm 2.6M 65sp,1024,696,1.3211545e-09,7.3620583490522665e-09,-8.879046391640625,-8.133000744812335
v13,PlantCAD2-S-88M 8192bp Angiosperm 2.6M 65sp,1024,697,1.24153e-09,6.918355349127495e-09,-8.906042781806523,-8.159997134978234
v13,PlantCAD2-S-88M 8192bp Angiosperm 2.6M 65sp,1024,698,1.1945713e-09,6.656680662786389e-09,-8.922787923542872,-8.176742276714583
v13,PlantCAD2-S-88M 8192bp Angiosperm 2.6M 65sp,1024,699,1.1772713e-09,6.560277396220213e-09,-8.929123443260453,-8.183077796432164
v13,PlantCAD2-S-88M 8192bp Angiosperm 2.6M 65sp,1024,700,1.1453419e-09,6.382352629775237e-09,-8.941064851211667,-8.195019204383378
v13,PlantCAD2-S-88M 8192bp Angiosperm 2.6M 65sp,1024,701,1.0882935e-09,6.064453663742064e-09,-8.963253964710516,-8.217208317882227
v13,PlantCAD2-S-88M 8192bp Angiosperm 2.6M 65sp,1024,702,1.0653665e-09,5.936694259547685e-09,-8.972500963543196,-8.226455316714906
v13,PlantCAD2-S-88M 8192bp Angiosperm 2.6M 65sp,1024,703,1.041264e-09,5.802384448425646e-09,-8.982439146370872,-8.236393499542583
v13,PlantCAD2-S-88M 8192bp Angiosperm 2.6M 65sp,1024,704,1.0143473e-09,5.652392667779299e-09,-8.993813322468787,-8.247767675640498
v13,PlantCAD2-S-88M 8192bp Angiosperm 2.6M 65sp,1024,705,9.583563e-10,5.340386003137286e-09,-9.018472997857055,-8.272427351028766
v13,PlantCAD2-S-88M 8192bp Angiosperm 2.6M 65sp,1024,706,9.506222e-10,5.297288170539051e-09,-9.021992047789084,-8.275946400960795
v13,PlantCAD2-S-88M 8192bp Angiosperm 2.6M 65sp,1024,707,9.2168395e-10,5.136031417434503e-09,-9.03541797515209,-8.2893723283238
v13,PlantCAD2-S-88M 8192bp Angiosperm 2.6M 65sp,1024,708,8.6660146e-10,4.829087373122435e-09,-9.062180583626812,-8.316134936798523
v13,PlantCAD2-S-88M 8192bp Angiosperm 2.6M 65sp,1024,709,8.452797e-10,4.710273077576768e-09,-9.072999560793479,-8.32695391396519
v13,PlantCAD2-S-88M 8192bp Angiosperm 2.6M 65sp,1024,710,8.357767e-10,4.65731815028322e-09,-9.077909740398038,-8.331864093569749
v13,PlantCAD2-S-88M 8192bp Angiosperm 2.6M 65sp,1024,711,7.7475965e-10,4.317304107726472e-09,-9.11083300571062,-8.364787358882332
v13,PlantCAD2-S-88M 8192bp Angiosperm 2.6M 65sp,1024,712,7.5955053e-10,4.232552151102369e-09,-9.11944332888454,-8.37339768205625
v13,PlantCAD2-S-88M 8192bp Angiosperm 2.6M 65sp,1024,713,7.25839e-10,4.044696566539151e-09,-9.13915970046482,-8.39311405363653
v13,PlantCAD2-S-88M 8192bp Angiosperm 2.6M 65sp,1024,714,7.091341e-10,3.951609460893987e-09,-9.14927163028509,-8.403225983456801
v13,PlantCAD2-S-88M 8192bp Angiosperm 2.6M 65sp,1024,715,6.999227e-10,3.90027945802418e-09,-9.154949921153149,-8.40890427432486
v13,PlantCAD2-S-88M 8192bp Angiosperm 2.6M 65sp,1024,716,6.898953e-10,3.844402341540614e-09,-9.161216813730052,-8.415171166901763
v13,PlantCAD2-S-88M 8192bp Angiosperm 2.6M 65sp,1024,717,6.3806627e-10,3.55558801813273e-09,-9.195134212813834,-8.449088565985544
v13,PlantCAD2-S-88M 8192bp Angiosperm 2.6M 65sp,1024,718,6.265506e-10,3.491417601676191e-09,-9.203043849788104,-8.456998202959815
v13,PlantCAD2-S-88M 8192bp Angiosperm 2.6M 65sp,1024,719,5.8983146e-10,3.2868022813582273e-09,-9.229272067084283,-8.483226420255994
v13,PlantCAD2-S-88M 8192bp Angiosperm 2.6M 65sp,1024,720,5.845051e-10,3.257121443039879e-09,-9.23321169512285,-8.487166048294561
v13,PlantCAD2-S-88M 8192bp Angiosperm 2.6M 65sp,1024,721,5.5916377e-10,3.1159083221652286e-09,-9.252460975672268,-8.506415328843978
v13,PlantCAD2-S-88M 8192bp Angiosperm 2.6M 65sp,1024,722,5.370256e-10,2.992544628304111e-09,-9.270005010997396,-8.523959364169107
v13,PlantCAD2-S-88M 8192bp Angiosperm 2.6M 65sp,1024,723,5.181257e-10,2.8872260099356664e-09,-9.2855648653632,-8.539519218534911
v13,PlantCAD2-S-88M 8192bp Angiosperm 2.6M 65sp,1024,724,4.9065974e-10,2.73417350916249e-09,-9.30921957563057,-8.56317392880228
v13,PlantCAD2-S-88M 8192bp Angiosperm 2.6M 65sp,1024,725,4.6167242e-10,2.57264331627237e-09,-9.335666069134321,-8.589620422306032
v13,PlantCAD2-S-88M 8192bp Angiosperm 2.6M 65sp,1024,726,4.0848017e-10,2.276232526907935e-09,-9.388829021796468,-8.642783374968179
v13,PlantCAD2-S-88M 8192bp Angiosperm 2.6M 65sp,1024,727,3.9988934e-10,2.2283606150862757e-09,-9.398060172862934,-8.652014526034645
v13,PlantCAD2-S-88M 8192bp Angiosperm 2.6M 65sp,1024,728,3.9714068e-10,2.213043863486288e-09,-9.401055624911304,-8.655009978083015
v13,PlantCAD2-S-88M 8192bp Angiosperm 2.6M 65sp,1024,729,3.693801e-10,2.0583496095110463e-09,-9.432526505465859,-8.68648085863757
v13,PlantCAD2-S-88M 8192bp Angiosperm 2.6M 65sp,1024,730,3.558308e-10,1.9828469054830054e-09,-9.44875646296622,-8.70271081613793
v13,PlantCAD2-S-88M 8192bp Angiosperm 2.6M 65sp,1024,731,3.3422715e-10,1.8624617939366248e-09,-9.475958274322153,-8.729912627493864
v13,PlantCAD2-S-88M 8192bp Angiosperm 2.6M 65sp,1024,732,3.1237254e-10,1.7406782220562874e-09,-9.505327151013176,-8.759281504184887
v13,PlantCAD2-S-88M 8192bp Angiosperm 2.6M 65sp,1024,733,2.951302e-10,1.6445962625623766e-09,-9.529986347862694,-8.783940701034405
v13,PlantCAD2-S-88M 8192bp Angiosperm 2.6M 65sp,1024,734,2.9267458e-10,1.6309124597042706e-09,-9.533614996203518,-8.787569349375229
v13,PlantCAD2-S-88M 8192bp Angiosperm 2.6M 65sp,1024,735,2.8224625e-10,1.572801183586926e-09,-9.549371819518587,-8.803326172690298
v13,PlantCAD2-S-88M 8192bp Angiosperm 2.6M 65sp,1024,736,2.6189598e-10,1.4594004608410488e-09,-9.581871167772615,-8.835825520944326
v13,PlantCAD2-S-88M 8192bp Angiosperm 2.6M 65sp,1024,737,2.4363267e-10,1.3576292040600822e-09,-9.613264475278152,-8.867218828449863
v13,PlantCAD2-S-88M 8192bp Angiosperm 2.6M 65sp,1024,738,2.358959e-10,1.3145164930386257e-09,-9.627279607324873,-8.881233960496584
v13,PlantCAD2-S-88M 8192bp Angiosperm 2.6M 65sp,1024,739,2.2915274e-10,1.2769406172595283e-09,-9.63987494548982,-8.893829298661531
v13,PlantCAD2-S-88M 8192bp Angiosperm 2.6M 65sp,1024,740,2.1732914e-10,1.2110542783825427e-09,-9.662882038554137,-8.916836391725848
v13,PlantCAD2-S-88M 8192bp Angiosperm 2.6M 65sp,1024,741,2.1538667e-10,1.2002299747289704e-09,-9.66678117812523,-8.920735531296941
v13,PlantCAD2-S-88M 8192bp Angiosperm 2.6M 65sp,1024,742,1.9689113e-10,1.0971646294743235e-09,-9.705773848508018,-8.959728201679729
v13,PlantCAD2-S-88M 8192bp Angiosperm 2.6M 65sp,1024,743,1.7864142e-10,9.95469157920253e-10,-9.748017837766257,-9.001972190937968
v13,PlantCAD2-S-88M 8192bp Angiosperm 2.6M 65sp,1024,744,1.640644e-10,9.14239542613866e-10,-9.784985645399358,-9.038939998571069
v13,PlantCAD2-S-88M 8192bp Angiosperm 2.6M 65sp,1024,745,1.481393e-10,8.254978281402808e-10,-9.829329711843569,-9.08328406501528
v13,PlantCAD2-S-88M 8192bp Angiosperm 2.6M 65sp,1024,746,1.389139e-10,7.740898110663148e-10,-9.857254295721948,-9.111208648893658
v13,PlantCAD2-S-88M 8192bp Angiosperm 2.6M 65sp,1024,747,1.2438604e-10,6.931341370653844e-10,-9.905228358320198,-9.159182711491908
v13,PlantCAD2-S-88M 8192bp Angiosperm 2.6M 65sp,1024,748,1.2128301e-10,6.758426787848732e-10,-9.916200033264058,-9.170154386435769
v13,PlantCAD2-S-88M 8192bp Angiosperm 2.6M 65sp,1024,749,1.045712e-10,5.827170675575146e-10,-9.980587908234458,-9.234542261406169
v13,PlantCAD2-S-88M 8192bp Angiosperm 2.6M 65sp,1024,750,7.4749464e-11,4.165371389405114e-10,-10.126391917153056,-9.380346270324766
v13,PlantCAD2-S-88M 8192bp Angiosperm 2.6M 65sp,1024,751,6.168705e-11,3.4374757947000496e-10,-10.209805998103487,-9.463760351275198
v13,PlantCAD2-S-88M 8192bp Angiosperm 2.6M 65sp,1024,752,5.709373e-11,3.1815156488134877e-10,-10.243411583101203,-9.497365936272914
v13,PlantCAD2-S-88M 8192bp Angiosperm 2.6M 65sp,1024,753,4.7607043e-11,2.652875408529739e-10,-10.322328792872579,-9.57628314604429
v13,PlantCAD2-S-88M 8192bp Angiosperm 2.6M 65sp,1024,754,4.2669136e-11,2.3777133479517095e-10,-10.369886151005964,-9.623840504177675
v13,PlantCAD2-S-88M 8192bp Angiosperm 2.6M 65sp,1024,755,3.746171e-11,2.0875324943091425e-10,-10.426412402438245,-9.680366755609956
v13,PlantCAD2-S-88M 8192bp Angiosperm 2.6M 65sp,1024,756,3.0220403e-11,1.6840147781192448e-10,-10.519699748484445,-9.773654101656156
v13,PlantCAD2-S-88M 8192bp Angiosperm 2.6M 65sp,1024,757,2.6251628e-11,1.462857047329546e-10,-10.580843758563063,-9.834798111734774
v13,PlantCAD2-S-88M 8192bp Angiosperm 2.6M 65sp,1024,758,2.2460348e-11,1.2515901245162423e-10,-10.648583519075947,-9.902537872247658
v13,PlantCAD2-S-88M 8192bp Angiosperm 2.6M 65sp,1024,759,2.1758307e-11,1.2124692888726668e-10,-10.662374899836092,-9.916329253007802
v13,PlantCAD2-S-88M 8192bp Angiosperm 2.6M 65sp,1024,760,2.1185916e-11,1.1805731257784007e-10,-10.67395275398325,-9.927907107154962
v13,PlantCAD2-S-88M 8192bp Angiosperm 2.6M 65sp,1024,761,1.5420979e-11,8.593252885828999e-11,-10.811888054248653,-10.065842407420364
v13,PlantCAD2-S-88M 8192bp Angiosperm 2.6M 65sp,1024,762,1.4588114e-11,8.12914359907386e-11,-10.836000851515545,-10.089955204687255
v13,PlantCAD2-S-88M 8192bp Angiosperm 2.6M 65sp,1024,763,1.3672226e-11,7.618770217520319e-11,-10.86416077140042,-10.11811512457213
v13,PlantCAD2-S-88M 8192bp Angiosperm 2.6M 65sp,1024,764,9.004722e-12,5.01783014636022e-11,-11.045529690476835,-10.299484043648546
v13,PlantCAD2-S-88M 8192bp Angiosperm 2.6M 65sp,1024,765,3.2837652e-12,1.829859490845869e-11,-11.483627903924686,-10.737582257096397
v13,PlantCAD2-S-88M 8192bp Angiosperm 2.6M 65sp,1024,766,4.65608e-13,2.594574112100839e-12,-12.331979566317775,-11.585933919489486
v13,PlantCAD2-S-88M 8192bp Angiosperm 2.6M 65sp,1024,767,1.3954547e-13,7.776091989891588e-13,-12.855284257247263,-12.109238610418974
v13,PlantCAD2-S-88M 8192bp Angiosperm 2.6M 65sp,1024,768,1.5031121e-14,8.376006731511331e-14,-13.82300862912968,-13.07696298230139
v13,PlantCAD2-S-88M 8192bp Angiosperm 2.6M 65sp,4096,1,0.20201866,1.0,-0.6946085139160008,0.0
v13,PlantCAD2-S-88M 8192bp Angiosperm 2.6M 65sp,4096,2,0.06426867,0.3181323448041879,-1.1920006874497608,-0.49739217353376025
v13,PlantCAD2-S-88M 8192bp Angiosperm 2.6M 65sp,4096,3,0.023419967,0.11592972154156453,-1.630413721207635,-0.9358052072916344
v13,PlantCAD2-S-88M 8192bp Angiosperm 2.6M 65sp,4096,4,0.010974894,0.05432613997142641,-1.9595996656587242,-1.2649911517427235
v13,PlantCAD2-S-88M 8192bp Angiosperm 2.6M 65sp,4096,5,0.0104392925,0.051674892309453005,-1.9813289336860322,-1.2867204197700315
v13,PlantCAD2-S-88M 8192bp Angiosperm 2.6M 65sp,4096,6,0.007839422,0.03880543510188614,-2.1057159566349797,-1.4111074427189787
v13,PlantCAD2-S-88M 8192bp Angiosperm 2.6M 65sp,4096,7,0.0057928874,0.02867501150636283,-2.237104913074208,-1.5424963991582072
v13,PlantCAD2-S-88M 8192bp Angiosperm 2.6M 65sp,4096,8,0.0050078803,0.024789196700938418,-2.3003460603229384,-1.6057375464069377
v13,PlantCAD2-S-88M 8192bp Angiosperm 2.6M 65sp,4096,9,0.0041301814,0.02044455398328056,-2.3840308734552362,-1.6894223595392355
v13,PlantCAD2-S-88M 8192bp Angiosperm 2.6M 65sp,4096,10,0.0039041864,0.019325870194367194,-2.408469455718739,-1.7138609418027382
v13,PlantCAD2-S-88M 8192bp Angiosperm 2.6M 65sp,4096,11,0.002604487,0.012892309056995033,-2.5842778059572793,-1.8896692920412785
v13,PlantCAD2-S-88M 8192bp Angiosperm 2.6M 65sp,4096,12,0.0025131758,0.01244031516692567,-2.5997771308664372,-1.9051686169504363
v13,PlantCAD2-S-88M 8192bp Angiosperm 2.6M 65sp,4096,13,0.0022680906,0.011227134166715096,-2.6443396013249068,-1.949731087408906
v13,PlantCAD2-S-88M 8192bp Angiosperm 2.6M 65sp,4096,14,0.0020652264,0.010222948711767517,-2.685032331958613,-1.9904238180426121
v13,PlantCAD2-S-88M 8192bp Angiosperm 2.6M 65sp,4096,15,0.0018378809,0.009097579896827353,-2.73568263557706,-2.041074121661059
v13,PlantCAD2-S-88M 8192bp Angiosperm 2.6M 65sp,4096,16,0.0018171039,0.008994732961796698,-2.740620239501763,-2.0460117255857626
v13,PlantCAD2-S-88M 8192bp Angiosperm 2.6M 65sp,4096,17,0.0016529895,0.008182360480957551,-2.7817299051136963,-2.087121391197696
v13,PlantCAD2-S-88M 8192bp Angiosperm 2.6M 65sp,4096,18,0.0016221014,0.00802946321889275,-2.789922000874547,-2.0953134869585464
v13,PlantCAD2-S-88M 8192bp Angiosperm 2.6M 65sp,4096,19,0.0014157393,0.007007963026781783,-2.849016712038369,-2.1544081981223684
v13,PlantCAD2-S-88M 8192bp Angiosperm 2.6M 65sp,4096,20,0.0014126468,0.006992655034935883,-2.8499664099742232,-2.1553578960582227
v13,PlantCAD2-S-88M 8192bp Angiosperm 2.6M 65sp,4096,21,0.001359098,0.006727586451667386,-2.8667492266194343,-2.1721407127034333
v13,PlantCAD2-S-88M 8192bp Angiosperm 2.6M 65sp,4096,22,0.0012948893,0.006409750960629082,-2.887767357802121,-2.1931588438861205
v13,PlantCAD2-S-88M 8192bp Angiosperm 2.6M 65sp,4096,23,0.0012675013,0.0062741793258107945,-2.897051586564617,-2.202443072648616
v13,PlantCAD2-S-88M 8192bp Angiosperm 2.6M 65sp,4096,24,0.0011961553,0.005921013930099329,-2.922212431087986,-2.227603917171985
v13,PlantCAD2-S-88M 8192bp Angiosperm 2.6M 65sp,4096,25,0.001138647,0.005636345672226517,-2.9436108937553045,-2.2490023798393035
v13,PlantCAD2-S-88M 8192bp Angiosperm 2.6M 65sp,4096,26,0.0010425684,0.005160752972027435,-2.9818954425718687,-2.287286928655868
v13,PlantCAD2-S-88M 8192bp Angiosperm 2.6M 65sp,4096,27,0.00096381636,0.004770927398488833,-3.0160057061761028,-2.321397192260102
v13,PlantCAD2-S-88M 8192bp Angiosperm 2.6M 65sp,4096,28,0.0009336451,0.004621578521508855,-3.0298181777338344,-2.335209663817834
v13,PlantCAD2-S-88M 8192bp Angiosperm 2.6M 65sp,4096,29,0.0008880017,0.004395641966935134,-3.0515862028025786,-2.3569776888865777
v13,PlantCAD2-S-88M 8192bp Angiosperm 2.6M 65sp,4096,30,0.0008489511,0.004202340021461384,-3.071117324610917,-2.376508810694916
v13,PlantCAD2-S-88M 8192bp Angiosperm 2.6M 65sp,4096,31,0.0007805005,0.003863506965148665,-3.1076268143860974,-2.413018300470097
v13,PlantCAD2-S-88M 8192bp Angiosperm 2.6M 65sp,4096,32,0.0007625327,0.0037745656762598074,-3.11774152755488,-2.4231330136388793
v13,PlantCAD2-S-88M 8192bp Angiosperm 2.6M 65sp,4096,33,0.0007417613,0.0036717464614407403,-3.129735828913696,-2.435127314997695
v13,PlantCAD2-S-88M 8192bp Angiosperm 2.6M 65sp,4096,34,0.00073049945,0.003615999878427072,-3.136380106714017,-2.441771592798016
v13,PlantCAD2-S-88M 8192bp Angiosperm 2.6M 65sp,4096,35,0.000718723,0.0035577060059699436,-3.1434384569753715,-2.448829943059371
v13,PlantCAD2-S-88M 8192bp Angiosperm 2.6M 65sp,4096,36,0.00067031645,0.003318091754494362,-3.1737201226075187,-2.4791116086915177
v13,PlantCAD2-S-88M 8192bp Angiosperm 2.6M 65sp,4096,37,0.0006599372,0.0032667140748285335,-3.180497390202241,-2.48588887628624
v13,PlantCAD2-S-88M 8192bp Angiosperm 2.6M 65sp,4096,38,0.00062784116,0.003107837464123364,-3.202150216232473,-2.5075417023164723
v13,PlantCAD2-S-88M 8192bp Angiosperm 2.6M 65sp,4096,39,0.0006257496,0.003097484163096617,-3.203599419335158,-2.5089909054191573
v13,PlantCAD2-S-88M 8192bp Angiosperm 2.6M 65sp,4096,40,0.00057654094,0.0028538994368144015,-3.239169848152808,-2.544561334236807
v13,PlantCAD2-S-88M 8192bp Angiosperm 2.6M 65sp,4096,41,0.00055608194,0.0027526266137989433,-3.2548612093750093,-2.560252695459009
v13,PlantCAD2-S-88M 8192bp Angiosperm 2.6M 65sp,4096,42,0.0005403083,0.002674546499813433,-3.2673583609514334,-2.5727498470354324
v13,PlantCAD2-S-88M 8192bp Angiosperm 2.6M 65sp,4096,43,0.00051481376,0.0025483475635369526,-3.2883498537408284,-2.593741339824828
v13,PlantCAD2-S-88M 8192bp Angiosperm 2.6M 65sp,4096,44,0.0005040961,0.0024952947415847627,-3.297486662520253,-2.6028781486042525
v13,PlantCAD2-S-88M 8192bp Angiosperm 2.6M 65sp,4096,45,0.00049943576,0.0024722258825001613,-3.301520365039004,-2.6069118511230034
v13,PlantCAD2-S-88M 8192bp Angiosperm 2.6M 65sp,4096,46,0.0004752577,0.002352543571965085,-3.323070838080782,-2.628462324164781
v13,PlantCAD2-S-88M 8192bp Angiosperm 2.6M 65sp,4096,47,0.0004703864,0.002328430452909647,-3.3275452432464103,-2.63293672933041
v13,PlantCAD2-S-88M 8192bp Angiosperm 2.6M 65sp,4096,48,0.000453757,0.0022461142945904107,-3.343176662147734,-2.648568148231733
v13,PlantCAD2-S-88M 8192bp Angiosperm 2.6M 65sp,4096,49,0.00043536176,0.002155057161551314,-3.361149719875363,-2.6665412059593625
v13,PlantCAD2-S-88M 8192bp Angiosperm 2.6M 65sp,4096,50,0.00042422896,0.0020999493809136247,-3.372399687684389,-2.677791173768388
v13,PlantCAD2-S-88M 8192bp Angiosperm 2.6M 65sp,4096,51,0.00041277998,0.002043276497329504,-3.3842813743323217,-2.689672860416321
v13,PlantCAD2-S-88M 8192bp Angiosperm 2.6M 65sp,4096,52,0.0004049084,0.002004311878912572,-3.392643213511144,-2.698034699595143
v13,PlantCAD2-S-88M 8192bp Angiosperm 2.6M 65sp,4096,53,0.0003978328,0.0019692873915706597,-3.400299413590242,-2.7056908996742415
v13,PlantCAD2-S-88M 8192bp Angiosperm 2.6M 65sp,4096,54,0.00038278746,0.0018948123901029739,-3.417042298016426,-2.722433784100425
v13,PlantCAD2-S-88M 8192bp Angiosperm 2.6M 65sp,4096,55,0.0003722683,0.0018427421506508359,-3.4291439439621625,-2.7345354300461615
v13,PlantCAD2-S-88M 8192bp Angiosperm 2.6M 65sp,4096,56,0.0003642258,0.0018029314717759241,-3.4386292941238095,-2.7440207802078085
v13,PlantCAD2-S-88M 8192bp Angiosperm 2.6M 65sp,4096,57,0.0003576116,0.0017701909318673832,-3.446588402252288,-2.751979888336287
v13,PlantCAD2-S-88M 8192bp Angiosperm 2.6M 65sp,4096,58,0.00034996384,0.0017323342309071847,-3.4559768267918667,-2.761368312875866
v13,PlantCAD2-S-88M 8192bp Angiosperm 2.6M 65sp,4096,59,0.00033614808,0.0016639456968975043,-3.4734693649916957,-2.778860851075695
v13,PlantCAD2-S-88M 8192bp Angiosperm 2.6M 65sp,4096,60,0.0003281948,0.001624576660393649,-3.48386830429815,-2.789259790382149
v13,PlantCAD2-S-88M 8192bp Angiosperm 2.6M 65sp,4096,61,0.00032660938,0.001616728771490713,-3.4859713467771125,-2.7913628328611115
v13,PlantCAD2-S-88M 8192bp Angiosperm 2.6M 65sp,4096,62,0.0003164748,0.0015665622175694068,-3.499660865920437,-2.805052352004436
v13,PlantCAD2-S-88M 8192bp Angiosperm 2.6M 65sp,4096,63,0.00030902395,0.0015296802285491846,-3.510007860543554,-2.815399346627553
v13,PlantCAD2-S-88M 8192bp Angiosperm 2.6M 65sp,4096,64,0.00030660655,0.001517714007211017,-3.513418571600132,-2.8188100576841313
v13,PlantCAD2-S-88M 8192bp Angiosperm 2.6M 65sp,4096,65,0.00029752898,0.0014727796927273948,-3.526470726603935,-2.831862212687934
v13,PlantCAD2-S-88M 8192bp Angiosperm 2.6M 65sp,4096,66,0.00029039415,0.001437462014647558,-3.537012136760888,-2.8424036228448872
v13,PlantCAD2-S-88M 8192bp Angiosperm 2.6M 65sp,4096,67,0.00028792405,0.0014252349263181928,-3.5407220574350244,-2.8461135435190235
v13,PlantCAD2-S-88M 8192bp Angiosperm 2.6M 65sp,4096,68,0.00027775698,0.001374907545669296,-3.556335018481085,-2.861726504565084
v13,PlantCAD2-S-88M 8192bp Angiosperm 2.6M 65sp,4096,69,0.00026704572,0.0013218864039589214,-3.573414378171451,-2.8788058642554506
v13,PlantCAD2-S-88M 8192bp Angiosperm 2.6M 65sp,4096,70,0.0002597934,0.0012859871459398851,-3.5853718862883555,-2.8907633723723545
v13,PlantCAD2-S-88M 8192bp Angiosperm 2.6M 65sp,4096,71,0.0002577184,0.0012757158175388354,-3.5888545735593094,-2.8942460596433084
v13,PlantCAD2-S-88M 8192bp Angiosperm 2.6M 65sp,4096,72,0.00025088724,0.001241901317432756,-3.6005214261246405,-2.90591291220864
v13,PlantCAD2-S-88M 8192bp Angiosperm 2.6M 65sp,4096,73,0.0002450883,0.001213196345327704,-3.6106774205582863,-2.916068906642286
v13,PlantCAD2-S-88M 8192bp Angiosperm 2.6M 65sp,4096,74,0.00023832658,0.0011797255758453206,-3.6228275191155968,-2.928219005199596
v13,PlantCAD2-S-88M 8192bp Angiosperm 2.6M 65sp,4096,75,0.00023412533,0.0011589292296068096,-3.630551597477558,-2.9359430835615576
v13,PlantCAD2-S-88M 8192bp Angiosperm 2.6M 65sp,4096,76,0.00022580007,0.0011177188780481962,-3.646275927775936,-2.951667413859935
v13,PlantCAD2-S-88M 8192bp Angiosperm 2.6M 65sp,4096,77,0.00022457722,0.001111665724344474,-3.648634298519979,-2.954025784603978
v13,PlantCAD2-S-88M 8192bp Angiosperm 2.6M 65sp,4096,78,0.00021886543,0.001083392148032266,-3.659822830235997,-2.965214316319996
v13,PlantCAD2-S-88M 8192bp Angiosperm 2.6M 65sp,4096,79,0.00021640214,0.0010711987694602073,-3.6647384488076313,-2.970129934891631
v13,PlantCAD2-S-88M 8192bp Angiosperm 2.6M 65sp,4096,80,0.00021447612,0.0010616648976881642,-3.668621055598431,-2.9740125416824306
v13,PlantCAD2-S-88M 8192bp Angiosperm 2.6M 65sp,4096,81,0.00021167185,0.0010477836552326403,-3.674336894472557,-2.9797283805565566
v13,PlantCAD2-S-88M 8192bp Angiosperm 2.6M 65sp,4096,82,0.00020184438,0.0009991373074150676,-3.694983338247558,-3.0003748243315576
v13,PlantCAD2-S-88M 8192bp Angiosperm 2.6M 65sp,4096,83,0.00019967988,0.0009884229506323824,-3.6996656929920286,-3.0050571790760277
v13,PlantCAD2-S-88M 8192bp Angiosperm 2.6M 65sp,4096,84,0.00019606749,0.0009705414836431447,-3.7075944108404886,-3.012985896924488
v13,PlantCAD2-S-88M 8192bp Angiosperm 2.6M 65sp,4096,85,0.00019436212,0.0009620998377080612,-3.711388372526914,-3.016779858610913
v13,PlantCAD2-S-88M 8192bp Angiosperm 2.6M 65sp,4096,86,0.00018718706,0.0009265830196081888,-3.7277241767775884,-3.0331156628615874
v13,PlantCAD2-S-88M 8192bp Angiosperm 2.6M 65sp,4096,87,0.00018531481,0.0009173153113677717,-3.732089871321914,-3.0374813574059134
v13,PlantCAD2-S-88M 8192bp Angiosperm 2.6M 65sp,4096,88,0.00018251486,0.0009034554530754734,-3.7387017703676513,-3.0440932564516503
v13,PlantCAD2-S-88M 8192bp Angiosperm 2.6M 65sp,4096,89,0.00017963575,0.0008892037497922222,-3.745607228455583,-3.0509987145395825
v13,PlantCAD2-S-88M 8192bp Angiosperm 2.6M 65sp,4096,90,0.00017332874,0.0008579838119904369,-3.761129420041128,-3.0665209061251275
v13,PlantCAD2-S-88M 8192bp Angiosperm 2.6M 65sp,4096,91,0.000169088,0.0008369919887598502,-3.7718872127376044,-3.077278698821604
v13,PlantCAD2-S-88M 8192bp Angiosperm 2.6M 65sp,4096,92,0.00016727665,0.0008280257378204569,-3.776564677590448,-3.081956163674447
v13,PlantCAD2-S-88M 8192bp Angiosperm 2.6M 65sp,4096,93,0.00016423628,0.0008129757914442161,-3.784530900423687,-3.0899223865076864
v13,PlantCAD2-S-88M 8192bp Angiosperm 2.6M 65sp,4096,94,0.000161783,0.0008008319627503717,-3.7910671155672464,-3.096458601651246
v13,PlantCAD2-S-88M 8192bp Angiosperm 2.6M 65sp,4096,95,0.00015931595,0.0007886199720362466,-3.7977407424021026,-3.1031322284861016
v13,PlantCAD2-S-88M 8192bp Angiosperm 2.6M 65sp,4096,96,0.0001573025,0.0007786533184607798,-3.8032643751034967,-3.108655861187496
v13,PlantCAD2-S-88M 8192bp Angiosperm 2.6M 65sp,4096,97,0.00015241116,0.0007544410006481581,-3.816983231494005,-3.122374717578004
v13,PlantCAD2-S-88M 8192bp Angiosperm 2.6M 65sp,4096,98,0.00014924786,0.0007387825461271746,-3.826091887313195,-3.1314833733971943
v13,PlantCAD2-S-88M 8192bp Angiosperm 2.6M 65sp,4096,99,0.00014526109,0.0007190478839924986,-3.8378507013338607,-3.1432421874178598
v13,PlantCAD2-S-88M 8192bp Angiosperm 2.6M 65sp,4096,100,0.0001441666,0.0007136301171386842,-3.841135343748694,-3.1465268298326934
v13,PlantCAD2-S-88M 8192bp Angiosperm 2.6M 65sp,4096,101,0.00014127385,0.0006993108953400641,-3.849938219267629,-3.1553297053516283
v13,PlantCAD2-S-88M 8192bp Angiosperm 2.6M 65sp,4096,102,0.00013559771,0.0006712137878748429,-3.867747644855102,-3.1731391309391013
v13,PlantCAD2-S-88M 8192bp Angiosperm 2.6M 65sp,4096,103,0.00013384159,0.0006625209275222398,-3.8734089127201647,-3.1788003988041638
v13,PlantCAD2-S-88M 8192bp Angiosperm 2.6M 65sp,4096,104,0.00013118387,0.0006493651131039083,-3.8821195613067263,-3.1875110473907258
v13,PlantCAD2-S-88M 8192bp Angiosperm 2.6M 65sp,4096,105,0.00012997558,0.0006433840319503159,-3.886138235904481,-3.1915297219884806
v13,PlantCAD2-S-88M 8192bp Angiosperm 2.6M 65sp,4096,106,0.00012928217,0.0006399516262507633,-3.8884613668795414,-3.1938528529635404
v13,PlantCAD2-S-88M 8192bp Angiosperm 2.6M 65sp,4096,107,0.00012608219,0.0006241116043438759,-3.899346256257953,-3.204737742341952
v13,PlantCAD2-S-88M 8192bp Angiosperm 2.6M 65sp,4096,108,0.00012374952,0.0006125647997071162,-3.9074564769338327,-3.212847963017832
v13,PlantCAD2-S-88M 8192bp Angiosperm 2.6M 65sp,4096,109,0.000121571895,0.0006017854736785206,-3.915166813691404,-3.2205582997754036
v13,PlantCAD2-S-88M 8192bp Angiosperm 2.6M 65sp,4096,110,0.00012022069,0.0005950969578750795,-3.920020783751094,-3.2254122698350933
v13,PlantCAD2-S-88M 8192bp Angiosperm 2.6M 65sp,4096,111,0.00011800103,0.0005841095570082486,-3.928114201834857,-3.233505687918856
v13,PlantCAD2-S-88M 8192bp Angiosperm 2.6M 65sp,4096,112,0.00011787959,0.0005835084244198036,-3.9285613833501682,-3.2339528694341677
v13,PlantCAD2-S-88M 8192bp Angiosperm 2.6M 65sp,4096,113,0.000112570124,0.0005572263671088601,-3.9485768555198657,-3.253968341603865
v13,PlantCAD2-S-88M 8192bp Angiosperm 2.6M 65sp,4096,114,0.00011133603,0.0005511175551802987,-3.953364268746994,-3.258755754830993
v13,PlantCAD2-S-88M 8192bp Angiosperm 2.6M 65sp,4096,115,0.00010933417,0.0005412082725427444,-3.961244087608658,-3.2666355736926573
v13,PlantCAD2-S-88M 8192bp Angiosperm 2.6M 65sp,4096,116,0.00010751379,0.0005321973227621646,-3.9685358284291974,-3.2739273145131964
v13,PlantCAD2-S-88M 8192bp Angiosperm 2.6M 65sp,4096,117,0.00010625126,0.0005259477515591877,-3.9736659110865675,-3.279057397170567
v13,PlantCAD2-S-88M 8192bp Angiosperm 2.6M 65sp,4096,118,0.00010305451,0.0005101237182743416,-3.9869329973320857,-3.292324483416085
v13,PlantCAD2-S-88M 8192bp Angiosperm 2.6M 65sp,4096,119,0.000102248065,0.0005061317850539154,-3.990344902076358,-3.295736388160357
v13,PlantCAD2-S-88M 8192bp Angiosperm 2.6M 65sp,4096,120,0.000100838755,0.000499155647305056,-3.996372524954812,-3.3017640110388116
v13,PlantCAD2-S-88M 8192bp Angiosperm 2.6M 65sp,4096,121,9.905638e-05,0.0004903328237104434,-4.004117547287856,-3.309509033371855
v13,PlantCAD2-S-88M 8192bp Angiosperm 2.6M 65sp,4096,122,9.782682e-05,0.00048424645525319297,-4.009542063605106,-3.314933549689105
v13,PlantCAD2-S-88M 8192bp Angiosperm 2.6M 65sp,4096,123,9.462566e-05,0.00046840059230172107,-4.023991078341451,-3.3293825644254507
v13,PlantCAD2-S-88M 8192bp Angiosperm 2.6M 65sp,4096,124,9.396806e-05,0.0004651454474552004,-4.027019739197562,-3.332411225281561
v13,PlantCAD2-S-88M 8192bp Angiosperm 2.6M 65sp,4096,125,9.295441e-05,0.0004601278416558154,-4.031730001338747,-3.3371214874227464
v13,PlantCAD2-S-88M 8192bp Angiosperm 2.6M 65sp,4096,126,9.2518625e-05,0.0004579706894402725,-4.033770830282633,-3.3391623163666324
v13,PlantCAD2-S-88M 8192bp Angiosperm 2.6M 65sp,4096,127,9.066124e-05,0.0004487765635115093,-4.042578345265476,-3.3479698313494755
v13,PlantCAD2-S-88M 8192bp Angiosperm 2.6M 65sp,4096,128,8.89407e-05,0.00044025982550324803,-4.0508994567969,-3.356290942880899
v13,PlantCAD2-S-88M 8192bp Angiosperm 2.6M 65sp,4096,129,8.658342e-05,0.0004285912004366329,-4.062565263778191,-3.3679567498621896
v13,PlantCAD2-S-88M 8192bp Angiosperm 2.6M 65sp,4096,130,8.584218e-05,0.0004249220344298888,-4.066299261802255,-3.371690747886255
v13,PlantCAD2-S-88M 8192bp Angiosperm 2.6M 65sp,4096,131,8.498104e-05,0.0004206593588928864,-4.0706779583077255,-3.376069444391725
v13,PlantCAD2-S-88M 8192bp Angiosperm 2.6M 65sp,4096,132,8.395408e-05,0.00041557586809060114,-4.0759581931717985,-3.3813496792557975
v13,PlantCAD2-S-88M 8192bp Angiosperm 2.6M 65sp,4096,133,8.076515e-05,0.00039979054410122313,-4.0927759960029,-3.3981674820868997
v13,PlantCAD2-S-88M 8192bp Angiosperm 2.6M 65sp,4096,134,7.884588e-05,0.00039029008508421946,-4.103220995296566,-3.408612481380566
v13,PlantCAD2-S-88M 8192bp Angiosperm 2.6M 65sp,4096,135,7.7887875e-05,0.00038554792413730496,-4.108530144772153,-3.413921630856153
v13,PlantCAD2-S-88M 8192bp Angiosperm 2.6M 65sp,4096,136,7.6699274e-05,0.00037966430427763454,-4.115208746863093,-3.4206002329470926
v13,PlantCAD2-S-88M 8192bp Angiosperm 2.6M 65sp,4096,137,7.645005e-05,0.0003784306360610451,-4.116622226213505,-3.4220137122975047
v13,PlantCAD2-S-88M 8192bp Angiosperm 2.6M 65sp,4096,138,7.559218e-05,0.0003741841471475952,-4.121523129875906,-3.4269146159599058
v13,PlantCAD2-S-88M 8192bp Angiosperm 2.6M 65sp,4096,139,7.349211e-05,0.0003637887212993097,-4.13375928360141,-3.43915076968541
v13,PlantCAD2-S-88M 8192bp Angiosperm 2.6M 65sp,4096,140,7.2481234e-05,0.00035878484690473646,-4.139774421362858,-3.4451659074468566
v13,PlantCAD2-S-88M 8192bp Angiosperm 2.6M 65sp,4096,141,7.176588e-05,0.0003552438175760596,-4.144081985419142,-3.449473471503141
v13,PlantCAD2-S-88M 8192bp Angiosperm 2.6M 65sp,4096,142,6.9138136e-05,0.00034223638549033046,-4.160282333440224,-3.4656738195242234
v13,PlantCAD2-S-88M 8192bp Angiosperm 2.6M 65sp,4096,143,6.847756e-05,0.0003389665093313658,-4.164451722884275,-3.4698432089682743
v13,PlantCAD2-S-88M 8192bp Angiosperm 2.6M 65sp,4096,144,6.748803e-05,0.00033406829844332206,-4.17077324888656,-3.4761647349705593
v13,PlantCAD2-S-88M 8192bp Angiosperm 2.6M 65sp,4096,145,6.6708315e-05,0.00033020867973285244,-4.175820029148707,-3.4812115152327068
v13,PlantCAD2-S-88M 8192bp Angiosperm 2.6M 65sp,4096,146,6.600972e-05,0.00032675060808739153,-4.180392109434642,-3.485783595518641
v13,PlantCAD2-S-88M 8192bp Angiosperm 2.6M 65sp,4096,147,6.4191496e-05,0.00031775033058827344,-4.1925225028486075,-3.4979139889326065
v13,PlantCAD2-S-88M 8192bp Angiosperm 2.6M 65sp,4096,148,6.373066e-05,0.0003154691749762126,-4.195651583907176,-3.5010430699911748
v13,PlantCAD2-S-88M 8192bp Angiosperm 2.6M 65sp,4096,149,6.2366555e-05,0.0003087168036853625,-4.205048244818699,-3.5104397309026987
v13,PlantCAD2-S-88M 8192bp Angiosperm 2.6M 65sp,4096,150,6.105241e-05,0.00030221173628218305,-4.214297187918227,-3.519688674002226
v13,PlantCAD2-S-88M 8192bp Angiosperm 2.6M 65sp,4096,151,6.0625352e-05,0.000300097783046378,-4.217345726802647,-3.5227372128866468
v13,PlantCAD2-S-88M 8192bp Angiosperm 2.6M 65sp,4096,152,6.0274306e-05,0.0002983600920825829,-4.2198677814002075,-3.525259267484207
v13,PlantCAD2-S-88M 8192bp Angiosperm 2.6M 65sp,4096,153,5.9974518e-05,0.0002968761301555015,-4.222033233660781,-3.52742471974478
v13,PlantCAD2-S-88M 8192bp Angiosperm 2.6M 65sp,4096,154,5.8003254e-05,0.0002871182988739753,-4.236547641702527,-3.5419391277865264
v13,PlantCAD2-S-88M 8192bp Angiosperm 2.6M 65sp,4096,155,5.6394518e-05,0.000279154994890076,-4.248763110875924,-3.554154596959923
v13,PlantCAD2-S-88M 8192bp Angiosperm 2.6M 65sp,4096,156,5.5508335e-05,0.000274768355556858,-4.2556417993508475,-3.561033285434847
v13,PlantCAD2-S-88M 8192bp Angiosperm 2.6M 65sp,4096,157,5.489485e-05,0.00027173158162716255,-4.260468397289315,-3.5658598833733137
v13,PlantCAD2-S-88M 8192bp Angiosperm 2.6M 65sp,4096,158,5.3950916e-05,0.00026705907266190166,-4.268001177294911,-3.5733926633789106
v13,PlantCAD2-S-88M 8192bp Angiosperm 2.6M 65sp,4096,159,5.252139e-05,0.0002599828649492082,-4.2796637886499305,-3.58505527473393
v13,PlantCAD2-S-88M 8192bp Angiosperm 2.6M 65sp,4096,160,5.1718245e-05,0.0002560072668534679,-4.286356220832393,-3.5917477069163923
v13,PlantCAD2-S-88M 8192bp Angiosperm 2.6M 65sp,4096,161,5.1334642e-05,0.00025410841750955087,-4.2895894623351305,-3.59498094841913
v13,PlantCAD2-S-88M 8192bp Angiosperm 2.6M 65sp,4096,162,5.091544e-05,0.00025203335177057407,-4.293150498803077,-3.598541984887076
v13,PlantCAD2-S-88M 8192bp Angiosperm 2.6M 65sp,4096,163,5.0485116e-05,0.00024990323171136765,-4.296836641521687,-3.6022281276056867
v13,PlantCAD2-S-88M 8192bp Angiosperm 2.6M 65sp,4096,164,4.9541915e-05,0.00024523435112380217,-4.305027210147057,-3.610418696231056
v13,PlantCAD2-S-88M 8192bp Angiosperm 2.6M 65sp,4096,165,4.899059e-05,0.0002425052715427377,-4.309887330247662,-3.6152788163316614
v13,PlantCAD2-S-88M 8192bp Angiosperm 2.6M 65sp,4096,166,4.758634e-05,0.00023555418098506346,-4.322517696733693,-3.627909182817693
v13,PlantCAD2-S-88M 8192bp Angiosperm 2.6M 65sp,4096,167,4.7432128e-05,0.00023479082575837302,-4.323927390677541,-3.6293188767615403
v13,PlantCAD2-S-88M 8192bp Angiosperm 2.6M 65sp,4096,168,4.652702e-05,0.00023031050696009964,-4.332294762618271,-3.6376862487022703
v13,PlantCAD2-S-88M 8192bp Angiosperm 2.6M 65sp,4096,169,4.6030505e-05,0.00022785273894995641,-4.336954260441453,-3.6423457465254523
v13,PlantCAD2-S-88M 8192bp Angiosperm 2.6M 65sp,4096,170,4.4722525e-05,0.00022137818852971305,-4.349473684490824,-3.6548651705748227
v13,PlantCAD2-S-88M 8192bp Angiosperm 2.6M 65sp,4096,171,4.3682983e-05,0.00021623241635203403,-4.359687712423161,-3.6650791985071605
v13,PlantCAD2-S-88M 8192bp Angiosperm 2.6M 65sp,4096,172,4.2571326e-05,0.00021072967219958792,-4.370882822326638,-3.6762743084106373
v13,PlantCAD2-S-88M 8192bp Angiosperm 2.6M 65sp,4096,173,4.1407664e-05,0.0002049695013322037,-4.3829192693895775,-3.6883107554735766
v13,PlantCAD2-S-88M 8192bp Angiosperm 2.6M 65sp,4096,174,4.102501e-05,0.00020307534957414333,-4.386951304413948,-3.692342790497947
v13,PlantCAD2-S-88M 8192bp Angiosperm 2.6M 65sp,4096,175,4.0966435e-05,0.00020278540111096668,-4.387571827777214,-3.6929633138612137
v13,PlantCAD2-S-88M 8192bp Angiosperm 2.6M 65sp,4096,176,3.991877e-05,0.00019759941977637115,-4.398822848908775,-3.7042143349927743
v13,PlantCAD2-S-88M 8192bp Angiosperm 2.6M 65sp,4096,177,3.9231556e-05,0.00019419768451092587,-4.406364466562979,-3.7117559526469783
v13,PlantCAD2-S-88M 8192bp Angiosperm 2.6M 65sp,4096,178,3.8363913e-05,0.00018990281887821652,-4.416077102553556,-3.721468588637556
v13,PlantCAD2-S-88M 8192bp Angiosperm 2.6M 65sp,4096,179,3.783357e-05,0.00018727760098992836,-4.4221226764670165,-3.727514162551016
v13,PlantCAD2-S-88M 8192bp Angiosperm 2.6M 65sp,4096,180,3.7167603e-05,0.00018398103917727205,-4.42983544636837,-3.735226932452369
v13,PlantCAD2-S-88M 8192bp Angiosperm 2.6M 65sp,4096,181,3.6956768e-05,0.00018293739796115864,-4.432306016378888,-3.7376975024628876
v13,PlantCAD2-S-88M 8192bp Angiosperm 2.6M 65sp,4096,182,3.6034988e-05,0.00017837455213295643,-4.443275618228784,-3.7486671043127826
v13,PlantCAD2-S-88M 8192bp Angiosperm 2.6M 65sp,4096,183,3.5214227e-05,0.0001743117541716196,-4.453281840519389,-3.7586733266033883
v13,PlantCAD2-S-88M 8192bp Angiosperm 2.6M 65sp,4096,184,3.5036235e-05,0.00017343068704643423,-4.455482569358304,-3.7608740554423026
v13,PlantCAD2-S-88M 8192bp Angiosperm 2.6M 65sp,4096,185,3.419303e-05,0.0001692567904370814,-4.466062412687641,-3.771453898771641
v13,PlantCAD2-S-88M 8192bp Angiosperm 2.6M 65sp,4096,186,3.3829358e-05,0.00016745660029623006,-4.4707062440004615,-3.776097730084461
v13,PlantCAD2-S-88M 8192bp Angiosperm 2.6M 65sp,4096,187,3.3323042e-05,0.0001649503169657694,-4.477255359500826,-3.782646845584825
v13,PlantCAD2-S-88M 8192bp Angiosperm 2.6M 65sp,4096,188,3.2348817e-05,0.00016012786640600427,-4.490141596904595,-3.7955330829885936
v13,PlantCAD2-S-88M 8192bp Angiosperm 2.6M 65sp,4096,189,3.1571468e-05,0.00015627995948493077,-4.500705223952666,-3.806096710036665
v13,PlantCAD2-S-88M 8192bp Angiosperm 2.6M 65sp,4096,190,3.1175845e-05,0.00015432161068685437,-4.5061817664343815,-3.811573252518381
v13,PlantCAD2-S-88M 8192bp Angiosperm 2.6M 65sp,4096,191,3.0849842e-05,0.0001527078835192749,-4.510747055899908,-3.8161385419839076
v13,PlantCAD2-S-88M 8192bp Angiosperm 2.6M 65sp,4096,192,3.0298703e-05,0.00014997972464523822,-4.518575961992713,-3.8239674480767123
v13,PlantCAD2-S-88M 8192bp Angiosperm 2.6M 65sp,4096,193,3.0019422e-05,0.00014859727314298592,-4.522597674005711,-3.8279891600897105
v13,PlantCAD2-S-88M 8192bp Angiosperm 2.6M 65sp,4096,194,2.9760773e-05,0.00014731695082028563,-4.526355792706984,-3.831747278790983
v13,PlantCAD2-S-88M 8192bp Angiosperm 2.6M 65sp,4096,195,2.8985056e-05,0.000143477122360875,-4.537825856222398,-3.8432173423063967
v13,PlantCAD2-S-88M 8192bp Angiosperm 2.6M 65sp,4096,196,2.8182565e-05,0.00013950476158984524,-4.5500194826726705,-3.85541096875667
v13,PlantCAD2-S-88M 8192bp Angiosperm 2.6M 65sp,4096,197,2.8159426e-05,0.0001393902226655696,-4.5503762020715905,-3.85576768815559
v13,PlantCAD2-S-88M 8192bp Angiosperm 2.6M 65sp,4096,198,2.7414088e-05,0.00013570077140398812,-4.56202619746081,-3.867417683544809
v13,PlantCAD2-S-88M 8192bp Angiosperm 2.6M 65sp,4096,199,2.7009693e-05,0.00013369900087447368,-4.568480352101467,-3.873871838185466
v13,PlantCAD2-S-88M 8192bp Angiosperm 2.6M 65sp,4096,200,2.6574517e-05,0.00013154486323194107,-4.5755346201683915,-3.8809261062523905
v13,PlantCAD2-S-88M 8192bp Angiosperm 2.6M 65sp,4096,201,2.6160833e-05,0.0001294971118014544,-4.582348431542581,-3.88773991762658
v13,PlantCAD2-S-88M 8192bp Angiosperm 2.6M 65sp,4096,202,2.5521706e-05,0.00012633340900291092,-4.593090298539331,-3.89848178462333
v13,PlantCAD2-S-88M 8192bp Angiosperm 2.6M 65sp,4096,203,2.4647643e-05,0.00012200676412763058,-4.60822460502919,-3.9136160911131896
v13,PlantCAD2-S-88M 8192bp Angiosperm 2.6M 65sp,4096,204,2.4307588e-05,0.00012032347902911544,-4.614258133310525,-3.919649619394524
v13,PlantCAD2-S-88M 8192bp Angiosperm 2.6M 65sp,4096,205,2.3969636e-05,0.00011865060386005927,-4.620338561059868,-3.9257300471438676
v13,PlantCAD2-S-88M 8192bp Angiosperm 2.6M 65sp,4096,206,2.379704e-05,0.00011779624713875442,-4.623477059397793,-3.9288685454817918
v13,PlantCAD2-S-88M 8192bp Angiosperm 2.6M 65sp,4096,207,2.3617715e-05,0.00011690858161320347,-4.626762122425081,-3.93215360850908
v13,PlantCAD2-S-88M 8192bp Angiosperm 2.6M 65sp,4096,208,2.3075047e-05,0.00011422235450923198,-4.636857405716141,-3.94224889180014
v13,PlantCAD2-S-88M 8192bp Angiosperm 2.6M 65sp,4096,209,2.2464405e-05,0.00011119965353695546,-4.64850507979247,-3.9538965658764686
v13,PlantCAD2-S-88M 8192bp Angiosperm 2.6M 65sp,4096,210,2.2194594e-05,0.00010986407889251419,-4.653752795003218,-3.959144281087217
v13,PlantCAD2-S-88M 8192bp Angiosperm 2.6M 65sp,4096,211,2.1418475e-05,0.00010602226051791454,-4.6692114542633725,-3.9746029403473715
v13,PlantCAD2-S-88M 8192bp Angiosperm 2.6M 65sp,4096,212,2.1156977e-05,0.00010472783553756867,-4.6745463860701575,-3.9799378721541565
v13,PlantCAD2-S-88M 8192bp Angiosperm 2.6M 65sp,4096,213,2.0625834e-05,0.00010209865761905362,-4.68558848184349,-3.9909799679274887
v13,PlantCAD2-S-88M 8192bp Angiosperm 2.6M 65sp,4096,214,2.0063722e-05,9.931618198041706e-05,-4.697588498328564,-4.002979984412564
v13,PlantCAD2-S-88M 8192bp Angiosperm 2.6M 65sp,4096,215,1.9916168e-05,9.858578410529007e-05,-4.700794218951849,-4.006185705035848
v13,PlantCAD2-S-88M 8192bp Angiosperm 2.6M 65sp,4096,216,1.9774077e-05,9.788242828657512e-05,-4.703903779039491,-4.00929526512349
v13,PlantCAD2-S-88M 8192bp Angiosperm 2.6M 65sp,4096,217,1.8844792e-05,9.32824324248067e-05,-4.724808651727285,-4.030200137811284
v13,PlantCAD2-S-88M 8192bp Angiosperm 2.6M 65sp,4096,218,1.8672208e-05,9.242813510395525e-05,-4.728804323426538,-4.034195809510537
v13,PlantCAD2-S-88M 8192bp Angiosperm 2.6M 65sp,4096,219,1.8568375e-05,9.191415783076674e-05,-4.731226101613633,-4.0366175876976325
v13,PlantCAD2-S-88M 8192bp Angiosperm 2.6M 65sp,4096,220,1.8464001e-05,9.139750258713725e-05,-4.733674185003215,-4.039065671087214
v13,PlantCAD2-S-88M 8192bp Angiosperm 2.6M 65sp,4096,221,1.7918657e-05,8.869802918205675e-05,-4.7466945437445505,-4.0520860298285495
v13,PlantCAD2-S-88M 8192bp Angiosperm 2.6M 65sp,4096,222,1.7653596e-05,8.738596721708777e-05,-4.753166816401581,-4.05855830248558
v13,PlantCAD2-S-88M 8192bp Angiosperm 2.6M 65sp,4096,223,1.6866528e-05,8.348995087879505e-05,-4.772974308378819,-4.078365794462818
v13,PlantCAD2-S-88M 8192bp Angiosperm 2.6M 65sp,4096,224,1.6511012e-05,8.173013324610708e-05,-4.782226306958513,-4.087617793042513
v13,PlantCAD2-S-88M 8192bp Angiosperm 2.6M 65sp,4096,225,1.6428276e-05,8.132058692003997e-05,-4.784408009478592,-4.089799495562592
v13,PlantCAD2-S-88M 8192bp Angiosperm 2.6M 65sp,4096,226,1.6052902e-05,7.946247143704448e-05,-4.794446445585541,-4.09983793166954
v13,PlantCAD2-S-88M 8192bp Angiosperm 2.6M 65sp,4096,227,1.592184e-05,7.881370958504527e-05,-4.798006744659216,-4.103398230743215
v13,PlantCAD2-S-88M 8192bp Angiosperm 2.6M 65sp,4096,228,1.5737614e-05,7.790178392431671e-05,-4.803061110933859,-4.108452597017858
v13,PlantCAD2-S-88M 8192bp Angiosperm 2.6M 65sp,4096,229,1.5484871e-05,7.665069652476657e-05,-4.8100924082743575,-4.115483894358357
v13,PlantCAD2-S-88M 8192bp Angiosperm 2.6M 65sp,4096,230,1.5118086e-05,7.483509691629477e-05,-4.8205031884813065,-4.125894674565306
v13,PlantCAD2-S-88M 8192bp Angiosperm 2.6M 65sp,4096,231,1.4658992e-05,7.256256427005307e-05,-4.83389589217024,-4.139287378254239
v13,PlantCAD2-S-88M 8192bp Angiosperm 2.6M 65sp,4096,232,1.447069e-05,7.163046225531839e-05,-4.839510760100863,-4.144902246184862
v13,PlantCAD2-S-88M 8192bp Angiosperm 2.6M 65sp,4096,233,1.4323765e-05,7.090317795395732e-05,-4.843942812767678,-4.149334298851677
v13,PlantCAD2-S-88M 8192bp Angiosperm 2.6M 65sp,4096,234,1.4038409e-05,6.949065497216941e-05,-4.85268210884961,-4.158073594933609
v13,PlantCAD2-S-88M 8192bp Angiosperm 2.6M 65sp,4096,235,1.3643402e-05,6.753535539736775e-05,-4.865077324283087,-4.170468810367087
v13,PlantCAD2-S-88M 8192bp Angiosperm 2.6M 65sp,4096,236,1.3585192e-05,6.724721369798216e-05,-4.866934219303412,-4.172325705387411
v13,PlantCAD2-S-88M 8192bp Angiosperm 2.6M 65sp,4096,237,1.3194097e-05,6.53112786709901e-05,-4.879620327409584,-4.185011813493583
v13,PlantCAD2-S-88M 8192bp Angiosperm 2.6M 65sp,4096,238,1.3124179e-05,6.496518192923367e-05,-4.881927854925572,-4.187319341009571
v13,PlantCAD2-S-88M 8192bp Angiosperm 2.6M 65sp,4096,239,1.2922049e-05,6.396463079202683e-05,-4.888668616461826,-4.194060102545825
v13,PlantCAD2-S-88M 8192bp Angiosperm 2.6M 65sp,4096,240,1.2763584e-05,6.318022305464259e-05,-4.894027359089045,-4.199418845173044
v13,PlantCAD2-S-88M 8192bp Angiosperm 2.6M 65sp,4096,241,1.2438016e-05,6.1568649153499e-05,-4.905248888854925,-4.210640374938924
v13,PlantCAD2-S-88M 8192bp Angiosperm 2.6M 65sp,4096,242,1.2037196e-05,5.958457500906105e-05,-4.919474667858241,-4.224866153942241
v13,PlantCAD2-S-88M 8192bp Angiosperm 2.6M 65sp,4096,243,1.182469e-05,5.853266227981119e-05,-4.927210236049275,-4.232601722133274
v13,PlantCAD2-S-88M 8192bp Angiosperm 2.6M 65sp,4096,244,1.1383875e-05,5.635061137421662e-05,-4.943709881643755,-4.2491013677277545
v13,PlantCAD2-S-88M 8192bp Angiosperm 2.6M 65sp,4096,245,1.1092784e-05,5.490969992573953e-05,-4.954959443562143,-4.260350929646143
v13,PlantCAD2-S-88M 8192bp Angiosperm 2.6M 65sp,4096,246,1.1018154e-05,5.4540278605946605e-05,-4.95789116181541,-4.263282647899409
v13,PlantCAD2-S-88M 8192bp Angiosperm 2.6M 65sp,4096,247,1.080139e-05,5.346728861581401e-05,-4.966520352801389,-4.271911838885388
v13,PlantCAD2-S-88M 8192bp Angiosperm 2.6M 65sp,4096,248,1.06220705e-05,5.2579650315470866e-05,-4.973790820440948,-4.279182306524947
v13,PlantCAD2-S-88M 8192bp Angiosperm 2.6M 65sp,4096,249,1.0249947e-05,5.0737624930291095e-05,-4.98927838023428,-4.29466986631828
v13,PlantCAD2-S-88M 8192bp Angiosperm 2.6M 65sp,4096,250,1.0125292e-05,5.0120577970371644e-05,-4.994592443455504,-4.299983929539503
v13,PlantCAD2-S-88M 8192bp Angiosperm 2.6M 65sp,4096,251,1.0080552e-05,4.989911327993167e-05,-4.996515685748609,-4.301907171832608
v13,PlantCAD2-S-88M 8192bp Angiosperm 2.6M 65sp,4096,252,9.615784e-06,4.759849411930561e-05,-5.017015300817801,-4.3224067869018
v13,PlantCAD2-S-88M 8192bp Angiosperm 2.6M 65sp,4096,253,9.533778e-06,4.7192561320820565e-05,-5.0207349651106234,-4.3261264511946225
v13,PlantCAD2-S-88M 8192bp Angiosperm 2.6M 65sp,4096,254,9.414259e-06,4.660093775495789e-05,-5.026213857790252,-4.3316053438742514
v13,PlantCAD2-S-88M 8192bp Angiosperm 2.6M 65sp,4096,255,9.227158e-06,4.567478073560136e-05,-5.034932042741934,-4.340323528825933
v13,PlantCAD2-S-88M 8192bp Angiosperm 2.6M 65sp,4096,256,9.1099855e-06,4.5094772433397984e-05,-5.040482314275629,-4.3458738003596284
v13,PlantCAD2-S-88M 8192bp Angiosperm 2.6M 65sp,4096,257,8.923566e-06,4.417198886479101e-05,-5.049461559901933,-4.354853045985932
v13,PlantCAD2-S-88M 8192bp Angiosperm 2.6M 65sp,4096,258,8.82843e-06,4.370106207020678e-05,-5.0541165221257796,-4.359508008209779
v13,PlantCAD2-S-88M 8192bp Angiosperm 2.6M 65sp,4096,259,8.689521e-06,4.301345727171935e-05,-5.0610041628827895,-4.366395648966789
v13,PlantCAD2-S-88M 8192bp Angiosperm 2.6M 65sp,4096,260,8.594838e-06,4.2544772844251125e-05,-5.065762304709228,-4.371153790793228
v13,PlantCAD2-S-88M 8192bp Angiosperm 2.6M 65sp,4096,261,8.394416e-06,4.1552676371578745e-05,-5.076009512366872,-4.381400998450871
v13,PlantCAD2-S-88M 8192bp Angiosperm 2.6M 65sp,4096,262,8.198762e-06,4.0584181679058756e-05,-5.0862517204405755,-4.3916432065245745
v13,PlantCAD2-S-88M 8192bp Angiosperm 2.6M 65sp,4096,263,7.994527e-06,3.957321071231737e-05,-5.097207226397639,-4.402598712481638
v13,PlantCAD2-S-88M 8192bp Angiosperm 2.6M 65sp,4096,264,7.8606845e-06,3.8910685280260745e-05,-5.104539634414878,-4.409931120498878
v13,PlantCAD2-S-88M 8192bp Angiosperm 2.6M 65sp,4096,265,7.5786984e-06,3.751484343079991e-05,-5.120405375665643,-4.425796861749642
v13,PlantCAD2-S-88M 8192bp Angiosperm 2.6M 65sp,4096,266,7.4096683e-06,3.667813804922773e-05,-5.130201233141317,-4.435592719225316
v13,PlantCAD2-S-88M 8192bp Angiosperm 2.6M 65sp,4096,267,7.2133557e-06,3.570638326182344e-05,-5.141862651653219,-4.447254137737219
v13,PlantCAD2-S-88M 8192bp Angiosperm 2.6M 65sp,4096,268,7.1172585e-06,3.523069849092158e-05,-5.147687260239563,-4.453078746323562
v13,PlantCAD2-S-88M 8192bp Angiosperm 2.6M 65sp,4096,269,6.9928083e-06,3.461466529874023e-05,-5.1553483772929125,-4.460739863376912
v13,PlantCAD2-S-88M 8192bp Angiosperm 2.6M 65sp,4096,270,6.7937394e-06,3.362926672219289e-05,-5.16789111618142,-4.47328260226542
v13,PlantCAD2-S-88M 8192bp Angiosperm 2.6M 65sp,4096,271,6.7101078e-06,3.321528714228676e-05,-5.173270502697016,-4.478661988781016
v13,PlantCAD2-S-88M 8192bp Angiosperm 2.6M 65sp,4096,272,6.6497714e-06,3.2916619682558036e-05,-5.177193284234492,-4.482584770318492
v13,PlantCAD2-S-88M 8192bp Angiosperm 2.6M 65sp,4096,273,6.4816822e-06,3.208457179153649e-05,-5.188312266449421,-4.4937037525334205
v13,PlantCAD2-S-88M 8192bp Angiosperm 2.6M 65sp,4096,274,6.3692664e-06,3.152810933405855e-05,-5.195910585997303,-4.501302072081302
v13,PlantCAD2-S-88M 8192bp Angiosperm 2.6M 65sp,4096,275,6.304162e-06,3.120584009417744e-05,-5.200372635175531,-4.50576412125953
v13,PlantCAD2-S-88M 8192bp Angiosperm 2.6M 65sp,4096,276,6.0488865e-06,2.9942216723940256e-05,-5.2183245644240674,-4.5237160505080665
v13,PlantCAD2-S-88M 8192bp Angiosperm 2.6M 65sp,4096,277,6.0058946e-06,2.9729405194549852e-05,-5.2214222936888275,-4.5268137797728265
v13,PlantCAD2-S-88M 8192bp Angiosperm 2.6M 65sp,4096,278,5.8841792e-06,2.9126909365699192e-05,-5.230314109502279,-4.535705595586278
v13,PlantCAD2-S-88M 8192bp Angiosperm 2.6M 65sp,4096,279,5.6781287e-06,2.8106951605361606e-05,-5.2457947680154495,-4.5511862540994485
v13,PlantCAD2-S-88M 8192bp Angiosperm 2.6M 65sp,4096,280,5.639094e-06,2.7913728365488615e-05,-5.248790665947017,-4.554182152031017
v13,PlantCAD2-S-88M 8192bp Angiosperm 2.6M 65sp,4096,281,5.561961e-06,2.7531917101123235e-05,-5.254772060697349,-4.560163546781348
v13,PlantCAD2-S-88M 8192bp Angiosperm 2.6M 65sp,4096,282,5.3605e-06,2.6534677539193658e-05,-5.270794699651736,-4.576186185735736
v13,PlantCAD2-S-88M 8192bp Angiosperm 2.6M 65sp,4096,283,5.333418e-06,2.6400620615937162e-05,-5.2729943776935615,-4.5783858637775605
v13,PlantCAD2-S-88M 8192bp Angiosperm 2.6M 65sp,4096,284,5.158303e-06,2.5533794749455324e-05,-5.287493150883019,-4.592884636967018
v13,PlantCAD2-S-88M 8192bp Angiosperm 2.6M 65sp,4096,285,5.076631e-06,2.5129515263590007e-05,-5.294424402576844,-4.599815888660843
v13,PlantCAD2-S-88M 8192bp Angiosperm 2.6M 65sp,4096,286,5.0206013e-06,2.4852166131584084e-05,-5.299244265796544,-4.604635751880544
v13,PlantCAD2-S-88M 8192bp Angiosperm 2.6M 65sp,4096,287,4.9692876e-06,2.4598161377765796e-05,-5.303705867517194,-4.609097353601193
v13,PlantCAD2-S-88M 8192bp Angiosperm 2.6M 65sp,4096,288,4.825569e-06,2.3886748877554185e-05,-5.316451470094155,-4.621842956178154
v13,PlantCAD2-S-88M 8192bp Angiosperm 2.6M 65sp,4096,289,4.7483177e-06,2.3504352023719e-05,-5.323460231010417,-4.628851717094416
v13,PlantCAD2-S-88M 8192bp Angiosperm 2.6M 65sp,4096,290,4.6955925e-06,2.3243360291569105e-05,-5.328309599724754,-4.633701085808753
v13,PlantCAD2-S-88M 8192bp Angiosperm 2.6M 65sp,4096,291,4.5948495e-06,2.2744678635132022e-05,-5.337728708954679,-4.643120195038678
v13,PlantCAD2-S-88M 8192bp Angiosperm 2.6M 65sp,4096,292,4.5258794e-06,2.2403274034190703e-05,-5.34429702276581,-4.649688508849809
v13,PlantCAD2-S-88M 8192bp Angiosperm 2.6M 65sp,4096,293,4.4333033e-06,2.1945018841328817e-05,-5.3532725558627545,-4.6586640419467535
v13,PlantCAD2-S-88M 8192bp Angiosperm 2.6M 65sp,4096,294,4.3228483e-06,2.1398262417937038e-05,-5.364230004722857,-4.669621490806856
v13,PlantCAD2-S-88M 8192bp Angiosperm 2.6M 65sp,4096,295,4.2550273e-06,2.1062545905412898e-05,-5.371097649163102,-4.676489135247101
v13,PlantCAD2-S-88M 8192bp Angiosperm 2.6M 65sp,4096,296,4.2237702e-06,2.090782207940593e-05,-5.37429971821733,-4.679691204301329
v13,PlantCAD2-S-88M 8192bp Angiosperm 2.6M 65sp,4096,297,4.081151e-06,2.020185165073365e-05,-5.3892173363089215,-4.694608822392921
v13,PlantCAD2-S-88M 8192bp Angiosperm 2.6M 65sp,4096,298,4.021956e-06,1.9908834164131178e-05,-5.395562684873471,-4.70095417095747
v13,PlantCAD2-S-88M 8192bp Angiosperm 2.6M 65sp,4096,299,3.92439e-06,1.9425878777732713e-05,-5.406227839612284,-4.711619325696283
v13,PlantCAD2-S-88M 8192bp Angiosperm 2.6M 65sp,4096,300,3.8624958e-06,1.911950014914464e-05,-5.41313197980991,-4.718523465893909
v13,PlantCAD2-S-88M 8192bp Angiosperm 2.6M 65sp,4096,301,3.807513e-06,1.8847333211694406e-05,-5.419358605176785,-4.724750091260784
v13,PlantCAD2-S-88M 8192bp Angiosperm 2.6M 65sp,4096,302,3.7474476e-06,1.8550007212205053e-05,-5.4262644311120924,-4.7316559171960915
v13,PlantCAD2-S-88M 8192bp Angiosperm 2.6M 65sp,4096,303,3.6606864e-06,1.8120535994051246e-05,-5.436437474227744,-4.741828960311743
v13,PlantCAD2-S-88M 8192bp Angiosperm 2.6M 65sp,4096,304,3.585394e-06,1.7747835769230425e-05,-5.445463112625539,-4.750854598709539
v13,PlantCAD2-S-88M 8192bp Angiosperm 2.6M 65sp,4096,305,3.5378257e-06,1.751237088692698e-05,-5.451263567523775,-4.756655053607774
v13,PlantCAD2-S-88M 8192bp Angiosperm 2.6M 65sp,4096,306,3.4454858e-06,1.705528489298959e-05,-5.462749535618499,-4.768141021702498
v13,PlantCAD2-S-88M 8192bp Angiosperm 2.6M 65sp,4096,307,3.351485e-06,1.6589977381297352e-05,-5.474762720006435,-4.780154206090434
v13,PlantCAD2-S-88M 8192bp Angiosperm 2.6M 65sp,4096,308,3.2754217e-06,1.6213461172349128e-05,-5.484732778056002,-4.790124264140001
v13,PlantCAD2-S-88M 8192bp Angiosperm 2.6M 65sp,4096,309,3.2077378e-06,1.5878423310005127e-05,-5.493801138102016,-4.799192624186015
v13,PlantCAD2-S-88M 8192bp Angiosperm 2.6M 65sp,4096,310,3.1587495e-06,1.5635929374048912e-05,-5.500484813816709,-4.805876299900708
v13,PlantCAD2-S-88M 8192bp Angiosperm 2.6M 65sp,4096,311,3.138886e-06,1.5537604298533614e-05,-5.503224456988708,-4.808615943072707
v13,PlantCAD2-S-88M 8192bp Angiosperm 2.6M 65sp,4096,312,3.1077627e-06,1.5383542787582098e-05,-5.507552150107632,-4.812943636191631
v13,PlantCAD2-S-88M 8192bp Angiosperm 2.6M 65sp,4096,313,3.0645615e-06,1.5169695215283579e-05,-5.513631658748929,-4.819023144832929
v13,PlantCAD2-S-88M 8192bp Angiosperm 2.6M 65sp,4096,314,2.9783384e-06,1.4742887612461145e-05,-5.5260259590676455,-4.831417445151645
v13,PlantCAD2-S-88M 8192bp Angiosperm 2.6M 65sp,4096,315,2.8933123e-06,1.432200520486573e-05,-5.5386046866954075,-4.8439961727794065
v13,PlantCAD2-S-88M 8192bp Angiosperm 2.6M 65sp,4096,316,2.8656175e-06,1.4184914898455422e-05,-5.542781779299962,-4.848173265383961
v13,PlantCAD2-S-88M 8192bp Angiosperm 2.6M 65sp,4096,317,2.8125542e-06,1.392224955853088e-05,-5.550899099624008,-4.856290585708007
v13,PlantCAD2-S-88M 8192bp Angiosperm 2.6M 65sp,4096,318,2.736593e-06,1.3546238748440369e-05,-5.562789788266765,-4.868181274350765
v13,PlantCAD2-S-88M 8192bp Angiosperm 2.6M 65sp,4096,319,2.6754233e-06,1.3243446422226543e-05,-5.572607495022089,-4.877998981106088
v13,PlantCAD2-S-88M 8192bp Angiosperm 2.6M 65sp,4096,320,2.6469545e-06,1.3102524786571696e-05,-5.577253523968301,-4.8826450100523004
v13,PlantCAD2-S-88M 8192bp Angiosperm 2.6M 65sp,4096,321,2.6016182e-06,1.2878108388601331e-05,-5.584756437904936,-4.890147923988935
v13,PlantCAD2-S-88M 8192bp Angiosperm 2.6M 65sp,4096,322,2.5663876e-06,1.270371558746108e-05,-5.590677751768976,-4.896069237852976
v13,PlantCAD2-S-88M 8192bp Angiosperm 2.6M 65sp,4096,323,2.479754e-06,1.2274875994128464e-05,-5.60559140052122,-4.910982886605219
v13,PlantCAD2-S-88M 8192bp Angiosperm 2.6M 65sp,4096,324,2.465641e-06,1.2205016110887975e-05,-5.608070156884208,-4.913461642968207
v13,PlantCAD2-S-88M 8192bp Angiosperm 2.6M 65sp,4096,325,2.328466e-06,1.1525994677917378e-05,-5.6329300992043825,-4.938321585288382
v13,PlantCAD2-S-88M 8192bp Angiosperm 2.6M 65sp,4096,326,2.290097e-06,1.1336066678196955e-05,-5.640146122169907,-4.945537608253906
v13,PlantCAD2-S-88M 8192bp Angiosperm 2.6M 65sp,4096,327,2.2235072e-06,1.100644465219203e-05,-5.652961459911828,-4.958352945995827
v13,PlantCAD2-S-88M 8192bp Angiosperm 2.6M 65sp,4096,328,2.196752e-06,1.0874005401283227e-05,-5.658218969529607,-4.963610455613606
v13,PlantCAD2-S-88M 8192bp Angiosperm 2.6M 65sp,4096,329,2.109525e-06,1.04422284555298e-05,-5.675815323423739,-4.981206809507738
v13,PlantCAD2-S-88M 8192bp Angiosperm 2.6M 65sp,4096,330,2.0824286e-06,1.0308100251729222e-05,-5.681429880272962,-4.986821366356961
v13,PlantCAD2-S-88M 8192bp Angiosperm 2.6M 65sp,4096,331,1.9996005e-06,9.898098027182242e-06,-5.699056763324122,-5.004448249408121
v13,PlantCAD2-S-88M 8192bp Angiosperm 2.6M 65sp,4096,332,1.9872537e-06,9.836980900675216e-06,-5.701746685745374,-5.007138171829373
v13,PlantCAD2-S-88M 8192bp Angiosperm 2.6M 65sp,4096,333,1.9610675e-06,9.707358221265304e-06,-5.707507457646335,-5.012898943730334
v13,PlantCAD2-S-88M 8192bp Angiosperm 2.6M 65sp,4096,334,1.8880535e-06,9.34593616253073e-06,-5.723985703668465,-5.029377189752464
v13,PlantCAD2-S-88M 8192bp Angiosperm 2.6M 65sp,4096,335,1.8325649e-06,9.07126549596953e-06,-5.736940635943165,-5.042332122027164
v13,PlantCAD2-S-88M 8192bp Angiosperm 2.6M 65sp,4096,336,1.8213779e-06,9.015889423283968e-06,-5.739599937314518,-5.044991423398517
v13,PlantCAD2-S-88M 8192bp Angiosperm 2.6M 65sp,4096,337,1.7747088e-06,8.78487561495557e-06,-5.750872897216259,-5.056264383300258
v13,PlantCAD2-S-88M 8192bp Angiosperm 2.6M 65sp,4096,338,1.7376303e-06,8.601335638994933e-06,-5.760042618997284,-5.065434105081284
v13,PlantCAD2-S-88M 8192bp Angiosperm 2.6M 65sp,4096,339,1.727529e-06,8.551333822331065e-06,-5.762574653398475,-5.067966139482474
v13,PlantCAD2-S-88M 8192bp Angiosperm 2.6M 65sp,4096,340,1.7211541e-06,8.51977782646415e-06,-5.764180244266521,-5.06957173035052
v13,PlantCAD2-S-88M 8192bp Angiosperm 2.6M 65sp,4096,341,1.6726393e-06,8.279627733398488e-06,-5.776597703334664,-5.081989189418663
v13,PlantCAD2-S-88M 8192bp Angiosperm 2.6M 65sp,4096,342,1.6167861e-06,8.003152283061376e-06,-5.7913474332379575,-5.096738919321957
v13,PlantCAD2-S-88M 8192bp Angiosperm 2.6M 65sp,4096,343,1.5833176e-06,7.837481943499675e-06,-5.800431960631931,-5.10582344671593
v13,PlantCAD2-S-88M 8192bp Angiosperm 2.6M 65sp,4096,344,1.5501103e-06,7.67310455380706e-06,-5.809637397973562,-5.115028884057562
v13,PlantCAD2-S-88M 8192bp Angiosperm 2.6M 65sp,4096,345,1.4976395e-06,7.413372111269325e-06,-5.824592714008075,-5.129984200092074
v13,PlantCAD2-S-88M 8192bp Angiosperm 2.6M 65sp,4096,346,1.4613378e-06,7.23367732465902e-06,-5.8352493817941795,-5.1406408678781785
v13,PlantCAD2-S-88M 8192bp Angiosperm 2.6M 65sp,4096,347,1.4521331e-06,7.188113711871963e-06,-5.837993575132946,-5.143385061216945
v13,PlantCAD2-S-88M 8192bp Angiosperm 2.6M 65sp,4096,348,1.3976639e-06,6.918489113827407e-06,-5.854597251998366,-5.159988738082365
v13,PlantCAD2-S-88M 8192bp Angiosperm 2.6M 65sp,4096,349,1.392038e-06,6.890640696260435e-06,-5.856348909147111,-5.16174039523111
v13,PlantCAD2-S-88M 8192bp Angiosperm 2.6M 65sp,4096,350,1.3401686e-06,6.633885206445781e-06,-5.872840561751906,-5.178232047835905
v13,PlantCAD2-S-88M 8192bp Angiosperm 2.6M 65sp,4096,351,1.329487e-06,6.5810108828560696e-06,-5.876315904933293,-5.181707391017292
v13,PlantCAD2-S-88M 8192bp Angiosperm 2.6M 65sp,4096,352,1.3077736e-06,6.473528732444815e-06,-5.883467433978949,-5.188858920062948
v13,PlantCAD2-S-88M 8192bp Angiosperm 2.6M 65sp,4096,353,1.2952077e-06,6.411327052659393e-06,-5.887660582369591,-5.19305206845359
v13,PlantCAD2-S-88M 8192bp Angiosperm 2.6M 65sp,4096,354,1.2552449e-06,6.213509682719409e-06,-5.9012715344677416,-5.2066630205517415
v13,PlantCAD2-S-88M 8192bp Angiosperm 2.6M 65sp,4096,355,1.2323475e-06,6.100166687572326e-06,-5.909266811609529,-5.214658297693528
v13,PlantCAD2-S-88M 8192bp Angiosperm 2.6M 65sp,4096,356,1.2294506e-06,6.085826923116905e-06,-5.910288916765378,-5.215680402849377
v13,PlantCAD2-S-88M 8192bp Angiosperm 2.6M 65sp,4096,357,1.2205279e-06,6.041659220984834e-06,-5.913452288612581,-5.21884377469658
v13,PlantCAD2-S-88M 8192bp Angiosperm 2.6M 65sp,4096,358,1.2129217e-06,6.004008243594924e-06,-5.916167234051409,-5.221558720135408
v13,PlantCAD2-S-88M 8192bp Angiosperm 2.6M 65sp,4096,359,1.1834633e-06,5.85818805054939e-06,-5.926845205292665,-5.232236691376665
v13,PlantCAD2-S-88M 8192bp Angiosperm 2.6M 65sp,4096,360,1.1642144e-06,5.762905268255913e-06,-5.933967033292108,-5.239358519376108
v13,PlantCAD2-S-88M 8192bp Angiosperm 2.6M 65sp,4096,361,1.1339952e-06,5.6133190864645875e-06,-5.945388783730524,-5.250780269814523
v13,PlantCAD2-S-88M 8192bp Angiosperm 2.6M 65sp,4096,362,1.1116446e-06,5.502682771977599e-06,-5.954034037330679,-5.259425523414678
v13,PlantCAD2-S-88M 8192bp Angiosperm 2.6M 65sp,4096,363,1.0726334e-06,5.309575857992524e-06,-5.969548683962681,-5.27494017004668
v13,PlantCAD2-S-88M 8192bp Angiosperm 2.6M 65sp,4096,364,1.0606833e-06,5.250422411474267e-06,-5.9744142688733595,-5.279805754957359
v13,PlantCAD2-S-88M 8192bp Angiosperm 2.6M 65sp,4096,365,1.0304046e-06,5.1005417024348155e-06,-5.9869922111739395,-5.292383697257939
v13,PlantCAD2-S-88M 8192bp Angiosperm 2.6M 65sp,4096,366,1.0187947e-06,5.043072258770551e-06,-5.991913323000473,-5.297304809084473
v13,PlantCAD2-S-88M 8192bp Angiosperm 2.6M 65sp,4096,367,1.0057679e-06,4.9785891065706505e-06,-5.997502229398463,-5.302893715482462
v13,PlantCAD2-S-88M 8192bp Angiosperm 2.6M 65sp,4096,368,9.764417e-07,4.833423308520114e-06,-6.010353681842739,-5.315745167926738
v13,PlantCAD2-S-88M 8192bp Angiosperm 2.6M 65sp,4096,369,9.628349e-07,4.766069134405703e-06,-6.016448176183964,-5.321839662267963
v13,PlantCAD2-S-88M 8192bp Angiosperm 2.6M 65sp,4096,370,9.480862e-07,4.693062512146155e-06,-6.023152174811259,-5.328543660895258
v13,PlantCAD2-S-88M 8192bp Angiosperm 2.6M 65sp,4096,371,9.265068e-07,4.586243666797909e-06,-6.033151388874344,-5.338542874958344
v13,PlantCAD2-S-88M 8192bp Angiosperm 2.6M 65sp,4096,372,9.0575423e-07,4.483517661190308e-06,-6.042989629072207,-5.348381115156206
v13,PlantCAD2-S-88M 8192bp Angiosperm 2.6M 65sp,4096,373,8.7126017e-07,4.312770760879218e-06,-6.059852139454505,-5.365243625538504
v13,PlantCAD2-S-88M 8192bp Angiosperm 2.6M 65sp,4096,374,8.599785e-07,4.256926068116678e-06,-6.065512406254199,-5.370903892338198
v13,PlantCAD2-S-88M 8192bp Angiosperm 2.6M 65sp,4096,375,8.403893e-07,4.159958787965428e-06,-6.075519485752686,-5.380910971836685
v13,PlantCAD2-S-88M 8192bp Angiosperm 2.6M 65sp,4096,376,8.30984e-07,4.113402197598975e-06,-6.0804073381636705,-5.3857988242476695
v13,PlantCAD2-S-88M 8192bp Angiosperm 2.6M 65sp,4096,377,8.1589235e-07,4.038697959881528e-06,-6.088367138899437,-5.393758624983436
v13,PlantCAD2-S-88M 8192bp Angiosperm 2.6M 65sp,4096,378,8.0311463e-07,3.975447763092776e-06,-6.095222462662203,-5.400613948746202
v13,PlantCAD2-S-88M 8192bp Angiosperm 2.6M 65sp,4096,379,7.964238e-07,3.942327901788875e-06,-6.098855770173726,-5.404247256257725
v13,PlantCAD2-S-88M 8192bp Angiosperm 2.6M 65sp,4096,380,7.8650305e-07,3.893219814446843e-06,-6.104299588875912,-5.409691074959911
v13,PlantCAD2-S-88M 8192bp Angiosperm 2.6M 65sp,4096,381,7.812064e-07,3.8670011968201355e-06,-6.107234207430652,-5.412625693514651
v13,PlantCAD2-S-88M 8192bp Angiosperm 2.6M 65sp,4096,382,7.6319805e-07,3.7778591838991506e-06,-6.117362747941438,-5.422754234025437
v13,PlantCAD2-S-88M 8192bp Angiosperm 2.6M 65sp,4096,383,7.476139e-07,3.700717052573262e-06,-6.126322632604629,-5.431714118688629
v13,PlantCAD2-S-88M 8192bp Angiosperm 2.6M 65sp,4096,384,7.3681883e-07,3.647281048196241e-06,-6.132639283923316,-5.438030770007315
v13,PlantCAD2-S-88M 8192bp Angiosperm 2.6M 65sp,4096,385,7.2432636e-07,3.585442849685272e-06,-6.140065709477967,-5.445457195561966
v13,PlantCAD2-S-88M 8192bp Angiosperm 2.6M 65sp,4096,386,7.1685895e-07,3.548478888039353e-06,-6.144566288213371,-5.449957774297371
v13,PlantCAD2-S-88M 8192bp Angiosperm 2.6M 65sp,4096,387,6.9913517e-07,3.460745507370458e-06,-6.155438850134274,-5.460830336218273
v13,PlantCAD2-S-88M 8192bp Angiosperm 2.6M 65sp,4096,388,6.695751e-07,3.314422043983462e-06,-6.174200705154686,-5.479592191238685
v13,PlantCAD2-S-88M 8192bp Angiosperm 2.6M 65sp,4096,389,6.5594134e-07,3.246934416850404e-06,-6.183134997291115,-5.488526483375114
v13,PlantCAD2-S-88M 8192bp Angiosperm 2.6M 65sp,4096,390,6.5161663e-07,3.225526938947125e-06,-6.186007840531311,-5.491399326615311
v13,PlantCAD2-S-88M 8192bp Angiosperm 2.6M 65sp,4096,391,6.293963e-07,3.1155354658822114e-06,-6.2010758144801645,-5.506467300564164
v13,PlantCAD2-S-88M 8192bp Angiosperm 2.6M 65sp,4096,392,6.172893e-07,3.0556053584357012e-06,-6.209511250962958,-5.514902737046958
v13,PlantCAD2-S-88M 8192bp Angiosperm 2.6M 65sp,4096,393,6.081614e-07,3.010421908550428e-06,-6.215981147985028,-5.521372634069027
v13,PlantCAD2-S-88M 8192bp Angiosperm 2.6M 65sp,4096,394,5.947821e-07,2.9441938680317946e-06,-6.225642110069725,-5.531033596153724
v13,PlantCAD2-S-88M 8192bp Angiosperm 2.6M 65sp,4096,395,5.8452116e-07,2.893401827336148e-06,-6.233199762509157,-5.538591248593156
v13,PlantCAD2-S-88M 8192bp Angiosperm 2.6M 65sp,4096,396,5.689409e-07,2.8162789516572383e-06,-6.244932844566145,-5.550324330650145
v13,PlantCAD2-S-88M 8192bp Angiosperm 2.6M 65sp,4096,397,5.665699e-07,2.8045424120722313e-06,-6.2467465018437185,-5.5521379879277175
v13,PlantCAD2-S-88M 8192bp Angiosperm 2.6M 65sp,4096,398,5.6329935e-07,2.788353065998953e-06,-6.249260749903609,-5.554652235987608
v13,PlantCAD2-S-88M 8192bp Angiosperm 2.6M 65sp,4096,399,5.506696e-07,2.725835326301046e-06,-6.259108898308385,-5.564500384392384
v13,PlantCAD2-S-88M 8192bp Angiosperm 2.6M 65sp,4096,400,5.3776927e-07,2.6619782053796416e-06,-6.26940401849564,-5.57479550457964
v13,PlantCAD2-S-88M 8192bp Angiosperm 2.6M 65sp,4096,401,5.2940766e-07,2.620587919947593e-06,-6.276209779181886,-5.581601265265885
v13,PlantCAD2-S-88M 8192bp Angiosperm 2.6M 65sp,4096,402,5.2444375e-07,2.5960163778930127e-06,-6.280301085877761,-5.58569257196176
v13,PlantCAD2-S-88M 8192bp Angiosperm 2.6M 65sp,4096,403,5.2010813e-07,2.574554895077514e-06,-6.283906357556562,-5.589297843640561
v13,PlantCAD2-S-88M 8192bp Angiosperm 2.6M 65sp,4096,404,5.0756233e-07,2.5124527110515434e-06,-6.294510617625821,-5.5999021037098204
v13,PlantCAD2-S-88M 8192bp Angiosperm 2.6M 65sp,4096,405,4.981053e-07,2.465640055230542e-06,-6.302678837210583,-5.608070323294583
v13,PlantCAD2-S-88M 8192bp Angiosperm 2.6M 65sp,4096,406,4.9267686e-07,2.4387690721243274e-06,-6.3074378351480895,-5.6128293212320886
v13,PlantCAD2-S-88M 8192bp Angiosperm 2.6M 65sp,4096,407,4.842196e-07,2.396905315578274e-06,-6.314957635382582,-5.620349121466581
v13,PlantCAD2-S-88M 8192bp Angiosperm 2.6M 65sp,4096,408,4.7447134e-07,2.3486510602535428e-06,-6.3237900155986795,-5.629181501682679
v13,PlantCAD2-S-88M 8192bp Angiosperm 2.6M 65sp,4096,409,4.6368427e-07,2.295254656178791e-06,-6.333777636836725,-5.639169122920724
v13,PlantCAD2-S-88M 8192bp Angiosperm 2.6M 65sp,4096,410,4.5956156e-07,2.274847085907807e-06,-6.337656305001292,-5.643047791085291
v13,PlantCAD2-S-88M 8192bp Angiosperm 2.6M 65sp,4096,411,4.5407415e-07,2.2476841990734916e-06,-6.342873221358025,-5.648264707442025
v13,PlantCAD2-S-88M 8192bp Angiosperm 2.6M 65sp,4096,412,4.430196e-07,2.1929637588923717e-06,-6.3535770593671215,-5.6589685454511205
v13,PlantCAD2-S-88M 8192bp Angiosperm 2.6M 65sp,4096,413,4.3707084e-07,2.163517172126575e-06,-6.359448167313905,-5.664839653397904
v13,PlantCAD2-S-88M 8192bp Angiosperm 2.6M 65sp,4096,414,4.3641896e-07,2.160290341496177e-06,-6.360096389970707,-5.665487876054706
v13,PlantCAD2-S-88M 8192bp Angiosperm 2.6M 65sp,4096,415,4.2515566e-07,2.104536580927722e-06,-6.371452034885902,-5.676843520969901
v13,PlantCAD2-S-88M 8192bp Angiosperm 2.6M 65sp,4096,416,4.1920302e-07,2.075070788015325e-06,-6.3775755972919566,-5.682967083375956
v13,PlantCAD2-S-88M 8192bp Angiosperm 2.6M 65sp,4096,417,4.1220554e-07,2.040432997625071e-06,-6.384886175644478,-5.690277661728477
v13,PlantCAD2-S-88M 8192bp Angiosperm 2.6M 65sp,4096,418,4.10029e-07,2.0296590423874707e-06,-6.387185425976412,-5.692576912060411
v13,PlantCAD2-S-88M 8192bp Angiosperm 2.6M 65sp,4096,419,4.037018e-07,1.9983391633228338e-06,-6.393939314180657,-5.699330800264657
v13,PlantCAD2-S-88M 8192bp Angiosperm 2.6M 65sp,4096,420,3.9963132e-07,1.9781901335252892e-06,-6.398340482482728,-5.703731968566727
v13,PlantCAD2-S-88M 8192bp Angiosperm 2.6M 65sp,4096,421,3.9221993e-07,1.9415034729960094e-06,-6.4064703421595315,-5.7118618282435305
v13,PlantCAD2-S-88M 8192bp Angiosperm 2.6M 65sp,4096,422,3.8713125e-07,1.9163143147271645e-06,-6.412141770156691,-5.71753325624069
v13,PlantCAD2-S-88M 8192bp Angiosperm 2.6M 65sp,4096,423,3.845138e-07,1.9033578383303801e-06,-6.4150880689801015,-5.7204795550641006
v13,PlantCAD2-S-88M 8192bp Angiosperm 2.6M 65sp,4096,424,3.7859917e-07,1.874080196354139e-06,-6.421820342471575,-5.727211828555575
v13,PlantCAD2-S-88M 8192bp Angiosperm 2.6M 65sp,4096,425,3.719178e-07,1.8410071624076708e-06,-6.429553035793258,-5.7349445218772575
v13,PlantCAD2-S-88M 8192bp Angiosperm 2.6M 65sp,4096,426,3.7075685e-07,1.8352604160427557e-06,-6.430910816321916,-5.736302302405916
v13,PlantCAD2-S-88M 8192bp Angiosperm 2.6M 65sp,4096,427,3.617003e-07,1.7904301513533453e-06,-6.4416511310274585,-5.7470426171114575
v13,PlantCAD2-S-88M 8192bp Angiosperm 2.6M 65sp,4096,428,3.535178e-07,1.7499264671887242e-06,-6.451588714124065,-5.756980200208064
v13,PlantCAD2-S-88M 8192bp Angiosperm 2.6M 65sp,4096,429,3.5163873e-07,1.7406249996906227e-06,-6.453903297139369,-5.7592947832233685
v13,PlantCAD2-S-88M 8192bp Angiosperm 2.6M 65sp,4096,430,3.457182e-07,1.711318152491458e-06,-6.461277756843148,-5.766669242927148
v13,PlantCAD2-S-88M 8192bp Angiosperm 2.6M 65sp,4096,431,3.3967976e-07,1.6814276463372246e-06,-6.468930330027796,-5.774321816111795
v13,PlantCAD2-S-88M 8192bp Angiosperm 2.6M 65sp,4096,432,3.36225e-07,1.664326453803822e-06,-6.473369997742508,-5.778761483826507
v13,PlantCAD2-S-88M 8192bp Angiosperm 2.6M 65sp,4096,433,3.3156408e-07,1.6412547236973062e-06,-6.479432524873166,-5.784824010957165
v13,PlantCAD2-S-88M 8192bp Angiosperm 2.6M 65sp,4096,434,3.2818002e-07,1.6245034988352065e-06,-6.483887862855998,-5.789279348939997
v13,PlantCAD2-S-88M 8192bp Angiosperm 2.6M 65sp,4096,435,3.1646212e-07,1.5664994510903102e-06,-6.499678266877333,-5.805069752961332
v13,PlantCAD2-S-88M 8192bp Angiosperm 2.6M 65sp,4096,436,3.1446342e-07,1.556605810572152e-06,-6.50242986664514,-5.807821352729139
v13,PlantCAD2-S-88M 8192bp Angiosperm 2.6M 65sp,4096,437,3.1364576e-07,1.5525583626779822e-06,-6.503560579068938,-5.808952065152938
v13,PlantCAD2-S-88M 8192bp Angiosperm 2.6M 65sp,4096,438,3.1076127e-07,1.5382800281914554e-06,-6.507573112372372,-5.812964598456372
v13,PlantCAD2-S-88M 8192bp Angiosperm 2.6M 65sp,4096,439,3.035725e-07,1.5026953450735688e-06,-6.517737572826578,-5.823129058910577
v13,PlantCAD2-S-88M 8192bp Angiosperm 2.6M 65sp,4096,440,3.0106028e-07,1.4902597611527569e-06,-6.521346538790499,-5.826738024874499
v13,PlantCAD2-S-88M 8192bp Angiosperm 2.6M 65sp,4096,441,2.9331403e-07,1.4519155309712478e-06,-6.532667163047908,-5.838058649131907
v13,PlantCAD2-S-88M 8192bp Angiosperm 2.6M 65sp,4096,442,2.924085e-07,1.44743312325703e-06,-6.534010007058084,-5.839401493142083
v13,PlantCAD2-S-88M 8192bp Angiosperm 2.6M 65sp,4096,443,2.9182124e-07,1.4445261640682102e-06,-6.5348831014792665,-5.840274587563266
v13,PlantCAD2-S-88M 8192bp Angiosperm 2.6M 65sp,4096,444,2.8819227e-07,1.4265626254525202e-06,-6.540317672173547,-5.845709158257546
v13,PlantCAD2-S-88M 8192bp Angiosperm 2.6M 65sp,4096,445,2.7891795e-07,1.3806543910349668e-06,-6.554523535446754,-5.859915021530753
v13,PlantCAD2-S-88M 8192bp Angiosperm 2.6M 65sp,4096,446,2.7640493e-07,1.3682148470839279e-06,-6.558454215086908,-5.863845701170907
v13,PlantCAD2-S-88M 8192bp Angiosperm 2.6M 65sp,4096,447,2.7114788e-07,1.3421922509534515e-06,-6.56679378679519,-5.8721852728791895
v13,PlantCAD2-S-88M 8192bp Angiosperm 2.6M 65sp,4096,448,2.655606e-07,1.3145350038456846e-06,-6.575836358791517,-5.881227844875516
v13,PlantCAD2-S-88M 8192bp Angiosperm 2.6M 65sp,4096,449,2.597827e-07,1.2859341805356003e-06,-6.585389773758379,-5.890781259842379
v13,PlantCAD2-S-88M 8192bp Angiosperm 2.6M 65sp,4096,450,2.5880325e-07,1.2810858660284155e-06,-6.58703027418493,-5.892421760268929
v13,PlantCAD2-S-88M 8192bp Angiosperm 2.6M 65sp,4096,451,2.5306016e-07,1.2526573535335796e-06,-6.596776221708844,-5.902167707792844
v13,PlantCAD2-S-88M 8192bp Angiosperm 2.6M 65sp,4096,452,2.5131038e-07,1.2439958764205247e-06,-6.59978957315186,-5.90518105923586
v13,PlantCAD2-S-88M 8192bp Angiosperm 2.6M 65sp,4096,453,2.4838195e-07,1.2295000372737844e-06,-6.6048799676751,-5.9102714537591
v13,PlantCAD2-S-88M 8192bp Angiosperm 2.6M 65sp,4096,454,2.4536826e-07,1.2145821579056114e-06,-6.610181616826519,-5.915573102910518
v13,PlantCAD2-S-88M 8192bp Angiosperm 2.6M 65sp,4096,455,2.442791e-07,1.2091907747531836e-06,-6.61211368874885,-5.917505174832849
v13,PlantCAD2-S-88M 8192bp Angiosperm 2.6M 65sp,4096,456,2.3944665e-07,1.1852699646656404e-06,-6.620791234615075,-5.926182720699074
v13,PlantCAD2-S-88M 8192bp Angiosperm 2.6M 65sp,4096,457,2.3685773e-07,1.1724547128468231e-06,-6.625512437232989,-5.930903923316988
v13,PlantCAD2-S-88M 8192bp Angiosperm 2.6M 65sp,4096,458,2.3218308e-07,1.149315018721538e-06,-6.634169432015077,-5.939560918099076
v13,PlantCAD2-S-88M 8192bp Angiosperm 2.6M 65sp,4096,459,2.307498e-07,1.1422202285670046e-06,-6.636858666722133,-5.942250152806132
v13,PlantCAD2-S-88M 8192bp Angiosperm 2.6M 65sp,4096,460,2.2795626e-07,1.1283921000168996e-06,-6.6421484769600365,-5.9475399630440355
v13,PlantCAD2-S-88M 8192bp Angiosperm 2.6M 65sp,4096,461,2.2062774e-07,1.0921156491187498e-06,-6.656339883684006,-5.961731369768005
v13,PlantCAD2-S-88M 8192bp Angiosperm 2.6M 65sp,4096,462,2.1654276e-07,1.0718948437733427e-06,-6.6644563321124455,-5.9698478181964445
v13,PlantCAD2-S-88M 8192bp Angiosperm 2.6M 65sp,4096,463,2.1492345e-07,1.063879198089919e-06,-6.667716196653796,-5.973107682737795
v13,PlantCAD2-S-88M 8192bp Angiosperm 2.6M 65sp,4096,464,2.121419e-07,1.0501104204928398e-06,-6.673373545808563,-5.9787650318925625
v13,PlantCAD2-S-88M 8192bp Angiosperm 2.6M 65sp,4096,465,2.1059093e-07,1.04243306039155e-06,-6.676560337498945,-5.9819518235829445
v13,PlantCAD2-S-88M 8192bp Angiosperm 2.6M 65sp,4096,466,2.08231e-07,1.0307513177248083e-06,-6.681454615234991,-5.986846101318991
v13,PlantCAD2-S-88M 8192bp Angiosperm 2.6M 65sp,4096,467,2.0556278e-07,1.0175435279097486e-06,-6.687055517614148,-5.992447003698147
v13,PlantCAD2-S-88M 8192bp Angiosperm 2.6M 65sp,4096,468,2.02639e-07,1.0030707064387023e-06,-6.6932769664051985,-5.9986684524891976
v13,PlantCAD2-S-88M 8192bp Angiosperm 2.6M 65sp,4096,469,2.0168311e-07,9.983390148217002e-07,-6.695330470359055,-6.000721956443054
v13,PlantCAD2-S-88M 8192bp Angiosperm 2.6M 65sp,4096,470,1.9646458e-07,9.725070941466497e-07,-6.706715735859123,-6.012107221943122
v13,PlantCAD2-S-88M 8192bp Angiosperm 2.6M 65sp,4096,471,1.9487958e-07,9.646612842595828e-07,-6.710233665027714,-6.015625151111713
v13,PlantCAD2-S-88M 8192bp Angiosperm 2.6M 65sp,4096,472,1.9213836e-07,9.510921416863176e-07,-6.716385920545931,-6.021777406629931
v13,PlantCAD2-S-88M 8192bp Angiosperm 2.6M 65sp,4096,473,1.8909377e-07,9.360213061506299e-07,-6.723322779453177,-6.028714265537177
v13,PlantCAD2-S-88M 8192bp Angiosperm 2.6M 65sp,4096,474,1.8710256e-07,9.261647414154713e-07,-6.727920270296528,-6.033311756380527
v13,PlantCAD2-S-88M 8192bp Angiosperm 2.6M 65sp,4096,475,1.8316186e-07,9.066581275214875e-07,-6.7371649548820844,-6.0425564409660835
v13,PlantCAD2-S-88M 8192bp Angiosperm 2.6M 65sp,4096,476,1.82894e-07,9.05332210400762e-07,-6.737800541705831,-6.04319202778983
v13,PlantCAD2-S-88M 8192bp Angiosperm 2.6M 65sp,4096,477,1.8150978e-07,8.984802690998941e-07,-6.741099969605262,-6.046491455689262
v13,PlantCAD2-S-88M 8192bp Angiosperm 2.6M 65sp,4096,478,1.7968354e-07,8.894403120979023e-07,-6.745491704830829,-6.050883190914828
v13,PlantCAD2-S-88M 8192bp Angiosperm 2.6M 65sp,4096,479,1.757164e-07,8.698028192049191e-07,-6.755187702949117,-6.060579189033116
v13,PlantCAD2-S-88M 8192bp Angiosperm 2.6M 65sp,4096,480,1.7352242e-07,8.589425353083721e-07,-6.760644404139798,-6.066035890223797
v13,PlantCAD2-S-88M 8192bp Angiosperm 2.6M 65sp,4096,481,1.6972419e-07,8.401411532974231e-07,-6.770256255296787,-6.075647741380786
v13,PlantCAD2-S-88M 8192bp Angiosperm 2.6M 65sp,4096,482,1.6768503e-07,8.300472342505391e-07,-6.775505707093315,-6.080897193177315
v13,PlantCAD2-S-88M 8192bp Angiosperm 2.6M 65sp,4096,483,1.65712e-07,8.20280661202287e-07,-6.780646041097367,-6.086037527181366
v13,PlantCAD2-S-88M 8192bp Angiosperm 2.6M 65sp,4096,484,1.6386973e-07,8.111613550946235e-07,-6.785501261853937,-6.090892747937936
v13,PlantCAD2-S-88M 8192bp Angiosperm 2.6M 65sp,4096,485,1.6311141e-07,8.074076424425348e-07,-6.787515658047907,-6.092907144131906
v13,PlantCAD2-S-88M 8192bp Angiosperm 2.6M 65sp,4096,486,1.60118e-07,7.925901498406138e-07,-6.7955598432133755,-6.1009513292973745
v13,PlantCAD2-S-88M 8192bp Angiosperm 2.6M 65sp,4096,487,1.561348e-07,7.728731593408253e-07,-6.806500288714842,-6.111891774798842
v13,PlantCAD2-S-88M 8192bp Angiosperm 2.6M 65sp,4096,488,1.530167e-07,7.574384465276624e-07,-6.815261168384635,-6.120652654468634
v13,PlantCAD2-S-88M 8192bp Angiosperm 2.6M 65sp,4096,489,1.5230822e-07,7.539314437587102e-07,-6.817276657371071,-6.12266814345507
v13,PlantCAD2-S-88M 8192bp Angiosperm 2.6M 65sp,4096,490,1.4981968e-07,7.416130767326148e-07,-6.824431134874024,-6.129822620958023
v13,PlantCAD2-S-88M 8192bp Angiosperm 2.6M 65sp,4096,491,1.4456411e-07,7.155978066580583e-07,-6.83993951315225,-6.14533099923625
v13,PlantCAD2-S-88M 8192bp Angiosperm 2.6M 65sp,4096,492,1.4407568e-07,7.131800597033957e-07,-6.841409321983977,-6.146800808067977
v13,PlantCAD2-S-88M 8192bp Angiosperm 2.6M 65sp,4096,493,1.418551e-07,7.021881048018039e-07,-6.848155045754333,-6.153546531838332
v13,PlantCAD2-S-88M 8192bp Angiosperm 2.6M 65sp,4096,494,1.4133738e-07,6.996253712404586e-07,-6.84974296355256,-6.155134449636559
v13,PlantCAD2-S-88M 8192bp Angiosperm 2.6M 65sp,4096,495,1.4007126e-07,6.933580294018385e-07,-6.8536509646701145,-6.1590424507541135
v13,PlantCAD2-S-88M 8192bp Angiosperm 2.6M 65sp,4096,496,1.3625204e-07,6.74452746097811e-07,-6.865656986635829,-6.1710484727198285
v13,PlantCAD2-S-88M 8192bp Angiosperm 2.6M 65sp,4096,497,1.344814e-07,6.656880111965894e-07,-6.871337778382462,-6.176729264466462
v13,PlantCAD2-S-88M 8192bp Angiosperm 2.6M 65sp,4096,498,1.3291998e-07,6.579589232004609e-07,-6.876409732740079,-6.181801218824078
v13,PlantCAD2-S-88M 8192bp Angiosperm 2.6M 65sp,4096,499,1.3109629e-07,6.489315887948172e-07,-6.882409598587005,-6.187801084671005
v13,PlantCAD2-S-88M 8192bp Angiosperm 2.6M 65sp,4096,500,1.3010533e-07,6.44026299352743e-07,-6.885704911415561,-6.19109639749956
v13,PlantCAD2-S-88M 8192bp Angiosperm 2.6M 65sp,4096,501,1.287954e-07,6.375420963588215e-07,-6.8900996477703975,-6.1954911338543965
v13,PlantCAD2-S-88M 8192bp Angiosperm 2.6M 65sp,4096,502,1.2580936e-07,6.227610855353659e-07,-6.9002870469262625,-6.2056785330102615
v13,PlantCAD2-S-88M 8192bp Angiosperm 2.6M 65sp,4096,503,1.2435338e-07,6.155539295231441e-07,-6.9053424058472075,-6.210733891931207
v13,PlantCAD2-S-88M 8192bp Angiosperm 2.6M 65sp,4096,504,1.238262e-07,6.129443686043656e-07,-6.907187454576251,-6.212578940660251
v13,PlantCAD2-S-88M 8192bp Angiosperm 2.6M 65sp,4096,505,1.2090311e-07,5.9847496265939e-07,-6.917562527605175,-6.222954013689174
v13,PlantCAD2-S-88M 8192bp Angiosperm 2.6M 65sp,4096,506,1.1958484e-07,5.91949476350353e-07,-6.922323873204256,-6.227715359288255
v13,PlantCAD2-S-88M 8192bp Angiosperm 2.6M 65sp,4096,507,1.1608572e-07,5.746287001408682e-07,-6.935221200645844,-6.240612686729843
v13,PlantCAD2-S-88M 8192bp Angiosperm 2.6M 65sp,4096,508,1.1413986e-07,5.649966196191976e-07,-6.9425626644773075,-6.2479541505613065
v13,PlantCAD2-S-88M 8192bp Angiosperm 2.6M 65sp,4096,509,1.1334136e-07,5.610440144489623e-07,-6.945611580498548,-6.251003066582547
v13,PlantCAD2-S-88M 8192bp Angiosperm 2.6M 65sp,4096,510,1.1252957e-07,5.570256232765825e-07,-6.948733340660264,-6.254124826744264
v13,PlantCAD2-S-88M 8192bp Angiosperm 2.6M 65sp,4096,511,1.0908222e-07,5.399611105231566e-07,-6.962246032043765,-6.267637518127765
v13,PlantCAD2-S-88M 8192bp Angiosperm 2.6M 65sp,4096,512,1.0742625e-07,5.31763996454585e-07,-6.968889584211953,-6.274281070295952
v13,PlantCAD2-S-88M 8192bp Angiosperm 2.6M 65sp,4096,513,1.0709021e-07,5.30100585757771e-07,-6.970250229796672,-6.275641715880672
v13,PlantCAD2-S-88M 8192bp Angiosperm 2.6M 65sp,4096,514,1.0586944e-07,5.240577281326389e-07,-6.975229384129711,-6.28062087021371
v13,PlantCAD2-S-88M 8192bp Angiosperm 2.6M 65sp,4096,515,1.0480021e-07,5.187649992332392e-07,-6.979637847106588,-6.285029333190587
v13,PlantCAD2-S-88M 8192bp Angiosperm 2.6M 65sp,4096,516,1.0394695e-07,5.145413299939719e-07,-6.983188249166593,-6.288579735250592
v13,PlantCAD2-S-88M 8192bp Angiosperm 2.6M 65sp,4096,517,1.0348285e-07,5.122440174585853e-07,-6.985131618975314,-6.290523105059313
v13,PlantCAD2-S-88M 8192bp Angiosperm 2.6M 65sp,4096,518,1.02709e-07,5.084134307197167e-07,-6.988391499157522,-6.2937829852415215
v13,PlantCAD2-S-88M 8192bp Angiosperm 2.6M 65sp,4096,519,1.00400875e-07,4.969881247603564e-07,-6.998262502270523,-6.303653988354523
v13,PlantCAD2-S-88M 8192bp Angiosperm 2.6M 65sp,4096,520,9.9667375e-08,4.933572720460575e-07,-7.00144697986515,-6.306838465949149
v13,PlantCAD2-S-88M 8192bp Angiosperm 2.6M 65sp,4096,521,9.8700994e-08,4.885736495826673e-07,-7.005678473606541,-6.31106995969054
v13,PlantCAD2-S-88M 8192bp Angiosperm 2.6M 65sp,4096,522,9.6736535e-08,4.788495033082588e-07,-7.014409472636319,-6.319800958720318
v13,PlantCAD2-S-88M 8192bp Angiosperm 2.6M 65sp,4096,523,9.472958e-08,4.689150002281968e-07,-7.023514388210346,-6.328905874294346
v13,PlantCAD2-S-88M 8192bp Angiosperm 2.6M 65sp,4096,524,9.401847e-08,4.6539497885987367e-07,-7.026786820537299,-6.332178306621298
v13,PlantCAD2-S-88M 8192bp Angiosperm 2.6M 65sp,4096,525,9.1489504e-08,4.5287650160633676e-07,-7.0386287268772385,-6.344020212961238
v13,PlantCAD2-S-88M 8192bp Angiosperm 2.6M 65sp,4096,526,9.106059e-08,4.507533611004053e-07,-7.0406695401368316,-6.346061026220831
v13,PlantCAD2-S-88M 8192bp Angiosperm 2.6M 65sp,4096,527,9.012488e-08,4.46121561245877e-07,-7.045155300529075,-6.350546786613075
v13,PlantCAD2-S-88M 8192bp Angiosperm 2.6M 65sp,4096,528,8.8697206e-08,4.3905452100315884e-07,-7.052090060415104,-6.357481546499103
v13,PlantCAD2-S-88M 8192bp Angiosperm 2.6M 65sp,4096,529,8.8019924e-08,4.3570194951298067e-07,-7.055419010760518,-6.360810496844517
v13,PlantCAD2-S-88M 8192bp Angiosperm 2.6M 65sp,4096,530,8.6945015e-08,4.303811093490077e-07,-7.060755313259373,-6.366146799343372
v13,PlantCAD2-S-88M 8192bp Angiosperm 2.6M 65sp,4096,531,8.433524e-08,4.174626244922128e-07,-7.0739909148230735,-6.3793824009070725
v13,PlantCAD2-S-88M 8192bp Angiosperm 2.6M 65sp,4096,532,8.4035776e-08,4.1598026637737325e-07,-7.075535785228421,-6.38092727131242
v13,PlantCAD2-S-88M 8192bp Angiosperm 2.6M 65sp,4096,533,8.194122e-08,4.0561213503742674e-07,-7.086497574245171,-6.39188906032917
v13,PlantCAD2-S-88M 8192bp Angiosperm 2.6M 65sp,4096,534,8.11664e-08,4.0177674676190803e-07,-7.090623716011541,-6.39601520209554
v13,PlantCAD2-S-88M 8192bp Angiosperm 2.6M 65sp,4096,535,8.0984094e-08,4.008743251737241e-07,-7.091600272064192,-6.396991758148192
v13,PlantCAD2-S-88M 8192bp Angiosperm 2.6M 65sp,4096,536,8.017598e-08,3.968741303402369e-07,-7.095955722936895,-6.401347209020894
v13,PlantCAD2-S-88M 8192bp Angiosperm 2.6M 65sp,4096,537,7.828402e-08,3.8750885685510436e-07,-7.106326880778598,-6.411718366862597
v13,PlantCAD2-S-88M 8192bp Angiosperm 2.6M 65sp,4096,538,7.76525e-08,3.8438280899398107e-07,-7.10984455772387,-6.415236043807869
v13,PlantCAD2-S-88M 8192bp Angiosperm 2.6M 65sp,4096,539,7.57335e-08,3.7488368648717895e-07,-7.120711971928031,-6.42610345801203
v13,PlantCAD2-S-88M 8192bp Angiosperm 2.6M 65sp,4096,540,7.521418e-08,3.723130328653799e-07,-7.123700274897581,-6.42909176098158
v13,PlantCAD2-S-88M 8192bp Angiosperm 2.6M 65sp,4096,541,7.383196e-08,3.654709916400792e-07,-7.131755602309136,-6.437147088393135
v13,PlantCAD2-S-88M 8192bp Angiosperm 2.6M 65sp,4096,542,7.3695276e-08,3.6479440067566034e-07,-7.132560350307664,-6.4379518363916635
v13,PlantCAD2-S-88M 8192bp Angiosperm 2.6M 65sp,4096,543,7.2794805e-08,3.6033703520258974e-07,-7.137899612999284,-6.443291099083283
v13,PlantCAD2-S-88M 8192bp Angiosperm 2.6M 65sp,4096,544,7.124485e-08,3.5266469938965044e-07,-7.147246523563912,-6.452638009647912
v13,PlantCAD2-S-88M 8192bp Angiosperm 2.6M 65sp,4096,545,7.0603406e-08,3.494895273535623e-07,-7.151174347512993,-6.456565833596992
v13,PlantCAD2-S-88M 8192bp Angiosperm 2.6M 65sp,4096,546,6.954892e-08,3.442697818112446e-07,-7.157709609621356,-6.463101095705355
v13,PlantCAD2-S-88M 8192bp Angiosperm 2.6M 65sp,4096,547,6.839947e-08,3.3857996088084144e-07,-7.164947263440222,-6.470338749524222
v13,PlantCAD2-S-88M 8192bp Angiosperm 2.6M 65sp,4096,548,6.801852e-08,3.366942439871644e-07,-7.167372822018497,-6.472764308102497
v13,PlantCAD2-S-88M 8192bp Angiosperm 2.6M 65sp,4096,549,6.645216e-08,3.2894070280438456e-07,-7.177490897929152,-6.482882384013151
v13,PlantCAD2-S-88M 8192bp Angiosperm 2.6M 65sp,4096,550,6.53369e-08,3.23420123665804e-07,-7.184841475076869,-6.490232961160868
v13,PlantCAD2-S-88M 8192bp Angiosperm 2.6M 65sp,4096,551,6.449772e-08,3.192661509585303e-07,-7.190455637441015,-6.495847123525014
v13,PlantCAD2-S-88M 8192bp Angiosperm 2.6M 65sp,4096,552,6.3170766e-08,3.1269767852138015e-07,-7.199483856878686,-6.504875342962685
v13,PlantCAD2-S-88M 8192bp Angiosperm 2.6M 65sp,4096,553,6.1856234e-08,3.061906954535784e-07,-7.208616524727386,-6.514008010811385
v13,PlantCAD2-S-88M 8192bp Angiosperm 2.6M 65sp,4096,554,6.153389e-08,3.0459508047424926e-07,-7.210885629164633,-6.5162771152486325
v13,PlantCAD2-S-88M 8192bp Angiosperm 2.6M 65sp,4096,555,6.0512725e-08,2.9954027514092017e-07,-7.2181532895429275,-6.5235447756269265
v13,PlantCAD2-S-88M 8192bp Angiosperm 2.6M 65sp,4096,556,5.971596e-08,2.9559625828623954e-07,-7.223909581540722,-6.529301067624721
v13,PlantCAD2-S-88M 8192bp Angiosperm 2.6M 65sp,4096,557,5.9079643e-08,2.924464650938681e-07,-7.228562137659318,-6.533953623743317
v13,PlantCAD2-S-88M 8192bp Angiosperm 2.6M 65sp,4096,558,5.8298138e-08,2.8857798581576574e-07,-7.234345316068415,-6.539736802152414
v13,PlantCAD2-S-88M 8192bp Angiosperm 2.6M 65sp,4096,559,5.7304423e-08,2.836590590195975e-07,-7.241811856036789,-6.547203342120789
v13,PlantCAD2-S-88M 8192bp Angiosperm 2.6M 65sp,4096,560,5.6988295e-08,2.820942134751315e-07,-7.24421433623846,-6.549605822322459
v13,PlantCAD2-S-88M 8192bp Angiosperm 2.6M 65sp,4096,561,5.5488986e-08,2.746725772757823e-07,-7.255793211365836,-6.561184697449836
v13,PlantCAD2-S-88M 8192bp Angiosperm 2.6M 65sp,4096,562,5.465567e-08,2.7054763159007193e-07,-7.2623647775023805,-6.5677562635863795
v13,PlantCAD2-S-88M 8192bp Angiosperm 2.6M 65sp,4096,563,5.3931092e-08,2.6696094311287877e-07,-7.2681607860019755,-6.5735522720859745
v13,PlantCAD2-S-88M 8192bp Angiosperm 2.6M 65sp,4096,564,5.3488137e-08,2.6476829912642727e-07,-7.2717425283848485,-6.5771340144688475
v13,PlantCAD2-S-88M 8192bp Angiosperm 2.6M 65sp,4096,565,5.279132e-08,2.613190286481457e-07,-7.277437478716052,-6.5828289648000515
v13,PlantCAD2-S-88M 8192bp Angiosperm 2.6M 65sp,4096,566,5.2446126e-08,2.596103053054604e-07,-7.2802865860015915,-6.5856780720855905
v13,PlantCAD2-S-88M 8192bp Angiosperm 2.6M 65sp,4096,567,5.1744394e-08,2.561367053914723e-07,-7.286136694890297,-6.591528180974296
v13,PlantCAD2-S-88M 8192bp Angiosperm 2.6M 65sp,4096,568,5.059399e-08,2.504421621250235e-07,-7.295901069422178,-6.601292555506177
v13,PlantCAD2-S-88M 8192bp Angiosperm 2.6M 65sp,4096,569,5.025441e-08,2.4876122829445557e-07,-7.298825821377557,-6.604217307461557
v13,PlantCAD2-S-88M 8192bp Angiosperm 2.6M 65sp,4096,570,4.9283454e-08,2.439549594082052e-07,-7.307298862520293,-6.612690348604292
v13,PlantCAD2-S-88M 8192bp Angiosperm 2.6M 65sp,4096,571,4.8346863e-08,2.3931879857038953e-07,-7.315631699988177,-6.621023186072177
v13,PlantCAD2-S-88M 8192bp Angiosperm 2.6M 65sp,4096,572,4.756837e-08,2.3546522880609148e-07,-7.322681730062839,-6.628073216146839
v13,PlantCAD2-S-88M 8192bp Angiosperm 2.6M 65sp,4096,573,4.662678e-08,2.308043227293954e-07,-7.331364575463751,-6.63675606154775
v13,PlantCAD2-S-88M 8192bp Angiosperm 2.6M 65sp,4096,574,4.6311396e-08,2.2924316001304037e-07,-7.334312127536468,-6.639703613620468
v13,PlantCAD2-S-88M 8192bp Angiosperm 2.6M 65sp,4096,575,4.6033332e-08,2.2786673270677077e-07,-7.336927588720162,-6.642319074804161
v13,PlantCAD2-S-88M 8192bp Angiosperm 2.6M 65sp,4096,576,4.50147e-08,2.2282446581914762e-07,-7.3466456398608795,-6.6520371259448785
v13,PlantCAD2-S-88M 8192bp Angiosperm 2.6M 65sp,4096,577,4.462713e-08,2.2090597967534287e-07,-7.350401042024392,-6.655792528108391
v13,PlantCAD2-S-88M 8192bp Angiosperm 2.6M 65sp,4096,578,4.4066507e-08,2.1813087464296614e-07,-7.355891373151234,-6.661282859235233
v13,PlantCAD2-S-88M 8192bp Angiosperm 2.6M 65sp,4096,579,4.2114877e-08,2.0847023240328396e-07,-7.375564463363736,-6.680955949447735
v13,PlantCAD2-S-88M 8192bp Angiosperm 2.6M 65sp,4096,580,4.190764e-08,2.0744440142311605e-07,-7.377706795473386,-6.683098281557385
v13,PlantCAD2-S-88M 8192bp Angiosperm 2.6M 65sp,4096,581,4.1200316e-08,2.0394312089784182e-07,-7.385099452983128,-6.690490939067127
v13,PlantCAD2-S-88M 8192bp Angiosperm 2.6M 65sp,4096,582,4.0444323e-08,2.002009269836757e-07,-7.3931424298687896,-6.698533915952789
v13,PlantCAD2-S-88M 8192bp Angiosperm 2.6M 65sp,4096,583,4.0209446e-08,1.9903827695916805e-07,-7.395671910503168,-6.701063396587167
v13,PlantCAD2-S-88M 8192bp Angiosperm 2.6M 65sp,4096,584,3.975681e-08,1.967977116569331e-07,-7.40058846972182,-6.705979955805819
v13,PlantCAD2-S-88M 8192bp Angiosperm 2.6M 65sp,4096,585,3.919504e-08,1.9401692893121856e-07,-7.406768888003052,-6.712160374087052
v13,PlantCAD2-S-88M 8192bp Angiosperm 2.6M 65sp,4096,586,3.8717733e-08,1.9165424124682345e-07,-7.4120900794218425,-6.717481565505842
v13,PlantCAD2-S-88M 8192bp Angiosperm 2.6M 65sp,4096,587,3.7791928e-08,1.8707147151654211e-07,-7.422600951470064,-6.727992437554063
v13,PlantCAD2-S-88M 8192bp Angiosperm 2.6M 65sp,4096,588,3.761928e-08,1.862168573932725e-07,-7.424589520721293,-6.729981006805293
v13,PlantCAD2-S-88M 8192bp Angiosperm 2.6M 65sp,4096,589,3.6672336e-08,1.815294488142828e-07,-7.4356614249290285,-6.7410529110130275
v13,PlantCAD2-S-88M 8192bp Angiosperm 2.6M 65sp,4096,590,3.6361175e-08,1.799891901074881e-07,-7.439362091132932,-6.744753577216932
v13,PlantCAD2-S-88M 8192bp Angiosperm 2.6M 65sp,4096,591,3.560675e-08,1.762547578525667e-07,-7.44846766467114,-6.753859150755139
v13,PlantCAD2-S-88M 8192bp Angiosperm 2.6M 65sp,4096,592,3.5178957e-08,1.741371663389907e-07,-7.453717040826809,-6.759108526910808
v13,PlantCAD2-S-88M 8192bp Angiosperm 2.6M 65sp,4096,593,3.507073e-08,1.7360143859978082e-07,-7.455055194150655,-6.760446680234655
v13,PlantCAD2-S-88M 8192bp Angiosperm 2.6M 65sp,4096,594,3.4497678e-08,1.7076480954779127e-07,-7.462210135817289,-6.767601621901288
v13,PlantCAD2-S-88M 8192bp Angiosperm 2.6M 65sp,4096,595,3.4058065e-08,1.6858870858761264e-07,-7.467780029999209,-6.773171516083208
v13,PlantCAD2-S-88M 8192bp Angiosperm 2.6M 65sp,4096,596,3.3532693e-08,1.6598809733714698e-07,-7.474531567117699,-6.779923053201698
v13,PlantCAD2-S-88M 8192bp Angiosperm 2.6M 65sp,4096,597,3.3136445e-08,1.6402665476545582e-07,-7.479694086130887,-6.785085572214887
v13,PlantCAD2-S-88M 8192bp Angiosperm 2.6M 65sp,4096,598,3.2463696e-08,1.6069652179655088e-07,-7.488602037158334,-6.793993523242333
v13,PlantCAD2-S-88M 8192bp Angiosperm 2.6M 65sp,4096,599,3.2104424e-08,1.5891811182194754e-07,-7.493435117551431,-6.79882660363543
v13,PlantCAD2-S-88M 8192bp Angiosperm 2.6M 65sp,4096,600,3.174215e-08,1.5712484183391773e-07,-7.498363660394246,-6.803755146478245
v13,PlantCAD2-S-88M 8192bp Angiosperm 2.6M 65sp,4096,601,3.1388883e-08,1.5537615683620515e-07,-7.503224138762132,-6.808615624846131
v13,PlantCAD2-S-88M 8192bp Angiosperm 2.6M 65sp,4096,602,3.0686873e-08,1.5190118081171313e-07,-7.513047364029396,-6.818438850113395
v13,PlantCAD2-S-88M 8192bp Angiosperm 2.6M 65sp,4096,603,3.0316016e-08,1.5006542464938635e-07,-7.5183278723968625,-6.8237193584808615
v13,PlantCAD2-S-88M 8192bp Angiosperm 2.6M 65sp,4096,604,2.96924e-08,1.469785018869049e-07,-7.527354697498895,-6.832746183582894
v13,PlantCAD2-S-88M 8192bp Angiosperm 2.6M 65sp,4096,605,2.9551398e-08,1.4628053665933632e-07,-7.529421968951109,-6.834813455035108
v13,PlantCAD2-S-88M 8192bp Angiosperm 2.6M 65sp,4096,606,2.918329e-08,1.4445838815087678e-07,-7.534865749169696,-6.840257235253695
v13,PlantCAD2-S-88M 8192bp Angiosperm 2.6M 65sp,4096,607,2.8791522e-08,1.425191217484563e-07,-7.540735376499824,-6.846126862583823
v13,PlantCAD2-S-88M 8192bp Angiosperm 2.6M 65sp,4096,608,2.8504935e-08,1.4110050527015673e-07,-7.545079944983424,-6.850471431067423
v13,PlantCAD2-S-88M 8192bp Angiosperm 2.6M 65sp,4096,609,2.765971e-08,1.3691660958448097e-07,-7.558152377591133,-6.863543863675132
v13,PlantCAD2-S-88M 8192bp Angiosperm 2.6M 65sp,4096,610,2.747852e-08,1.3601971223846353e-07,-7.561006662192633,-6.866398148276632
v13,PlantCAD2-S-88M 8192bp Angiosperm 2.6M 65sp,4096,611,2.7029543e-08,1.337972591244789e-07,-7.568161297041047,-6.873552783125047
v13,PlantCAD2-S-88M 8192bp Angiosperm 2.6M 65sp,4096,612,2.6933906e-08,1.3332385236096508e-07,-7.5697006599105725,-6.8750921459945715
v13,PlantCAD2-S-88M 8192bp Angiosperm 2.6M 65sp,4096,613,2.6571081e-08,1.3152785490211646e-07,-7.575590776685509,-6.880982262769508
v13,PlantCAD2-S-88M 8192bp Angiosperm 2.6M 65sp,4096,614,2.6087408e-08,1.2913365527719075e-07,-7.583569069509155,-6.888960555593155
v13,PlantCAD2-S-88M 8192bp Angiosperm 2.6M 65sp,4096,615,2.5995064e-08,1.2867654898809843e-07,-7.5851091089935245,-6.8905005950775235
v13,PlantCAD2-S-88M 8192bp Angiosperm 2.6M 65sp,4096,616,2.5590579e-08,1.2667433295518344e-07,-7.59191988786583,-6.8973113739498295
v13,PlantCAD2-S-88M 8192bp Angiosperm 2.6M 65sp,4096,617,2.4402064e-08,1.2079113879876246e-07,-7.612573438173559,-6.917964924257558
v13,PlantCAD2-S-88M 8192bp Angiosperm 2.6M 65sp,4096,618,2.4169365e-08,1.1963926995654758e-07,-7.61673475963036,-6.9221262457143595
v13,PlantCAD2-S-88M 8192bp Angiosperm 2.6M 65sp,4096,619,2.3823013e-08,1.1792481447010885e-07,-7.623003312268741,-6.92839479835274
v13,PlantCAD2-S-88M 8192bp Angiosperm 2.6M 65sp,4096,620,2.3646507e-08,1.1705110310106998e-07,-7.626233003030301,-6.9316244891143
v13,PlantCAD2-S-88M 8192bp Angiosperm 2.6M 65sp,4096,621,2.2718815e-08,1.124589926494909e-07,-7.643614324914472,-6.949005810998471
v13,PlantCAD2-S-88M 8192bp Angiosperm 2.6M 65sp,4096,622,2.247795e-08,1.1126670179873482e-07,-7.648243299165465,-6.953634785249464
v13,PlantCAD2-S-88M 8192bp Angiosperm 2.6M 65sp,4096,623,2.2096925e-08,1.09380613652224e-07,-7.655668158371373,-6.961059644455372
v13,PlantCAD2-S-88M 8192bp Angiosperm 2.6M 65sp,4096,624,2.1974758e-08,1.0877588238631025e-07,-7.658075898954683,-6.963467385038682
v13,PlantCAD2-S-88M 8192bp Angiosperm 2.6M 65sp,4096,625,2.164266e-08,1.0713198473843952e-07,-7.664689363143687,-6.970080849227686
v13,PlantCAD2-S-88M 8192bp Angiosperm 2.6M 65sp,4096,626,2.1438918e-08,1.0612345414032547e-07,-7.668797136819149,-6.9741886229031484
v13,PlantCAD2-S-88M 8192bp Angiosperm 2.6M 65sp,4096,627,2.115169e-08,1.0470166468780657e-07,-7.6746549271848075,-6.9800464132688065
v13,PlantCAD2-S-88M 8192bp Angiosperm 2.6M 65sp,4096,628,2.066085e-08,1.022719881420855e-07,-7.684851815308364,-6.990243301392364
v13,PlantCAD2-S-88M 8192bp Angiosperm 2.6M 65sp,4096,629,2.0385855e-08,1.0091075250177386e-07,-7.6906710691519695,-6.9960625552359685
v13,PlantCAD2-S-88M 8192bp Angiosperm 2.6M 65sp,4096,630,1.995856e-08,9.879562610701408e-08,-7.69987079604534,-7.005262282129339
v13,PlantCAD2-S-88M 8192bp Angiosperm 2.6M 65sp,4096,631,1.9596905e-08,9.700542019237233e-08,-7.707812512702612,-7.013203998786611
v13,PlantCAD2-S-88M 8192bp Angiosperm 2.6M 65sp,4096,632,1.9418714e-08,9.612336800966803e-08,-7.711779534530829,-7.017171020614828
v13,PlantCAD2-S-88M 8192bp Angiosperm 2.6M 65sp,4096,633,1.930198e-08,9.554553029903278e-08,-7.714398138714083,-7.019789624798082
v13,PlantCAD2-S-88M 8192bp Angiosperm 2.6M 65sp,4096,634,1.9069908e-08,9.439676513050825e-08,-7.719651402139559,-7.025042888223558
v13,PlantCAD2-S-88M 8192bp Angiosperm 2.6M 65sp,4096,635,1.8778543e-08,9.295449737167844e-08,-7.726338107043669,-7.031729593127668
v13,PlantCAD2-S-88M 8192bp Angiosperm 2.6M 65sp,4096,636,1.8533482e-08,9.174143616238223e-08,-7.73204297942246,-7.037434465506459
v13,PlantCAD2-S-88M 8192bp Angiosperm 2.6M 65sp,4096,637,1.8317541e-08,9.067252005334558e-08,-7.737132827710134,-7.042524313794134
v13,PlantCAD2-S-88M 8192bp Angiosperm 2.6M 65sp,4096,638,1.7925844e-08,8.873360510360776e-08,-7.746520387352569,-7.051911873436568
v13,PlantCAD2-S-88M 8192bp Angiosperm 2.6M 65sp,4096,639,1.7770892e-08,8.796658684895742e-08,-7.750290772478589,-7.055682258562588
v13,PlantCAD2-S-88M 8192bp Angiosperm 2.6M 65sp,4096,640,1.7441838e-08,8.633775711610007e-08,-7.758407751559539,-7.063799237643539
v13,PlantCAD2-S-88M 8192bp Angiosperm 2.6M 65sp,4096,641,1.7227686e-08,8.527769662465834e-08,-7.763773052495116,-7.069164538579115
v13,PlantCAD2-S-88M 8192bp Angiosperm 2.6M 65sp,4096,642,1.7036278e-08,8.433021979256768e-08,-7.768625281671728,-7.074016767755727
v13,PlantCAD2-S-88M 8192bp Angiosperm 2.6M 65sp,4096,643,1.6508537e-08,8.171788190259257e-08,-7.782291412562756,-7.087682898646755
v13,PlantCAD2-S-88M 8192bp Angiosperm 2.6M 65sp,4096,644,1.6254967e-08,8.046270082179537e-08,-7.789013907849334,-7.094405393933333
v13,PlantCAD2-S-88M 8192bp Angiosperm 2.6M 65sp,4096,645,1.600747e-08,7.923758132045823e-08,-7.795677303425186,-7.101068789509185
v13,PlantCAD2-S-88M 8192bp Angiosperm 2.6M 65sp,4096,646,1.5405112e-08,7.625588646118137e-08,-7.812335139878352,-7.117726625962351
v13,PlantCAD2-S-88M 8192bp Angiosperm 2.6M 65sp,4096,647,1.5157921e-08,7.5032281671406e-08,-7.819360360718742,-7.124751846802741
v13,PlantCAD2-S-88M 8192bp Angiosperm 2.6M 65sp,4096,648,1.4749978e-08,7.30129484078352e-08,-7.8312086274475625,-7.1366001135315615
v13,PlantCAD2-S-88M 8192bp Angiosperm 2.6M 65sp,4096,649,1.4502108e-08,7.178598254240475e-08,-7.838568864921753,-7.143960351005752
v13,PlantCAD2-S-88M 8192bp Angiosperm 2.6M 65sp,4096,650,1.4112578e-08,6.985779432454408e-08,-7.850393644721469,-7.155785130805468
v13,PlantCAD2-S-88M 8192bp Angiosperm 2.6M 65sp,4096,651,1.38522775e-08,6.856929701444411e-08,-7.8584788168979465,-7.163870302981946
v13,PlantCAD2-S-88M 8192bp Angiosperm 2.6M 65sp,4096,652,1.3570555e-08,6.717475999494305e-08,-7.867402390475225,-7.172793876559224
v13,PlantCAD2-S-88M 8192bp Angiosperm 2.6M 65sp,4096,653,1.3508358e-08,6.686688249491408e-08,-7.8693974381636425,-7.1747889242476415
v13,PlantCAD2-S-88M 8192bp Angiosperm 2.6M 65sp,4096,654,1.31069156e-08,6.48797274469596e-08,-7.882499497135375,-7.187890983219374
v13,PlantCAD2-S-88M 8192bp Angiosperm 2.6M 65sp,4096,655,1.3013206e-08,6.441586138626997e-08,-7.885615695246108,-7.191007181330107
v13,PlantCAD2-S-88M 8192bp Angiosperm 2.6M 65sp,4096,656,1.2457682e-08,6.166599659655202e-08,-7.9045627593029355,-7.209954245386935
v13,PlantCAD2-S-88M 8192bp Angiosperm 2.6M 65sp,4096,657,1.2307372e-08,6.092195641729334e-08,-7.90983467231188,-7.215226158395879
v13,PlantCAD2-S-88M 8192bp Angiosperm 2.6M 65sp,4096,658,1.2170725e-08,6.024554860427251e-08,-7.914683550437058,-7.220075036521057
v13,PlantCAD2-S-88M 8192bp Angiosperm 2.6M 65sp,4096,659,1.1914743e-08,5.897842803234118e-08,-7.923915320911783,-7.229306806995782
v13,PlantCAD2-S-88M 8192bp Angiosperm 2.6M 65sp,4096,660,1.17403856e-08,5.811535231448422e-08,-7.930317638931496,-7.235709125015495
v13,PlantCAD2-S-88M 8192bp Angiosperm 2.6M 65sp,4096,661,1.1225137e-08,5.5564852276517433e-08,-7.94980834983636,-7.255199835920359
v13,PlantCAD2-S-88M 8192bp Angiosperm 2.6M 65sp,4096,662,1.0874064e-08,5.382702766170214e-08,-7.963608115258802,-7.268999601342801
v13,PlantCAD2-S-88M 8192bp Angiosperm 2.6M 65sp,4096,663,1.0620562e-08,5.257218318347424e-08,-7.973852501423948,-7.279243987507947
v13,PlantCAD2-S-88M 8192bp Angiosperm 2.6M 65sp,4096,664,1.04881215e-08,5.191659770439028e-08,-7.9793022901896435,-7.284693776273643
v13,PlantCAD2-S-88M 8192bp Angiosperm 2.6M 65sp,4096,665,1.0393945e-08,5.1450420471059456e-08,-7.983219585594716,-7.288611071678716
v13,PlantCAD2-S-88M 8192bp Angiosperm 2.6M 65sp,4096,666,1.0005999e-08,4.9530073113048075e-08,-7.999739544856018,-7.305131030940017
v13,PlantCAD2-S-88M 8192bp Angiosperm 2.6M 65sp,4096,667,9.686201e-09,4.794706092991608e-08,-8.01384652307751,-7.319238009161509
v13,PlantCAD2-S-88M 8192bp Angiosperm 2.6M 65sp,4096,668,9.621188e-09,4.7625244123488394e-08,-8.016771299065141,-7.322162785149139
v13,PlantCAD2-S-88M 8192bp Angiosperm 2.6M 65sp,4096,669,9.3690256e-09,4.6377030715875456e-08,-8.028305574378825,-7.333697060462823
v13,PlantCAD2-S-88M 8192bp Angiosperm 2.6M 65sp,4096,670,9.155439e-09,4.531976897579659e-08,-8.038320826599143,-7.3437123126831425
v13,PlantCAD2-S-88M 8192bp Angiosperm 2.6M 65sp,4096,671,8.612145e-09,4.263044314817255e-08,-8.06488866670622,-7.37028015279022
v13,PlantCAD2-S-88M 8192bp Angiosperm 2.6M 65sp,4096,672,8.473515e-09,4.194421941022676e-08,-8.071936397409802,-7.377327883493801
v13,PlantCAD2-S-88M 8192bp Angiosperm 2.6M 65sp,4096,673,8.306502e-09,4.1117498749867955e-08,-8.080581826026293,-7.385973312110292
v13,PlantCAD2-S-88M 8192bp Angiosperm 2.6M 65sp,4096,674,7.905813e-09,3.913407306037967e-08,-8.102053462447968,-7.407444948531967
v13,PlantCAD2-S-88M 8192bp Angiosperm 2.6M 65sp,4096,675,7.694695e-09,3.80890309835735e-08,-8.11380858992505,-7.419200076009049
v13,PlantCAD2-S-88M 8192bp Angiosperm 2.6M 65sp,4096,676,7.6376265e-09,3.780653975231793e-08,-8.11704158358448,-7.42243306966848
v13,PlantCAD2-S-88M 8192bp Angiosperm 2.6M 65sp,4096,677,7.459609e-09,3.6925346401169083e-08,-8.127283935743508,-7.432675421827506
v13,PlantCAD2-S-88M 8192bp Angiosperm 2.6M 65sp,4096,678,7.2037873e-09,3.5659019320294476e-08,-8.142439118700924,-7.447830604784923
v13,PlantCAD2-S-88M 8192bp Angiosperm 2.6M 65sp,4096,679,7.1283486e-09,3.528559490494591e-08,-8.147011070004504,-7.452402556088504
v13,PlantCAD2-S-88M 8192bp Angiosperm 2.6M 65sp,4096,680,6.8522903e-09,3.391909588945892e-08,-8.164164246258565,-7.469555732342564
v13,PlantCAD2-S-88M 8192bp Angiosperm 2.6M 65sp,4096,681,6.5772143e-09,3.255745929608681e-08,-8.181958007647927,-7.4873494937319265
v13,PlantCAD2-S-88M 8192bp Angiosperm 2.6M 65sp,4096,682,6.532317e-09,3.233521596470346e-08,-8.184932747999936,-7.490324234083935
v13,PlantCAD2-S-88M 8192bp Angiosperm 2.6M 65sp,4096,683,6.3352714e-09,3.135983279960376e-08,-8.198234775413901,-7.5036262614979
v13,PlantCAD2-S-88M 8192bp Angiosperm 2.6M 65sp,4096,684,6.055168e-09,2.997331038627818e-08,-8.217873802898998,-7.523265288982997
v13,PlantCAD2-S-88M 8192bp Angiosperm 2.6M 65sp,4096,685,6.039275e-09,2.989463943578282e-08,-8.219015194226206,-7.5244066803102045
v13,PlantCAD2-S-88M 8192bp Angiosperm 2.6M 65sp,4096,686,5.8546057e-09,2.898051942330476e-08,-8.232502348769339,-7.537893834853339
v13,PlantCAD2-S-88M 8192bp Angiosperm 2.6M 65sp,4096,687,5.7154925e-09,2.8291903827101913e-08,-8.242946340803837,-7.548337826887835
v13,PlantCAD2-S-88M 8192bp Angiosperm 2.6M 65sp,4096,688,5.5155356e-09,2.7302109617002705e-08,-8.258412307914607,-7.563803793998607
v13,PlantCAD2-S-88M 8192bp Angiosperm 2.6M 65sp,4096,689,5.4587734e-09,2.702113458232027e-08,-8.262904933386318,-7.568296419470317
v13,PlantCAD2-S-88M 8192bp Angiosperm 2.6M 65sp,4096,690,5.192625e-09,2.570368994626536e-08,-8.284613040068391,-7.5900045261523905
v13,PlantCAD2-S-88M 8192bp Angiosperm 2.6M 65sp,4096,691,5.0892526e-09,2.519199266047998e-08,-8.293345992816313,-7.598737478900311
v13,PlantCAD2-S-88M 8192bp Angiosperm 2.6M 65sp,4096,692,4.8708997e-09,2.411113755531296e-08,-8.312390813188447,-7.617782299272446
v13,PlantCAD2-S-88M 8192bp Angiosperm 2.6M 65sp,4096,693,4.849083e-09,2.4003144065998656e-08,-8.314340382159275,-7.6197318682432735
v13,PlantCAD2-S-88M 8192bp Angiosperm 2.6M 65sp,4096,694,4.6377924e-09,2.295724761267103e-08,-8.333688695446265,-7.639080181530264
v13,PlantCAD2-S-88M 8192bp Angiosperm 2.6M 65sp,4096,695,4.5546384e-09,2.254563217081036e-08,-8.3415460966533,-7.6469375827373
v13,PlantCAD2-S-88M 8192bp Angiosperm 2.6M 65sp,4096,696,4.490102e-09,2.2226174552390362e-08,-8.347743793176187,-7.653135279260186
v13,PlantCAD2-S-88M 8192bp Angiosperm 2.6M 65sp,4096,697,4.2983572e-09,2.1277030547574172e-08,-8.36669749681503,-7.672088982899028
v13,PlantCAD2-S-88M 8192bp Angiosperm 2.6M 65sp,4096,698,4.2464583e-09,2.10201290316449e-08,-8.371973136307536,-7.677364622391536
v13,PlantCAD2-S-88M 8192bp Angiosperm 2.6M 65sp,4096,699,4.0918824e-09,2.0254972486204988e-08,-8.388076856329619,-7.693468342413618
v13,PlantCAD2-S-88M 8192bp Angiosperm 2.6M 65sp,4096,700,3.965325e-09,1.962850857440595e-08,-8.401721211896875,-7.707112697980875
v13,PlantCAD2-S-88M 8192bp Angiosperm 2.6M 65sp,4096,701,3.911633e-09,1.9362731145726837e-08,-8.407641898657351,-7.71303338474135
v13,PlantCAD2-S-88M 8192bp Angiosperm 2.6M 65sp,4096,702,3.862069e-09,1.911738747301858e-08,-8.413179971351145,-7.718571457435145
v13,PlantCAD2-S-88M 8192bp Angiosperm 2.6M 65sp,4096,703,3.808516e-09,1.8852298099591396e-08,-8.419244215547263,-7.724635701631263
v13,PlantCAD2-S-88M 8192bp Angiosperm 2.6M 65sp,4096,704,3.4564158e-09,1.7109388805964756e-08,-8.461374018281266,-7.7667655043652655
v13,PlantCAD2-S-88M 8192bp Angiosperm 2.6M 65sp,4096,705,3.355561e-09,1.6610153735303462e-08,-8.474234861832759,-7.779626347916758
v13,PlantCAD2-S-88M 8192bp Angiosperm 2.6M 65sp,4096,706,3.312712e-09,1.639804956631234e-08,-8.479816319097692,-7.78520780518169
v13,PlantCAD2-S-88M 8192bp Angiosperm 2.6M 65sp,4096,707,3.208396e-09,1.5881681424874317e-08,-8.4937120337791,-7.799103519863101
v13,PlantCAD2-S-88M 8192bp Angiosperm 2.6M 65sp,4096,708,3.1173761e-09,1.5431129480811326e-08,-8.506210798524837,-7.811602284608837
v13,PlantCAD2-S-88M 8192bp Angiosperm 2.6M 65sp,4096,709,3.0822667e-09,1.5257336624250454e-08,-8.511129785693162,-7.816521271777162
v13,PlantCAD2-S-88M 8192bp Angiosperm 2.6M 65sp,4096,710,3.0218523e-09,1.4958283061574612e-08,-8.519726766622597,-7.825118252706597
v13,PlantCAD2-S-88M 8192bp Angiosperm 2.6M 65sp,4096,711,2.8414915e-09,1.406549028688736e-08,-8.546453638760063,-7.851845124844062
v13,PlantCAD2-S-88M 8192bp Angiosperm 2.6M 65sp,4096,712,2.7719942e-09,1.3721476026026509e-08,-8.557207682758149,-7.862599168842149
v13,PlantCAD2-S-88M 8192bp Angiosperm 2.6M 65sp,4096,713,2.7071023e-09,1.3400258669174424e-08,-8.567495332154863,-7.872886818238862
v13,PlantCAD2-S-88M 8192bp Angiosperm 2.6M 65sp,4096,714,2.6874736e-09,1.330309586253072e-08,-8.570655793283086,-7.876047279367086
v13,PlantCAD2-S-88M 8192bp Angiosperm 2.6M 65sp,4096,715,2.584031e-09,1.2791051084092926e-08,-8.587702280518988,-7.893093766602988
v13,PlantCAD2-S-88M 8192bp Angiosperm 2.6M 65sp,4096,716,2.3571054e-09,1.1667760790018111e-08,-8.627620997189316,-7.933012483273315
v13,PlantCAD2-S-88M 8192bp Angiosperm 2.6M 65sp,4096,717,2.3440392e-09,1.1603082606329534e-08,-8.630035129769418,-7.935426615853416
v13,PlantCAD2-S-88M 8192bp Angiosperm 2.6M 65sp,4096,718,2.2889983e-09,1.1330628071684072e-08,-8.640354529868443,-7.945746015952442
v13,PlantCAD2-S-88M 8192bp Angiosperm 2.6M 65sp,4096,719,2.1901887e-09,1.0841516818297874e-08,-8.659518466055639,-7.964909952139638
v13,PlantCAD2-S-88M 8192bp Angiosperm 2.6M 65sp,4096,720,2.0871092e-09,1.033126939857932e-08,-8.68045482754368,-7.985846313627679
v13,PlantCAD2-S-88M 8192bp Angiosperm 2.6M 65sp,4096,721,2.0306763e-09,1.0051924411339032e-08,-8.69235929979946,-7.997750785883459
v13,PlantCAD2-S-88M 8192bp Angiosperm 2.6M 65sp,4096,722,1.7985359e-09,8.9028206602301e-09,-8.745080888945669,-8.050472375029667
v13,PlantCAD2-S-88M 8192bp Angiosperm 2.6M 65sp,4096,723,1.7576048e-09,8.700210168704218e-09,-8.75507877003232,-8.060470256116318
v13,PlantCAD2-S-88M 8192bp Angiosperm 2.6M 65sp,4096,724,1.7421425e-09,8.623671199482265e-09,-8.758916324395775,-8.064307810479775
v13,PlantCAD2-S-88M 8192bp Angiosperm 2.6M 65sp,4096,725,1.5415604e-09,7.63078222576073e-09,-8.812039454477652,-8.117430940561652
v13,PlantCAD2-S-88M 8192bp Angiosperm 2.6M 65sp,4096,726,1.5177717e-09,7.51302726193709e-09,-8.81879354918281,-8.124185035266809
v13,PlantCAD2-S-88M 8192bp Angiosperm 2.6M 65sp,4096,727,1.4619245e-09,7.2365815118266805e-09,-8.83507505561349,-8.14046654169749
v13,PlantCAD2-S-88M 8192bp Angiosperm 2.6M 65sp,4096,728,1.4334319e-09,7.095542065272585e-09,-8.843622934846374,-8.149014420930374
v13,PlantCAD2-S-88M 8192bp Angiosperm 2.6M 65sp,4096,729,1.3814789e-09,6.838372752299218e-09,-8.85965574388793,-8.16504722997193
v13,PlantCAD2-S-88M 8192bp Angiosperm 2.6M 65sp,4096,730,1.3333645e-09,6.600204654362127e-09,-8.87505111187683,-8.18044259796083
v13,PlantCAD2-S-88M 8192bp Angiosperm 2.6M 65sp,4096,731,1.3047428e-09,6.4585261579301644e-09,-8.884475091045713,-8.189866577129713
v13,PlantCAD2-S-88M 8192bp Angiosperm 2.6M 65sp,4096,732,1.2712332e-09,6.292652371815554e-09,-8.89577477345603,-8.201166259540027
v13,PlantCAD2-S-88M 8192bp Angiosperm 2.6M 65sp,4096,733,1.226451e-09,6.070978789781103e-09,-8.911349798337916,-8.216741284421914
v13,PlantCAD2-S-88M 8192bp Angiosperm 2.6M 65sp,4096,734,1.1544676e-09,5.7146582399863455e-09,-8.937618251000304,-8.243009737084304
v13,PlantCAD2-S-88M 8192bp Angiosperm 2.6M 65sp,4096,735,1.0768485e-09,5.330440762254339e-09,-8.967845392562861,-8.27323687864686
v13,PlantCAD2-S-88M 8192bp Angiosperm 2.6M 65sp,4096,736,1.0303671e-09,5.100356076017928e-09,-8.987008016945218,-8.292399503029216
v13,PlantCAD2-S-88M 8192bp Angiosperm 2.6M 65sp,4096,737,1.0128108e-09,5.013451727677037e-09,-8.994471676249116,-8.299863162333116
v13,PlantCAD2-S-88M 8192bp Angiosperm 2.6M 65sp,4096,738,9.836728e-10,4.869217526737382e-09,-9.007149337326258,-8.312540823410258
v13,PlantCAD2-S-88M 8192bp Angiosperm 2.6M 65sp,4096,739,9.3027624e-10,4.604902537221067e-09,-9.031388071130149,-8.336779557214149
v13,PlantCAD2-S-88M 8192bp Angiosperm 2.6M 65sp,4096,740,9.0361396e-10,4.472923243823121e-09,-9.044017068251746,-8.349408554335746
v13,PlantCAD2-S-88M 8192bp Angiosperm 2.6M 65sp,4096,741,8.2314083e-10,4.074578209755475e-09,-9.084525855602367,-8.389917341686365
v13,PlantCAD2-S-88M 8192bp Angiosperm 2.6M 65sp,4096,742,7.666693e-10,3.7950420025556055e-09,-9.115391926997498,-8.420783413081498
v13,PlantCAD2-S-88M 8192bp Angiosperm 2.6M 65sp,4096,743,7.1369916e-10,3.53283780815099e-09,-9.146484814392826,-8.451876300476824
v13,PlantCAD2-S-88M 8192bp Angiosperm 2.6M 65sp,4096,744,6.590511e-10,3.2623278463484513e-09,-9.181080910766157,-8.486472396850157
v13,PlantCAD2-S-88M 8192bp Angiosperm 2.6M 65sp,4096,745,6.4005834e-10,3.1683129667328752e-09,-9.193780439164014,-8.499171925248014
v13,PlantCAD2-S-88M 8192bp Angiosperm 2.6M 65sp,4096,746,6.0082755e-10,2.974119073950892e-09,-9.221250161658585,-8.526641647742583
v13,PlantCAD2-S-88M 8192bp Angiosperm 2.6M 65sp,4096,747,5.5734617e-10,2.7588846000661526e-09,-9.253874978932515,-8.559266465016515
v13,PlantCAD2-S-88M 8192bp Angiosperm 2.6M 65sp,4096,748,5.0916227e-10,2.520372474503098e-09,-9.293143785964775,-8.598535272048775
v13,PlantCAD2-S-88M 8192bp Angiosperm 2.6M 65sp,4096,749,4.9539145e-10,2.452206395191415e-09,-9.305051493208122,-8.61044297929212
v13,PlantCAD2-S-88M 8192bp Angiosperm 2.6M 65sp,4096,750,3.6879977e-10,1.8255727960971528e-09,-9.433209358463749,-8.738600844547749
v13,PlantCAD2-S-88M 8192bp Angiosperm 2.6M 65sp,4096,751,2.7382904e-10,1.3554640942574314e-09,-9.562520496147338,-8.867911982231337
v13,PlantCAD2-S-88M 8192bp Angiosperm 2.6M 65sp,4096,752,2.1772942e-10,1.077768855609675e-09,-9.662082884324102,-8.967474370408102
v13,PlantCAD2-S-88M 8192bp Angiosperm 2.6M 65sp,4096,753,1.9149253e-10,9.478952587845104e-10,-9.71784816291236,-9.023239648996359
v13,PlantCAD2-S-88M 8192bp Angiosperm 2.6M 65sp,4096,754,1.6020421e-10,7.930168925979412e-10,-9.795326075294573,-9.100717561378573
v13,PlantCAD2-S-88M 8192bp Angiosperm 2.6M 65sp,4096,755,1.4323327e-10,7.090100983740809e-10,-9.843956093067339,-9.149347579151339
v13,PlantCAD2-S-88M 8192bp Angiosperm 2.6M 65sp,4096,756,1.2475601e-10,6.175469632359704e-10,-9.903938523484408,-9.209330009568408
v13,PlantCAD2-S-88M 8192bp Angiosperm 2.6M 65sp,4096,757,1.183724e-10,5.859478525399584e-10,-9.92674954697962,-9.23214103306362
v13,PlantCAD2-S-88M 8192bp Angiosperm 2.6M 65sp,4096,758,1.0534804e-10,5.214767784322498e-10,-9.977373540028381,-9.282765026112381
v13,PlantCAD2-S-88M 8192bp Angiosperm 2.6M 65sp,4096,759,9.1670456e-11,4.537722208433617e-10,-10.037770608316205,-9.343162094400205
v13,PlantCAD2-S-88M 8192bp Angiosperm 2.6M 65sp,4096,760,8.256715e-11,4.0871051218733957e-10,-10.083192705844137,-9.388584191928137
v13,PlantCAD2-S-88M 8192bp Angiosperm 2.6M 65sp,4096,761,6.8645735e-11,3.3979898193562917e-10,-10.163386440561316,-9.468777926645316
v13,PlantCAD2-S-88M 8192bp Angiosperm 2.6M 65sp,4096,762,5.883171e-11,2.912191873760572e-10,-10.230388528244015,-9.535780014328013
v13,PlantCAD2-S-88M 8192bp Angiosperm 2.6M 65sp,4096,763,5.825478e-11,2.8836336207754274e-10,-10.23466843352164,-9.540059919605637
v13,PlantCAD2-S-88M 8192bp Angiosperm 2.6M 65sp,4096,764,4.567214e-11,2.2607881865962284e-10,-10.34034863874515,-9.645740124829148
v13,PlantCAD2-S-88M 8192bp Angiosperm 2.6M 65sp,4096,765,1.5502367e-11,7.673730238582912e-11,-10.809601985922884,-10.114993472006883
v13,PlantCAD2-S-88M 8192bp Angiosperm 2.6M 65sp,4096,766,2.2189039e-12,1.0983658143262608e-11,-11.653861506512236,-10.959252992596236
v13,PlantCAD2-S-88M 8192bp Angiosperm 2.6M 65sp,4096,767,5.7437047e-13,2.843155528306148e-12,-12.240807896491596,-11.546199382575596
v13,PlantCAD2-S-88M 8192bp Angiosperm 2.6M 65sp,4096,768,5.981932e-14,2.961078941915564e-13,-13.223158528147332,-12.528550014231332
v13,PlantCAD2-S-88M 8192bp Angiosperm 2.6M 65sp,16384,1,0.19573376,1.0,-0.7083342611217114,0.0
v13,PlantCAD2-S-88M 8192bp Angiosperm 2.6M 65sp,16384,2,0.06517022,0.33295339546943764,-1.1859508129214675,-0.4776165517997561
v13,PlantCAD2-S-88M 8192bp Angiosperm 2.6M 65sp,16384,3,0.022679163,0.11586740580674483,-1.6443729776093357,-0.9360387164876243
v13,PlantCAD2-S-88M 8192bp Angiosperm 2.6M 65sp,16384,4,0.011636205,0.059449146636737574,-1.9341886362059562,-1.2258543750842448
v13,PlantCAD2-S-88M 8192bp Angiosperm 2.6M 65sp,16384,5,0.01063468,0.054332374752316615,-1.9732755735868348,-1.2649413124651234
v13,PlantCAD2-S-88M 8192bp Angiosperm 2.6M 65sp,16384,6,0.007849707,0.040104001476291055,-2.105146553529654,-1.396812292407943
v13,PlantCAD2-S-88M 8192bp Angiosperm 2.6M 65sp,16384,7,0.005910483,0.030196543508896983,-2.2283770274666903,-1.5200427663449787
v13,PlantCAD2-S-88M 8192bp Angiosperm 2.6M 65sp,16384,8,0.0054292856,0.027738115284762322,-2.2652573122876536,-1.5569230511659422
v13,PlantCAD2-S-88M 8192bp Angiosperm 2.6M 65sp,16384,9,0.004038563,0.02063294037778664,-2.3937731379061016,-1.6854388767843902
v13,PlantCAD2-S-88M 8192bp Angiosperm 2.6M 65sp,16384,10,0.003926028,0.020058001235964608,-2.406046607384477,-1.6977123462627652
v13,PlantCAD2-S-88M 8192bp Angiosperm 2.6M 65sp,16384,11,0.0026455526,0.013516077144790965,-2.5774835992188074,-1.869149338097096
v13,PlantCAD2-S-88M 8192bp Angiosperm 2.6M 65sp,16384,12,0.0024312094,0.01242100187520027,-2.614177633773689,-1.9058433726519772
v13,PlantCAD2-S-88M 8192bp Angiosperm 2.6M 65sp,16384,13,0.0022616915,0.011554938197682402,-2.6455666341518693,-1.937232373030158
v13,PlantCAD2-S-88M 8192bp Angiosperm 2.6M 65sp,16384,14,0.0019776297,0.010103671947036628,-2.7038550243171797,-1.9955207631954683
v13,PlantCAD2-S-88M 8192bp Angiosperm 2.6M 65sp,16384,15,0.001913924,0.009778200755965654,-2.718075311614526,-2.0097410504928144
v13,PlantCAD2-S-88M 8192bp Angiosperm 2.6M 65sp,16384,16,0.0018563699,0.009484157970500336,-2.731335482038121,-2.0230012209164094
v13,PlantCAD2-S-88M 8192bp Angiosperm 2.6M 65sp,16384,17,0.0016962116,0.00866591230863802,-2.770519971076864,-2.062185709955153
v13,PlantCAD2-S-88M 8192bp Angiosperm 2.6M 65sp,16384,18,0.001631435,0.008334969910147335,-2.787430224789788,-2.0790959636680766
v13,PlantCAD2-S-88M 8192bp Angiosperm 2.6M 65sp,16384,19,0.0013955396,0.007129784866953969,-2.855257835407902,-2.1469235742861907
v13,PlantCAD2-S-88M 8192bp Angiosperm 2.6M 65sp,16384,20,0.0013890432,0.007096594884806791,-2.8572842472574393,-2.148949986135728
v13,PlantCAD2-S-88M 8192bp Angiosperm 2.6M 65sp,16384,21,0.0013438845,0.006865879958572297,-2.8716380550680114,-2.1633037939463002
v13,PlantCAD2-S-88M 8192bp Angiosperm 2.6M 65sp,16384,22,0.0012565164,0.006419518022848996,-2.9008318386408263,-2.192497577519115
v13,PlantCAD2-S-88M 8192bp Angiosperm 2.6M 65sp,16384,23,0.0011646114,0.005949977152638359,-2.9338189630405798,-2.2254847019188686
v13,PlantCAD2-S-88M 8192bp Angiosperm 2.6M 65sp,16384,24,0.0011501894,0.005876295433143469,-2.9392306391228535,-2.2308963780011424
v13,PlantCAD2-S-88M 8192bp Angiosperm 2.6M 65sp,16384,25,0.0011045543,0.005643146588508799,-2.9568129293075245,-2.2484786681858133
v13,PlantCAD2-S-88M 8192bp Angiosperm 2.6M 65sp,16384,26,0.0010118561,0.0051695532748157495,-2.9948812458159453,-2.2865469846942337
v13,PlantCAD2-S-88M 8192bp Angiosperm 2.6M 65sp,16384,27,0.00095422915,0.004875138300107247,-3.0203473206519824,-2.3120130595302713
v13,PlantCAD2-S-88M 8192bp Angiosperm 2.6M 65sp,16384,28,0.00089807017,0.004588223155780587,-3.046689728752277,-2.3383554676305653
v13,PlantCAD2-S-88M 8192bp Angiosperm 2.6M 65sp,16384,29,0.0008551756,0.004369075625993185,-3.0679446989785717,-2.35961043785686
v13,PlantCAD2-S-88M 8192bp Angiosperm 2.6M 65sp,16384,30,0.00081478164,0.004162703664406181,-3.088958765799174,-2.380624504677463
v13,PlantCAD2-S-88M 8192bp Angiosperm 2.6M 65sp,16384,31,0.0007977731,0.004075807362000301,-3.098120611694419,-2.3897863505727077
v13,PlantCAD2-S-88M 8192bp Angiosperm 2.6M 65sp,16384,32,0.0007525393,0.0038447087513160732,-3.1234708149002794,-2.415136553778568
v13,PlantCAD2-S-88M 8192bp Angiosperm 2.6M 65sp,16384,33,0.00073992956,0.0037802858331643964,-3.1308096223763178,-2.422475361254606
v13,PlantCAD2-S-88M 8192bp Angiosperm 2.6M 65sp,16384,34,0.00070651184,0.003609555347018317,-3.1508805556787216,-2.44254629455701
v13,PlantCAD2-S-88M 8192bp Angiosperm 2.6M 65sp,16384,35,0.0006905549,0.003528031648704853,-3.1608017887446316,-2.45246752762292
v13,PlantCAD2-S-88M 8192bp Angiosperm 2.6M 65sp,16384,36,0.00067460915,0.003446565119885297,-3.170947772593067,-2.462613511471355
v13,PlantCAD2-S-88M 8192bp Angiosperm 2.6M 65sp,16384,37,0.00063929043,0.003266122461449675,-3.1943017967851253,-2.485967535663414
v13,PlantCAD2-S-88M 8192bp Angiosperm 2.6M 65sp,16384,38,0.0006379242,0.0032591424187631197,-3.1952309223406674,-2.486896661218956
v13,PlantCAD2-S-88M 8192bp Angiosperm 2.6M 65sp,16384,39,0.00061625696,0.0031484449080219985,-3.21023816276944,-2.5019039016477285
v13,PlantCAD2-S-88M 8192bp Angiosperm 2.6M 65sp,16384,40,0.00057635276,0.0029445751208171753,-3.2393116227783962,-2.530977361656685
v13,PlantCAD2-S-88M 8192bp Angiosperm 2.6M 65sp,16384,41,0.00056122785,0.002867302247706272,-3.250860785966528,-2.5425265248448166
v13,PlantCAD2-S-88M 8192bp Angiosperm 2.6M 65sp,16384,42,0.00053780904,0.0027476559996599463,-3.269371902021382,-2.5610376408996705
v13,PlantCAD2-S-88M 8192bp Angiosperm 2.6M 65sp,16384,43,0.00051761867,0.002644503789228797,-3.285990067478949,-2.577655806357238
v13,PlantCAD2-S-88M 8192bp Angiosperm 2.6M 65sp,16384,44,0.00050179276,0.002563649520654996,-3.299475609093015,-2.5911413479713037
v13,PlantCAD2-S-88M 8192bp Angiosperm 2.6M 65sp,16384,45,0.0004907616,0.002507291537239156,-3.3091294263047244,-2.6007951651830132
v13,PlantCAD2-S-88M 8192bp Angiosperm 2.6M 65sp,16384,46,0.00046533922,0.0023774090887540298,-3.332230342455415,-2.6238960813337036
v13,PlantCAD2-S-88M 8192bp Angiosperm 2.6M 65sp,16384,47,0.0004615454,0.0023580265356369793,-3.335785573078557,-2.6274513119568454
v13,PlantCAD2-S-88M 8192bp Angiosperm 2.6M 65sp,16384,48,0.00045453614,0.0023222163616537076,-3.3424315804759157,-2.634097319354204
v13,PlantCAD2-S-88M 8192bp Angiosperm 2.6M 65sp,16384,49,0.00043815907,0.0022385462272834283,-3.3583681938756396,-2.6500339327539284
v13,PlantCAD2-S-88M 8192bp Angiosperm 2.6M 65sp,16384,50,0.0004221995,0.002157009092350752,-3.3744822853518337,-2.666148024230122
v13,PlantCAD2-S-88M 8192bp Angiosperm 2.6M 65sp,16384,51,0.00041174787,0.0021036119165135335,-3.3853686387875683,-2.6770343776658567
v13,PlantCAD2-S-88M 8192bp Angiosperm 2.6M 65sp,16384,52,0.00040197678,0.0020536916063943183,-3.3957990330078736,-2.6874647718861624
v13,PlantCAD2-S-88M 8192bp Angiosperm 2.6M 65sp,16384,53,0.00039608948,0.0020236135043847315,-3.4022066921542065,-2.6938724310324953
v13,PlantCAD2-S-88M 8192bp Angiosperm 2.6M 65sp,16384,54,0.0003720699,0.0019008979340099528,-3.4293754624499955,-2.721041201328284
v13,PlantCAD2-S-88M 8192bp Angiosperm 2.6M 65sp,16384,55,0.0003664052,0.0018719570911017087,-3.4360383714799494,-2.727704110358238
v13,PlantCAD2-S-88M 8192bp Angiosperm 2.6M 65sp,16384,56,0.00036136556,0.0018462096676628496,-3.4420532403049116,-2.7337189791832
v13,PlantCAD2-S-88M 8192bp Angiosperm 2.6M 65sp,16384,57,0.0003540894,0.0018090359067337183,-3.4508870740620328,-2.742552812940321
v13,PlantCAD2-S-88M 8192bp Angiosperm 2.6M 65sp,16384,58,0.00034777552,0.0017767784157418731,-3.4587009913473548,-2.7503667302256436
v13,PlantCAD2-S-88M 8192bp Angiosperm 2.6M 65sp,16384,59,0.00033774873,0.0017255517392605138,-3.471406275333405,-2.7630720142116934
v13,PlantCAD2-S-88M 8192bp Angiosperm 2.6M 65sp,16384,60,0.00033044093,0.0016882163301823866,-3.480906164220273,-2.7725719030985614
v13,PlantCAD2-S-88M 8192bp Angiosperm 2.6M 65sp,16384,61,0.00032151316,0.0016426045256577096,-3.492801246072847,-2.784466984951136
v13,PlantCAD2-S-88M 8192bp Angiosperm 2.6M 65sp,16384,62,0.00031920132,0.0016307933797419514,-3.495935321370397,-2.787601060248686
v13,PlantCAD2-S-88M 8192bp Angiosperm 2.6M 65sp,16384,63,0.000310051,0.0015840445715649665,-3.508566863595271,-2.8002326024735598
v13,PlantCAD2-S-88M 8192bp Angiosperm 2.6M 65sp,16384,64,0.0003008668,0.0015371226711222428,-3.5216257330718146,-2.8132914719501034
v13,PlantCAD2-S-88M 8192bp Angiosperm 2.6M 65sp,16384,65,0.0002969106,0.0015169105217209334,-3.5273742973876803,-2.819040036265969
v13,PlantCAD2-S-88M 8192bp Angiosperm 2.6M 65sp,16384,66,0.00028605948,0.0014614723591883179,-3.5435436551576482,-2.8352093940359366
v13,PlantCAD2-S-88M 8192bp Angiosperm 2.6M 65sp,16384,67,0.00027759225,0.0014182134446300934,-3.5565926629622058,-2.848258401840494
v13,PlantCAD2-S-88M 8192bp Angiosperm 2.6M 65sp,16384,68,0.00027338357,0.0013967113797844581,-3.563227589522217,-2.854893328400506
v13,PlantCAD2-S-88M 8192bp Angiosperm 2.6M 65sp,16384,69,0.00026601218,0.0013590510906243258,-3.575098477708456,-2.866764216586745
v13,PlantCAD2-S-88M 8192bp Angiosperm 2.6M 65sp,16384,70,0.00025962587,0.0013264235561611852,-3.5856520351441197,-2.877317774022408
v13,PlantCAD2-S-88M 8192bp Angiosperm 2.6M 65sp,16384,71,0.00024832133,0.0012686688796046221,-3.6049859743502477,-2.896651713228536
v13,PlantCAD2-S-88M 8192bp Angiosperm 2.6M 65sp,16384,72,0.0002472309,0.0012630978937920572,-3.606897250165627,-2.8985629890439153
v13,PlantCAD2-S-88M 8192bp Angiosperm 2.6M 65sp,16384,73,0.00023958005,0.0012240098488886127,-3.620549348785397,-2.912215087663686
v13,PlantCAD2-S-88M 8192bp Angiosperm 2.6M 65sp,16384,74,0.00023126243,0.0011815152889312502,-3.6358949153010043,-2.9275606541792927
v13,PlantCAD2-S-88M 8192bp Angiosperm 2.6M 65sp,16384,75,0.00022863846,0.001168109476873075,-3.6408507137444737,-2.932516452622762
v13,PlantCAD2-S-88M 8192bp Angiosperm 2.6M 65sp,16384,76,0.00022402893,0.0011445594771183059,-3.6496958953797174,-2.9413616342580062
v13,PlantCAD2-S-88M 8192bp Angiosperm 2.6M 65sp,16384,77,0.00022149202,0.0011315984529189037,-3.654641916088298,-2.9463076549665868
v13,PlantCAD2-S-88M 8192bp Angiosperm 2.6M 65sp,16384,78,0.00021709246,0.001109121185839377,-3.6633552600889185,-2.9550209989672074
v13,PlantCAD2-S-88M 8192bp Angiosperm 2.6M 65sp,16384,79,0.00021571456,0.0011020815213481823,-3.6661205405059385,-2.957786279384227
v13,PlantCAD2-S-88M 8192bp Angiosperm 2.6M 65sp,16384,80,0.00021327706,0.0010896283809190607,-3.6710558545889613,-2.96272159346725
v13,PlantCAD2-S-88M 8192bp Angiosperm 2.6M 65sp,16384,81,0.00020672948,0.0010561769211402264,-3.6845975877732076,-2.9762633266514964
v13,PlantCAD2-S-88M 8192bp Angiosperm 2.6M 65sp,16384,82,0.00020256873,0.0010349197297390088,-3.693427594694295,-2.9850933335725833
v13,PlantCAD2-S-88M 8192bp Angiosperm 2.6M 65sp,16384,83,0.00019989426,0.0010212559141560456,-3.6991996765478015,-2.9908654154260903
v13,PlantCAD2-S-88M 8192bp Angiosperm 2.6M 65sp,16384,84,0.00019748491,0.0010089465915333153,-3.70446608360261,-2.9961318224808986
v13,PlantCAD2-S-88M 8192bp Angiosperm 2.6M 65sp,16384,85,0.00019072361,0.0009744032404016558,-3.719595541573656,-3.0112612804519445
v13,PlantCAD2-S-88M 8192bp Angiosperm 2.6M 65sp,16384,86,0.00018733946,0.0009571136834034149,-3.7273707359441057,-3.019036474822394
v13,PlantCAD2-S-88M 8192bp Angiosperm 2.6M 65sp,16384,87,0.0001837736,0.0009388957735241994,-3.7357168770511704,-3.027382615929459
v13,PlantCAD2-S-88M 8192bp Angiosperm 2.6M 65sp,16384,88,0.00018104163,0.0009249381915516261,-3.742221548885306,-3.0338872877635943
v13,PlantCAD2-S-88M 8192bp Angiosperm 2.6M 65sp,16384,89,0.0001769586,0.0009040780701295474,-3.752128326263053,-3.0437940651413413
v13,PlantCAD2-S-88M 8192bp Angiosperm 2.6M 65sp,16384,90,0.0001759654,0.0008990038305093612,-3.7545727189262643,-3.0462384578045527
v13,PlantCAD2-S-88M 8192bp Angiosperm 2.6M 65sp,16384,91,0.00017431864,0.000890590565470157,-3.7586561710293513,-3.0503219099076397
v13,PlantCAD2-S-88M 8192bp Angiosperm 2.6M 65sp,16384,92,0.0001693,0.0008649504306257643,-3.7713430418910647,-3.0630087807693536
v13,PlantCAD2-S-88M 8192bp Angiosperm 2.6M 65sp,16384,93,0.0001643933,0.0008398821950796838,-3.7841158865059636,-3.075781625384252
v13,PlantCAD2-S-88M 8192bp Angiosperm 2.6M 65sp,16384,94,0.00016343202,0.0008349710341230864,-3.786662851432966,-3.0783285903112545
v13,PlantCAD2-S-88M 8192bp Angiosperm 2.6M 65sp,16384,95,0.0001571835,0.0008030474661090657,-3.803593045033561,-3.0952587839118495
v13,PlantCAD2-S-88M 8192bp Angiosperm 2.6M 65sp,16384,96,0.00015642041,0.0007991488540351956,-3.805706580099324,-3.0973723189776123
v13,PlantCAD2-S-88M 8192bp Angiosperm 2.6M 65sp,16384,97,0.0001552202,0.0007930170043226064,-3.8090517613144477,-3.100717500192736
v13,PlantCAD2-S-88M 8192bp Angiosperm 2.6M 65sp,16384,98,0.00015276825,0.0007804900391225304,-3.8159668963007567,-3.1076326351790455
v13,PlantCAD2-S-88M 8192bp Angiosperm 2.6M 65sp,16384,99,0.00014982882,0.000765472548016244,-3.8244046408213865,-3.116070379699675
v13,PlantCAD2-S-88M 8192bp Angiosperm 2.6M 65sp,16384,100,0.00014427448,0.0007370955322168235,-3.8408104823184686,-3.132476221196757
v13,PlantCAD2-S-88M 8192bp Angiosperm 2.6M 65sp,16384,101,0.0001419027,0.0007249781539985743,-3.848009341089774,-3.1396750799680624
v13,PlantCAD2-S-88M 8192bp Angiosperm 2.6M 65sp,16384,102,0.0001384368,0.0007072709378290183,-3.858748448083516,-3.1504141869618043
v13,PlantCAD2-S-88M 8192bp Angiosperm 2.6M 65sp,16384,103,0.00013540399,0.0006917763701060053,-3.868368537944438,-3.1600342768227265
v13,PlantCAD2-S-88M 8192bp Angiosperm 2.6M 65sp,16384,104,0.00013252051,0.0006770447264692611,-3.8777169014215325,-3.1693826402998213
v13,PlantCAD2-S-88M 8192bp Angiosperm 2.6M 65sp,16384,105,0.00013171432,0.0006729259173277007,-3.880367005912187,-3.1720327447904757
v13,PlantCAD2-S-88M 8192bp Angiosperm 2.6M 65sp,16384,106,0.00012816097,0.0006547719207969029,-3.8922442142431923,-3.183909953121481
v13,PlantCAD2-S-88M 8192bp Angiosperm 2.6M 65sp,16384,107,0.00012737999,0.0006507819090585088,-3.89489878954476,-3.1865645284230486
v13,PlantCAD2-S-88M 8192bp Angiosperm 2.6M 65sp,16384,108,0.0001245898,0.0006365268822302295,-3.9045175113288675,-3.1961832502071563
v13,PlantCAD2-S-88M 8192bp Angiosperm 2.6M 65sp,16384,109,0.0001227416,0.0006270844641210592,-3.911008219762841,-3.20267395864113
v13,PlantCAD2-S-88M 8192bp Angiosperm 2.6M 65sp,16384,110,0.00012225298,0.0006245881139768632,-3.9127405458502933,-3.2044062847285817
v13,PlantCAD2-S-88M 8192bp Angiosperm 2.6M 65sp,16384,111,0.000120382254,0.0006150306109686955,-3.9194375293398727,-3.2111032682181615
v13,PlantCAD2-S-88M 8192bp Angiosperm 2.6M 65sp,16384,112,0.00011775421,0.0006016039849231936,-3.9290235568352965,-3.220689295713585
v13,PlantCAD2-S-88M 8192bp Angiosperm 2.6M 65sp,16384,113,0.000116032534,0.0005928079754867019,-3.9354202232243853,-3.2270859621026737
v13,PlantCAD2-S-88M 8192bp Angiosperm 2.6M 65sp,16384,114,0.00011361722,0.0005804681829031435,-3.944555841299125,-3.2362215801774132
v13,PlantCAD2-S-88M 8192bp Angiosperm 2.6M 65sp,16384,115,0.00011151976,0.0005697523002674654,-3.9526481738836896,-3.244313912761978
v13,PlantCAD2-S-88M 8192bp Angiosperm 2.6M 65sp,16384,116,0.00011097049,0.0005669460904444895,-3.954792496295066,-3.2464582351733546
v13,PlantCAD2-S-88M 8192bp Angiosperm 2.6M 65sp,16384,117,0.00010845147,0.000554076465909611,-3.964764556987163,-3.256430295865451
v13,PlantCAD2-S-88M 8192bp Angiosperm 2.6M 65sp,16384,118,0.00010657136,0.0005444710202266589,-3.9723594919804865,-3.2640252308587754
v13,PlantCAD2-S-88M 8192bp Angiosperm 2.6M 65sp,16384,119,0.00010466178,0.0005347150128828057,-3.980211883416303,-3.2718776222945913
v13,PlantCAD2-S-88M 8192bp Angiosperm 2.6M 65sp,16384,120,0.00010249441,0.0005236419614071685,-3.9892998201921843,-3.280965559070473
v13,PlantCAD2-S-88M 8192bp Angiosperm 2.6M 65sp,16384,121,0.00010139447,0.0005180223891882524,-3.993985730544853,-3.2856514694231413
v13,PlantCAD2-S-88M 8192bp Angiosperm 2.6M 65sp,16384,122,9.971451e-05,0.0005094395059901777,-4.00124164054071,-3.292907379418998
v13,PlantCAD2-S-88M 8192bp Angiosperm 2.6M 65sp,16384,123,9.788109e-05,0.0005000725986155888,-4.009301203006911,-3.3009669418851995
v13,PlantCAD2-S-88M 8192bp Angiosperm 2.6M 65sp,16384,124,9.624637e-05,0.0004917208457038785,-4.016615641234507,-3.308281380112796
v13,PlantCAD2-S-88M 8192bp Angiosperm 2.6M 65sp,16384,125,9.472277e-05,0.0004839368027263156,-4.023545610260883,-3.315211349139172
v13,PlantCAD2-S-88M 8192bp Angiosperm 2.6M 65sp,16384,126,9.330332e-05,0.00047668486008749846,-4.0301029025340265,-3.321768641412315
v13,PlantCAD2-S-88M 8192bp Angiosperm 2.6M 65sp,16384,127,9.235516e-05,0.00047184072895753903,-4.034538834961987,-3.326204573840276
v13,PlantCAD2-S-88M 8192bp Angiosperm 2.6M 65sp,16384,128,9.1596456e-05,0.0004679645248729703,-4.038121329491749,-3.3297870683700372
v13,PlantCAD2-S-88M 8192bp Angiosperm 2.6M 65sp,16384,129,8.9074456e-05,0.00045507967557563905,-4.050246821313961,-3.34191256019225
v13,PlantCAD2-S-88M 8192bp Angiosperm 2.6M 65sp,16384,130,8.6863176e-05,0.0004437822887579536,-4.061164295465868,-3.3528300343441573
v13,PlantCAD2-S-88M 8192bp Angiosperm 2.6M 65sp,16384,131,8.643397e-05,0.00044158948359240634,-4.063315538955304,-3.354981277833592
v13,PlantCAD2-S-88M 8192bp Angiosperm 2.6M 65sp,16384,132,8.387032e-05,0.00042849184524938364,-4.076391699966098,-3.3680574388443865
v13,PlantCAD2-S-88M 8192bp Angiosperm 2.6M 65sp,16384,133,8.326186e-05,0.0004253832348594335,-4.079553891567022,-3.37121963044531
v13,PlantCAD2-S-88M 8192bp Angiosperm 2.6M 65sp,16384,134,8.124593e-05,0.0004150838874193189,-4.090198385706797,-3.381864124585086
v13,PlantCAD2-S-88M 8192bp Angiosperm 2.6M 65sp,16384,135,7.903214e-05,0.00040377367706010444,-4.102196258253002,-3.3938619971312907
v13,PlantCAD2-S-88M 8192bp Angiosperm 2.6M 65sp,16384,136,7.861837e-05,0.00040165973412047053,-4.104475964679551,-3.3961417035578396
v13,PlantCAD2-S-88M 8192bp Angiosperm 2.6M 65sp,16384,137,7.811094e-05,0.000399067284049517,-4.107288135791101,-3.3989538746693895
v13,PlantCAD2-S-88M 8192bp Angiosperm 2.6M 65sp,16384,138,7.787522e-05,0.0003978629951215365,-4.108600713435168,-3.4002664523134567
v13,PlantCAD2-S-88M 8192bp Angiosperm 2.6M 65sp,16384,139,7.5868054e-05,0.0003876084227881792,-4.119941055357318,-3.4116067942356065
v13,PlantCAD2-S-88M 8192bp Angiosperm 2.6M 65sp,16384,140,7.491319e-05,0.00038273004105168166,-4.1254417091377755,-3.417107448016064
v13,PlantCAD2-S-88M 8192bp Angiosperm 2.6M 65sp,16384,141,7.4683056e-05,0.0003815542908898291,-4.1267779192074,-3.418443658085688
v13,PlantCAD2-S-88M 8192bp Angiosperm 2.6M 65sp,16384,142,7.259029e-05,0.0003708623898095045,-4.139121468576064,-3.430787207454352
v13,PlantCAD2-S-88M 8192bp Angiosperm 2.6M 65sp,16384,143,7.092176e-05,0.00036233790226070355,-4.149220495451211,-3.4408862343295
v13,PlantCAD2-S-88M 8192bp Angiosperm 2.6M 65sp,16384,144,7.055149e-05,0.00036044619998103547,-4.151493809805525,-3.4431595486838136
v13,PlantCAD2-S-88M 8192bp Angiosperm 2.6M 65sp,16384,145,6.812557e-05,0.0003480522215482909,-4.166689851000526,-3.4583555898788143
v13,PlantCAD2-S-88M 8192bp Angiosperm 2.6M 65sp,16384,146,6.806427e-05,0.0003477390410320631,-4.167080808997665,-3.458746547875953
v13,PlantCAD2-S-88M 8192bp Angiosperm 2.6M 65sp,16384,147,6.7021465e-05,0.0003424113704248056,-4.173786083297789,-3.465451822176078
v13,PlantCAD2-S-88M 8192bp Angiosperm 2.6M 65sp,16384,148,6.67077e-05,0.0003408083510989622,-4.175824033032445,-3.467489771910733
v13,PlantCAD2-S-88M 8192bp Angiosperm 2.6M 65sp,16384,149,6.584219e-05,0.0003363864772229379,-4.181495732335615,-3.473161471213904
v13,PlantCAD2-S-88M 8192bp Angiosperm 2.6M 65sp,16384,150,6.380898e-05,0.00032599884659651965,-4.195118197610991,-3.486783936489279
v13,PlantCAD2-S-88M 8192bp Angiosperm 2.6M 65sp,16384,151,6.2226965e-05,0.00031791636251201635,-4.206021380373324,-3.4976871192516126
v13,PlantCAD2-S-88M 8192bp Angiosperm 2.6M 65sp,16384,152,6.179412e-05,0.0003157049657657422,-4.209052848099626,-3.5007185869779143
v13,PlantCAD2-S-88M 8192bp Angiosperm 2.6M 65sp,16384,153,6.1030165e-05,0.00031180193442357617,-4.214455455891471,-3.5061211947697597
v13,PlantCAD2-S-88M 8192bp Angiosperm 2.6M 65sp,16384,154,6.0768994e-05,0.00031046761682808317,-4.216317953118952,-3.5079836919972402
v13,PlantCAD2-S-88M 8192bp Angiosperm 2.6M 65sp,16384,155,5.9490427e-05,0.0003039354427156562,-4.225552913860742,-3.517218652739031
v13,PlantCAD2-S-88M 8192bp Angiosperm 2.6M 65sp,16384,156,5.841612e-05,0.0002984468289987379,-4.233467292253764,-3.5251330311320532
v13,PlantCAD2-S-88M 8192bp Angiosperm 2.6M 65sp,16384,157,5.766765e-05,0.000294622910222539,-4.2390677460544595,-3.5307334849327483
v13,PlantCAD2-S-88M 8192bp Angiosperm 2.6M 65sp,16384,158,5.6161945e-05,0.0002869302924544033,-4.250557860135013,-3.5422235990133015
v13,PlantCAD2-S-88M 8192bp Angiosperm 2.6M 65sp,16384,159,5.543542e-05,0.0002832184902594218,-4.256212657741343,-3.5478783966196312
v13,PlantCAD2-S-88M 8192bp Angiosperm 2.6M 65sp,16384,160,5.3685002e-05,0.00027427563849997055,-4.270147026374954,-3.5618127652532428
v13,PlantCAD2-S-88M 8192bp Angiosperm 2.6M 65sp,16384,161,5.3395466e-05,0.00027279640466723777,-4.272495618903651,-3.5641613577819395
v13,PlantCAD2-S-88M 8192bp Angiosperm 2.6M 65sp,16384,162,5.2956275e-05,0.0002705525863295121,-4.27608257122396,-3.5677483101022487
v13,PlantCAD2-S-88M 8192bp Angiosperm 2.6M 65sp,16384,163,5.2281706e-05,0.0002671062263352014,-4.281650249433158,-3.5733159883114465
v13,PlantCAD2-S-88M 8192bp Angiosperm 2.6M 65sp,16384,164,5.1684267e-05,0.0002640539220214234,-4.286641638626445,-3.5783073775047334
v13,PlantCAD2-S-88M 8192bp Angiosperm 2.6M 65sp,16384,165,5.1356175e-05,0.0002623777063292505,-4.289407329920781,-3.5810730687990695
v13,PlantCAD2-S-88M 8192bp Angiosperm 2.6M 65sp,16384,166,4.974929e-05,0.00025416816189501496,-4.3032131129339835,-3.594878851812272
v13,PlantCAD2-S-88M 8192bp Angiosperm 2.6M 65sp,16384,167,4.9366354e-05,0.0002522117492659417,-4.306568946836632,-3.59823468571492
v13,PlantCAD2-S-88M 8192bp Angiosperm 2.6M 65sp,16384,168,4.86181e-05,0.0002483889340295716,-4.313202017430961,-3.6048677563092495
v13,PlantCAD2-S-88M 8192bp Angiosperm 2.6M 65sp,16384,169,4.8091664e-05,0.0002456993826716454,-4.317930195820445,-3.6095959346987336
v13,PlantCAD2-S-88M 8192bp Angiosperm 2.6M 65sp,16384,170,4.62392e-05,0.00023623517986881773,-4.334989688397887,-3.626655427276176
v13,PlantCAD2-S-88M 8192bp Angiosperm 2.6M 65sp,16384,171,4.5378474e-05,0.00023183774735640903,-4.343150112781681,-3.63481585165997
v13,PlantCAD2-S-88M 8192bp Angiosperm 2.6M 65sp,16384,172,4.4860837e-05,0.0002291931499195642,-4.348132627741677,-3.6397983666199654
v13,PlantCAD2-S-88M 8192bp Angiosperm 2.6M 65sp,16384,173,4.3758533e-05,0.00022356150007029956,-4.358937246105255,-3.6506029849835437
v13,PlantCAD2-S-88M 8192bp Angiosperm 2.6M 65sp,16384,174,4.3273667e-05,0.0002210843290396097,-4.3637763012332895,-3.6554420401115784
v13,PlantCAD2-S-88M 8192bp Angiosperm 2.6M 65sp,16384,175,4.2381824e-05,0.00021652792037510544,-4.372820356353665,-3.6644860952319536
v13,PlantCAD2-S-88M 8192bp Angiosperm 2.6M 65sp,16384,176,4.1509073e-05,0.00021206905236991307,-4.3818569653803365,-3.6735227042586254
v13,PlantCAD2-S-88M 8192bp Angiosperm 2.6M 65sp,16384,177,4.0931212e-05,0.00020911677168006172,-4.387945395420233,-3.6796111342985216
v13,PlantCAD2-S-88M 8192bp Angiosperm 2.6M 65sp,16384,178,4.0741885e-05,0.00020814950369317997,-4.38995888141931,-3.681624620297599
v13,PlantCAD2-S-88M 8192bp Angiosperm 2.6M 65sp,16384,179,3.9563638e-05,0.00020212986252346043,-4.402703780505554,-3.694369519383843
v13,PlantCAD2-S-88M 8192bp Angiosperm 2.6M 65sp,16384,180,3.883979e-05,0.00019843173706978295,-4.410723126912533,-3.7023888657908217
v13,PlantCAD2-S-88M 8192bp Angiosperm 2.6M 65sp,16384,181,3.829328e-05,0.00019563962803350837,-4.416877432688825,-3.7085431715671135
v13,PlantCAD2-S-88M 8192bp Angiosperm 2.6M 65sp,16384,182,3.7135418e-05,0.00018972413343513146,-4.430211683258502,-3.721877422136791
v13,PlantCAD2-S-88M 8192bp Angiosperm 2.6M 65sp,16384,183,3.6592322e-05,0.0001869494664589287,-4.436610031076639,-3.7282757699549274
v13,PlantCAD2-S-88M 8192bp Angiosperm 2.6M 65sp,16384,184,3.59755e-05,0.00018379813477245827,-4.443993161373791,-3.7356589002520795
v13,PlantCAD2-S-88M 8192bp Angiosperm 2.6M 65sp,16384,185,3.572422e-05,0.0001825143501049589,-4.4470372447873485,-3.738702983665637
v13,PlantCAD2-S-88M 8192bp Angiosperm 2.6M 65sp,16384,186,3.4983557e-05,0.00017873031714099802,-4.456136035139349,-3.747801774017638
v13,PlantCAD2-S-88M 8192bp Angiosperm 2.6M 65sp,16384,187,3.4537195e-05,0.00017644986230275247,-4.461712937338606,-3.7533786762168946
v13,PlantCAD2-S-88M 8192bp Angiosperm 2.6M 65sp,16384,188,3.4162407e-05,0.00017453507764833212,-4.466451537573466,-3.7581172764517548
v13,PlantCAD2-S-88M 8192bp Angiosperm 2.6M 65sp,16384,189,3.29732e-05,0.00016845944205026253,-4.4818389031782395,-3.773504642056528
v13,PlantCAD2-S-88M 8192bp Angiosperm 2.6M 65sp,16384,190,3.2876695e-05,0.00016796639986888312,-4.483111847318293,-3.7747775861965818
v13,PlantCAD2-S-88M 8192bp Angiosperm 2.6M 65sp,16384,191,3.2392338e-05,0.00016549182930936392,-4.489557704541414,-3.781223443419703
v13,PlantCAD2-S-88M 8192bp Angiosperm 2.6M 65sp,16384,192,3.1503037e-05,0.00016094840767377075,-4.501647576725836,-3.7933133156041245
v13,PlantCAD2-S-88M 8192bp Angiosperm 2.6M 65sp,16384,193,3.1090185e-05,0.0001588391547784092,-4.50737669370978,-3.7990424325880685
v13,PlantCAD2-S-88M 8192bp Angiosperm 2.6M 65sp,16384,194,3.05492e-05,0.00015607527286044063,-4.515000158257259,-3.806665897135548
v13,PlantCAD2-S-88M 8192bp Angiosperm 2.6M 65sp,16384,195,2.9988474e-05,0.00015321053455469308,-4.523045633281523,-3.814711372159812
v13,PlantCAD2-S-88M 8192bp Angiosperm 2.6M 65sp,16384,196,2.969546e-05,0.00015171353168712438,-4.527309942859957,-3.8189756817382454
v13,PlantCAD2-S-88M 8192bp Angiosperm 2.6M 65sp,16384,197,2.9532132e-05,0.00015087909208917255,-4.529705199075813,-3.821370937954101
v13,PlantCAD2-S-88M 8192bp Angiosperm 2.6M 65sp,16384,198,2.9087418e-05,0.00014860705685110223,-4.536294828017984,-3.8279605668962726
v13,PlantCAD2-S-88M 8192bp Angiosperm 2.6M 65sp,16384,199,2.8518918e-05,0.0001457026013294794,-4.544866955522254,-3.8365326944005425
v13,PlantCAD2-S-88M 8192bp Angiosperm 2.6M 65sp,16384,200,2.8361093e-05,0.0001448962764522584,-4.547277036016413,-3.8389427748947016
v13,PlantCAD2-S-88M 8192bp Angiosperm 2.6M 65sp,16384,201,2.7680137e-05,0.00014141728539828795,-4.557831764713951,-3.84949750359224
v13,PlantCAD2-S-88M 8192bp Angiosperm 2.6M 65sp,16384,202,2.7187825e-05,0.00013890207289738877,-4.565625534166097,-3.8572912730443853
v13,PlantCAD2-S-88M 8192bp Angiosperm 2.6M 65sp,16384,203,2.6702368e-05,0.0001364218824591118,-4.573450223139864,-3.8651159620181526
v13,PlantCAD2-S-88M 8192bp Angiosperm 2.6M 65sp,16384,204,2.6100153e-05,0.0001333451776535637,-4.583356946804977,-3.8750226856832652
v13,PlantCAD2-S-88M 8192bp Angiosperm 2.6M 65sp,16384,205,2.5934596e-05,0.00013249935013765637,-4.586120512904145,-3.8777862517824335
v13,PlantCAD2-S-88M 8192bp Angiosperm 2.6M 65sp,16384,206,2.5094763e-05,0.00012820865955878025,-4.600416901527182,-3.8920826404054707
v13,PlantCAD2-S-88M 8192bp Angiosperm 2.6M 65sp,16384,207,2.4742141e-05,0.0001264071205703094,-4.606562722481573,-3.898228461359861
v13,PlantCAD2-S-88M 8192bp Angiosperm 2.6M 65sp,16384,208,2.4363098e-05,0.00012447059720305785,-4.613267487847114,-3.904933226725403
v13,PlantCAD2-S-88M 8192bp Angiosperm 2.6M 65sp,16384,209,2.3813504e-05,0.0001216627320703388,-4.6231766963254834,-3.9148424352037723
v13,PlantCAD2-S-88M 8192bp Angiosperm 2.6M 65sp,16384,210,2.3437422e-05,0.00011974133639490704,-4.630090160262647,-3.921755899140935
v13,PlantCAD2-S-88M 8192bp Angiosperm 2.6M 65sp,16384,211,2.284179e-05,0.00011669826400923377,-4.641269865546076,-3.932935604424365
v13,PlantCAD2-S-88M 8192bp Angiosperm 2.6M 65sp,16384,212,2.2676444e-05,0.00011585351448825178,-4.644425048203285,-3.936090787081574
v13,PlantCAD2-S-88M 8192bp Angiosperm 2.6M 65sp,16384,213,2.1814947e-05,0.00011145214295173197,-4.661245837805994,-3.9529115766842833
v13,PlantCAD2-S-88M 8192bp Angiosperm 2.6M 65sp,16384,214,2.1465154e-05,0.00010966505726962993,-4.668265991362959,-3.959931730241247
v13,PlantCAD2-S-88M 8192bp Angiosperm 2.6M 65sp,16384,215,2.1170454e-05,0.00010815944066061982,-4.674269828443478,-3.9659355673217664
v13,PlantCAD2-S-88M 8192bp Angiosperm 2.6M 65sp,16384,216,2.1020396e-05,0.00010739279723640929,-4.677359106623911,-3.969024845502199
v13,PlantCAD2-S-88M 8192bp Angiosperm 2.6M 65sp,16384,217,2.0400272e-05,0.0001042245956957042,-4.690364042019612,-3.9820297808979013
v13,PlantCAD2-S-88M 8192bp Angiosperm 2.6M 65sp,16384,218,2.0235571e-05,0.00010338314146726655,-4.693884536335404,-3.985550275213693
v13,PlantCAD2-S-88M 8192bp Angiosperm 2.6M 65sp,16384,219,1.9628043e-05,0.00010027929264731848,-4.7071229992624355,-3.998788738140724
v13,PlantCAD2-S-88M 8192bp Angiosperm 2.6M 65sp,16384,220,1.9484649e-05,9.95466954704186e-05,-4.7103074132603675,-4.001973152138656
v13,PlantCAD2-S-88M 8192bp Angiosperm 2.6M 65sp,16384,221,1.9018433e-05,9.716480692957617e-05,-4.72082526907518,-4.012491007953469
v13,PlantCAD2-S-88M 8192bp Angiosperm 2.6M 65sp,16384,222,1.8827972e-05,9.619174535859322e-05,-4.725196456225569,-4.016862195103857
v13,PlantCAD2-S-88M 8192bp Angiosperm 2.6M 65sp,16384,223,1.8551918e-05,9.478139080350779e-05,-4.731611183959667,-4.0232769228379555
v13,PlantCAD2-S-88M 8192bp Angiosperm 2.6M 65sp,16384,224,1.7794247e-05,9.091046429599062e-05,-4.7497203853316226,-4.041386124209911
v13,PlantCAD2-S-88M 8192bp Angiosperm 2.6M 65sp,16384,225,1.7318498e-05,8.847987184224121e-05,-4.76148977621,-4.05315551508829
v13,PlantCAD2-S-88M 8192bp Angiosperm 2.6M 65sp,16384,226,1.7125176e-05,8.749219347750741e-05,-4.76636495645241,-4.058030695330699
v13,PlantCAD2-S-88M 8192bp Angiosperm 2.6M 65sp,16384,227,1.6908738e-05,8.638641591516966e-05,-4.771888805181021,-4.0635545440593095
v13,PlantCAD2-S-88M 8192bp Angiosperm 2.6M 65sp,16384,228,1.6570993e-05,8.466088323240711e-05,-4.780651466143184,-4.072317205021473
v13,PlantCAD2-S-88M 8192bp Angiosperm 2.6M 65sp,16384,229,1.5970756e-05,8.15942839906616e-05,-4.796674525385796,-4.088340264264084
v13,PlantCAD2-S-88M 8192bp Angiosperm 2.6M 65sp,16384,230,1.5825872e-05,8.08540744325353e-05,-4.800632351177604,-4.092298090055893
v13,PlantCAD2-S-88M 8192bp Angiosperm 2.6M 65sp,16384,231,1.5619815e-05,7.980133319872872e-05,-4.806324114181827,-4.097989853060115
v13,PlantCAD2-S-88M 8192bp Angiosperm 2.6M 65sp,16384,232,1.5433814e-05,7.885105768161813e-05,-4.811526737937328,-4.103192476815616
v13,PlantCAD2-S-88M 8192bp Angiosperm 2.6M 65sp,16384,233,1.5298576e-05,7.816012935121668e-05,-4.815348991674132,-4.107014730552422
v13,PlantCAD2-S-88M 8192bp Angiosperm 2.6M 65sp,16384,234,1.5080904e-05,7.704804730670885e-05,-4.821572624617143,-4.113238363495431
v13,PlantCAD2-S-88M 8192bp Angiosperm 2.6M 65sp,16384,235,1.4573678e-05,7.445663946781588e-05,-4.836430830280421,-4.12809656915871
v13,PlantCAD2-S-88M 8192bp Angiosperm 2.6M 65sp,16384,236,1.4414104e-05,7.364137898337006e-05,-4.841212348763105,-4.1328780876413935
v13,PlantCAD2-S-88M 8192bp Angiosperm 2.6M 65sp,16384,237,1.4106041e-05,7.206749106541457e-05,-4.850594858188292,-4.1422605970665805
v13,PlantCAD2-S-88M 8192bp Angiosperm 2.6M 65sp,16384,238,1.3911502e-05,7.10735950711824e-05,-4.856625977477676,-4.148291716355964
v13,PlantCAD2-S-88M 8192bp Angiosperm 2.6M 65sp,16384,239,1.3500161e-05,6.897206184564176e-05,-4.869661052172057,-4.161326791050345
v13,PlantCAD2-S-88M 8192bp Angiosperm 2.6M 65sp,16384,240,1.3465079e-05,6.87928285851148e-05,-4.870791094226965,-4.162456833105255
v13,PlantCAD2-S-88M 8192bp Angiosperm 2.6M 65sp,16384,241,1.3167475e-05,6.727237549618421e-05,-4.880497497528853,-4.172163236407141
v13,PlantCAD2-S-88M 8192bp Angiosperm 2.6M 65sp,16384,242,1.2998286e-05,6.64079921624149e-05,-4.88611391152533,-4.177779650403618
v13,PlantCAD2-S-88M 8192bp Angiosperm 2.6M 65sp,16384,243,1.2522463e-05,6.39770216440945e-05,-4.902310242842247,-4.193975981720535
v13,PlantCAD2-S-88M 8192bp Angiosperm 2.6M 65sp,16384,244,1.2289796e-05,6.278833043415708e-05,-4.910455325967054,-4.202121064845342
v13,PlantCAD2-S-88M 8192bp Angiosperm 2.6M 65sp,16384,245,1.2175239e-05,6.220306093338216e-05,-4.914522504826888,-4.206188243705177
v13,PlantCAD2-S-88M 8192bp Angiosperm 2.6M 65sp,16384,246,1.2008006e-05,6.134867076584029e-05,-4.920529103762267,-4.212194842640557
v13,PlantCAD2-S-88M 8192bp Angiosperm 2.6M 65sp,16384,247,1.1668632e-05,5.9614815553535575e-05,-4.932980056523277,-4.224645795401567
v13,PlantCAD2-S-88M 8192bp Angiosperm 2.6M 65sp,16384,248,1.1363161e-05,5.805417011352563e-05,-4.944500839936936,-4.236166578815224
v13,PlantCAD2-S-88M 8192bp Angiosperm 2.6M 65sp,16384,249,1.1259565e-05,5.752490015008142e-05,-4.948478387615125,-4.240144126493414
v13,PlantCAD2-S-88M 8192bp Angiosperm 2.6M 65sp,16384,250,1.1011192e-05,5.62559672894446e-05,-4.958165664588544,-4.249831403466834
v13,PlantCAD2-S-88M 8192bp Angiosperm 2.6M 65sp,16384,251,1.08361955e-05,5.536191355032469e-05,-4.965123168293234,-4.256788907171522
v13,PlantCAD2-S-88M 8192bp Angiosperm 2.6M 65sp,16384,252,1.0591472e-05,5.4111625914711903e-05,-4.975043677564686,-4.266709416442974
v13,PlantCAD2-S-88M 8192bp Angiosperm 2.6M 65sp,16384,253,1.0332012e-05,5.278604978517758e-05,-4.985815098091949,-4.277480836970238
v13,PlantCAD2-S-88M 8192bp Angiosperm 2.6M 65sp,16384,254,1.026911e-05,5.246468468188625e-05,-4.988467194069508,-4.280132932947797
v13,PlantCAD2-S-88M 8192bp Angiosperm 2.6M 65sp,16384,255,9.962291e-06,5.0897152335907713e-05,-5.0016407766120246,-4.293306515490313
v13,PlantCAD2-S-88M 8192bp Angiosperm 2.6M 65sp,16384,256,9.886804e-06,5.0511490710646946e-05,-5.004944075387925,-4.296609814266215
v13,PlantCAD2-S-88M 8192bp Angiosperm 2.6M 65sp,16384,257,9.702552e-06,4.9570150800761196e-05,-5.013114021017472,-4.3047797598957604
v13,PlantCAD2-S-88M 8192bp Angiosperm 2.6M 65sp,16384,258,9.578013e-06,4.8933883454749956e-05,-5.018724577835859,-4.310390316714147
v13,PlantCAD2-S-88M 8192bp Angiosperm 2.6M 65sp,16384,259,9.313637e-06,4.758319157614915e-05,-5.030880692747402,-4.322546431625691
v13,PlantCAD2-S-88M 8192bp Angiosperm 2.6M 65sp,16384,260,9.097405e-06,4.6478466463833323e-05,-5.041082470854802,-4.33274820973309
v13,PlantCAD2-S-88M 8192bp Angiosperm 2.6M 65sp,16384,261,9.0095455e-06,4.602959397499951e-05,-5.045297117103143,-4.336962855981432
v13,PlantCAD2-S-88M 8192bp Angiosperm 2.6M 65sp,16384,262,8.784433e-06,4.4879498559676163e-05,-5.056286265235064,-4.347952004113353
v13,PlantCAD2-S-88M 8192bp Angiosperm 2.6M 65sp,16384,263,8.459008e-06,4.3216908519000504e-05,-5.072680564311628,-4.364346303189916
v13,PlantCAD2-S-88M 8192bp Angiosperm 2.6M 65sp,16384,264,8.327861e-06,4.2546881028597214e-05,-5.079466532229121,-4.37113227110741
v13,PlantCAD2-S-88M 8192bp Angiosperm 2.6M 65sp,16384,265,8.157675e-06,4.1677404041081104e-05,-5.088433600872097,-4.3800993397503865
v13,PlantCAD2-S-88M 8192bp Angiosperm 2.6M 65sp,16384,266,8.072123e-06,4.124032052518686e-05,-5.09301222910337,-4.384677967981658
v13,PlantCAD2-S-88M 8192bp Angiosperm 2.6M 65sp,16384,267,7.897783e-06,4.034962083188919e-05,-5.102494803139011,-4.3941605420173
v13,PlantCAD2-S-88M 8192bp Angiosperm 2.6M 65sp,16384,268,7.845905e-06,4.0084577131711966e-05,-5.105356954710888,-4.397022693589176
v13,PlantCAD2-S-88M 8192bp Angiosperm 2.6M 65sp,16384,269,7.584843e-06,3.875081641511408e-05,-5.12005340432212,-4.411719143200409
v13,PlantCAD2-S-88M 8192bp Angiosperm 2.6M 65sp,16384,270,7.394842e-06,3.778010497524801e-05,-5.131071100809915,-4.422736839688203
v13,PlantCAD2-S-88M 8192bp Angiosperm 2.6M 65sp,16384,271,7.378662e-06,3.769744166770209e-05,-5.132022383258102,-4.42368812213639
v13,PlantCAD2-S-88M 8192bp Angiosperm 2.6M 65sp,16384,272,7.169222e-06,3.662741675222506e-05,-5.144527971171753,-4.436193710050041
v13,PlantCAD2-S-88M 8192bp Angiosperm 2.6M 65sp,16384,273,6.980046e-06,3.566092022142731e-05,-5.156141715273638,-4.447807454151927
v13,PlantCAD2-S-88M 8192bp Angiosperm 2.6M 65sp,16384,274,6.7297706e-06,3.4382268035927984e-05,-5.171999739468763,-4.463665478347052
v13,PlantCAD2-S-88M 8192bp Angiosperm 2.6M 65sp,16384,275,6.5928934e-06,3.368296506438133e-05,-5.180923946274506,-4.472589685152794
v13,PlantCAD2-S-88M 8192bp Angiosperm 2.6M 65sp,16384,276,6.4900205e-06,3.315738940487323e-05,-5.187753931393342,-4.47941967027163
v13,PlantCAD2-S-88M 8192bp Angiosperm 2.6M 65sp,16384,277,6.398954e-06,3.269213241497021e-05,-5.1938910118215285,-4.485556750699817
v13,PlantCAD2-S-88M 8192bp Angiosperm 2.6M 65sp,16384,278,6.286279e-06,3.211647801585174e-05,-5.201606347869577,-4.493272086747865
v13,PlantCAD2-S-88M 8192bp Angiosperm 2.6M 65sp,16384,279,6.217685e-06,3.176603259447936e-05,-5.206371283937582,-4.498037022815871
v13,PlantCAD2-S-88M 8192bp Angiosperm 2.6M 65sp,16384,280,6.086992e-06,3.109832458130882e-05,-5.215597269030323,-4.507263007908612
v13,PlantCAD2-S-88M 8192bp Angiosperm 2.6M 65sp,16384,281,6.0222687e-06,3.076765449148885e-05,-5.22023987115406,-4.511905610032349
v13,PlantCAD2-S-88M 8192bp Angiosperm 2.6M 65sp,16384,282,5.868008e-06,2.997953955413721e-05,-5.231509302743976,-4.523175041622264
v13,PlantCAD2-S-88M 8192bp Angiosperm 2.6M 65sp,16384,283,5.79536e-06,2.9608382325052153e-05,-5.236919581070984,-4.528585319949272
v13,PlantCAD2-S-88M 8192bp Angiosperm 2.6M 65sp,16384,284,5.6798854e-06,2.9018424823597113e-05,-5.245660426727311,-4.5373261656056
v13,PlantCAD2-S-88M 8192bp Angiosperm 2.6M 65sp,16384,285,5.488019e-06,2.8038183091154025e-05,-5.260584393733361,-4.5522501326116505
v13,PlantCAD2-S-88M 8192bp Angiosperm 2.6M 65sp,16384,286,5.4561056e-06,2.7875138146837828e-05,-5.263117232733272,-4.55478297161156
v13,PlantCAD2-S-88M 8192bp Angiosperm 2.6M 65sp,16384,287,5.316332e-06,2.7161037523623927e-05,-5.274387905595038,-4.566053644473327
v13,PlantCAD2-S-88M 8192bp Angiosperm 2.6M 65sp,16384,288,5.1985303e-06,2.6559190913207817e-05,-5.284119420368553,-4.575785159246841
v13,PlantCAD2-S-88M 8192bp Angiosperm 2.6M 65sp,16384,289,5.146903e-06,2.6295428034489297e-05,-5.288454016510216,-4.580119755388505
v13,PlantCAD2-S-88M 8192bp Angiosperm 2.6M 65sp,16384,290,5.0797103e-06,2.5952141827756233e-05,-5.294161055176516,-4.585826794054804
v13,PlantCAD2-S-88M 8192bp Angiosperm 2.6M 65sp,16384,291,5.0500994e-06,2.580086031147616e-05,-5.29670007367408,-4.588365812552368
v13,PlantCAD2-S-88M 8192bp Angiosperm 2.6M 65sp,16384,292,4.9220057e-06,2.5146432071810197e-05,-5.30785788769191,-4.599523626570198
v13,PlantCAD2-S-88M 8192bp Angiosperm 2.6M 65sp,16384,293,4.739808e-06,2.421558754095359e-05,-5.324239250357428,-4.615904989235717
v13,PlantCAD2-S-88M 8192bp Angiosperm 2.6M 65sp,16384,294,4.667173e-06,2.3844496728617485e-05,-5.330946100646265,-4.622611839524553
v13,PlantCAD2-S-88M 8192bp Angiosperm 2.6M 65sp,16384,295,4.579448e-06,2.3396311397686328e-05,-5.339186868066396,-4.630852606944685
v13,PlantCAD2-S-88M 8192bp Angiosperm 2.6M 65sp,16384,296,4.4843537e-06,2.2910476455364673e-05,-5.348300140077922,-4.63996587895621
v13,PlantCAD2-S-88M 8192bp Angiosperm 2.6M 65sp,16384,297,4.387878e-06,2.2417583967119414e-05,-5.3577454559978195,-4.649411194876109
v13,PlantCAD2-S-88M 8192bp Angiosperm 2.6M 65sp,16384,298,4.242245e-06,2.167354778245715e-05,-5.372404253529142,-4.6640699924074305
v13,PlantCAD2-S-88M 8192bp Angiosperm 2.6M 65sp,16384,299,4.2290317e-06,2.1606041287920897e-05,-5.373759059453838,-4.665424798332126
v13,PlantCAD2-S-88M 8192bp Angiosperm 2.6M 65sp,16384,300,4.1832677e-06,2.1372233895675432e-05,-5.378484342707729,-4.670150081586018
v13,PlantCAD2-S-88M 8192bp Angiosperm 2.6M 65sp,16384,301,4.130617e-06,2.110324248611992e-05,-5.3839850719074125,-4.675650810785701
v13,PlantCAD2-S-88M 8192bp Angiosperm 2.6M 65sp,16384,302,4.0366217e-06,2.0623022313575337e-05,-5.393981949450427,-4.685647688328716
v13,PlantCAD2-S-88M 8192bp Angiosperm 2.6M 65sp,16384,303,3.9948136e-06,2.040942553803697e-05,-5.398503480274906,-4.690169219153194
v13,PlantCAD2-S-88M 8192bp Angiosperm 2.6M 65sp,16384,304,3.913649e-06,1.999475716401708e-05,-5.407418127119178,-4.6990838659974665
v13,PlantCAD2-S-88M 8192bp Angiosperm 2.6M 65sp,16384,305,3.8516887e-06,1.967820318784046e-05,-5.4143488205442445,-4.706014559422534
v13,PlantCAD2-S-88M 8192bp Angiosperm 2.6M 65sp,16384,306,3.7745317e-06,1.9284009564829286e-05,-5.423136922901514,-4.714802661779803
v13,PlantCAD2-S-88M 8192bp Angiosperm 2.6M 65sp,16384,307,3.6685483e-06,1.8742542420888456e-05,-5.435505758643075,-4.727171497521363
v13,PlantCAD2-S-88M 8192bp Angiosperm 2.6M 65sp,16384,308,3.5980456e-06,1.838234548807523e-05,-5.443933336904063,-4.735599075782352
v13,PlantCAD2-S-88M 8192bp Angiosperm 2.6M 65sp,16384,309,3.5609598e-06,1.819287485204392e-05,-5.448432929088093,-4.740098667966382
v13,PlantCAD2-S-88M 8192bp Angiosperm 2.6M 65sp,16384,310,3.504545e-06,1.790465272827743e-05,-5.455368359099979,-4.747034097978268
v13,PlantCAD2-S-88M 8192bp Angiosperm 2.6M 65sp,16384,311,3.420657e-06,1.747607055624947e-05,-5.4658904717008,-4.757556210579089
v13,PlantCAD2-S-88M 8192bp Angiosperm 2.6M 65sp,16384,312,3.3519304e-06,1.7124947684037748e-05,-5.4747050077057695,-4.766370746584058
v13,PlantCAD2-S-88M 8192bp Angiosperm 2.6M 65sp,16384,313,3.2714725e-06,1.6713889826670678e-05,-5.485256726029977,-4.7769224649082656
v13,PlantCAD2-S-88M 8192bp Angiosperm 2.6M 65sp,16384,314,3.2290586e-06,1.6497198030630995e-05,-5.490924073463572,-4.78258981234186
v13,PlantCAD2-S-88M 8192bp Angiosperm 2.6M 65sp,16384,315,3.1921593e-06,1.6308680219498157e-05,-5.495915443955175,-4.787581182833463
v13,PlantCAD2-S-88M 8192bp Angiosperm 2.6M 65sp,16384,316,3.1756756e-06,1.6224465314517026e-05,-5.498163867808385,-4.7898296066866735
v13,PlantCAD2-S-88M 8192bp Angiosperm 2.6M 65sp,16384,317,3.0519598e-06,1.559240368140887e-05,-5.515421191147417,-4.807086930025705
v13,PlantCAD2-S-88M 8192bp Angiosperm 2.6M 65sp,16384,318,3.0128424e-06,1.5392553640210047e-05,-5.521023585419398,-4.812689324297686
v13,PlantCAD2-S-88M 8192bp Angiosperm 2.6M 65sp,16384,319,2.9600092e-06,1.5122629841678819e-05,-5.528706939108958,-4.820372677987248
v13,PlantCAD2-S-88M 8192bp Angiosperm 2.6M 65sp,16384,320,2.9168705e-06,1.4902235056435844e-05,-5.535082851777772,-4.82674859065606
v13,PlantCAD2-S-88M 8192bp Angiosperm 2.6M 65sp,16384,321,2.8240433e-06,1.442798268423393e-05,-5.5491286486942775,-4.840794387572566
v13,PlantCAD2-S-88M 8192bp Angiosperm 2.6M 65sp,16384,322,2.7808576e-06,1.4207347776898577e-05,-5.555821249581585,-4.847486988459873
v13,PlantCAD2-S-88M 8192bp Angiosperm 2.6M 65sp,16384,323,2.7473377e-06,1.403609525510571e-05,-5.561087954255287,-4.852753693133576
v13,PlantCAD2-S-88M 8192bp Angiosperm 2.6M 65sp,16384,324,2.7016556e-06,1.3802706288378664e-05,-5.56837001451185,-4.8600357533901395
v13,PlantCAD2-S-88M 8192bp Angiosperm 2.6M 65sp,16384,325,2.628885e-06,1.3430922698261148e-05,-5.580228411595347,-4.8718941504736355
v13,PlantCAD2-S-88M 8192bp Angiosperm 2.6M 65sp,16384,326,2.4850415e-06,1.2696029034541615e-05,-5.604666354185979,-4.8963320930642675
v13,PlantCAD2-S-88M 8192bp Angiosperm 2.6M 65sp,16384,327,2.4614692e-06,1.2575598609049354e-05,-5.608805594119838,-4.900471332998126
v13,PlantCAD2-S-88M 8192bp Angiosperm 2.6M 65sp,16384,328,2.392409e-06,1.2222771380879825e-05,-5.621164572485066,-4.912830311363355
v13,PlantCAD2-S-88M 8192bp Angiosperm 2.6M 65sp,16384,329,2.3685282e-06,1.2100764834845047e-05,-5.625521440139536,-4.917187179017825
v13,PlantCAD2-S-88M 8192bp Angiosperm 2.6M 65sp,16384,330,2.3423745e-06,1.1967146086602536e-05,-5.63034366849464,-4.922009407372928
v13,PlantCAD2-S-88M 8192bp Angiosperm 2.6M 65sp,16384,331,2.2256577e-06,1.1370842209335783e-05,-5.652541628155956,-4.944207367034244
v13,PlantCAD2-S-88M 8192bp Angiosperm 2.6M 65sp,16384,332,2.1710189e-06,1.1091693635272728e-05,-5.663336395739509,-4.955002134617798
v13,PlantCAD2-S-88M 8192bp Angiosperm 2.6M 65sp,16384,333,2.0968253e-06,1.0712639965634951e-05,-5.678437751893531,-4.9701034907718205
v13,PlantCAD2-S-88M 8192bp Angiosperm 2.6M 65sp,16384,334,2.0745822e-06,1.0599000397274337e-05,-5.683069352688871,-4.974735091567159
v13,PlantCAD2-S-88M 8192bp Angiosperm 2.6M 65sp,16384,335,2.0435732e-06,1.0440576015093155e-05,-5.689609801413749,-4.981275540292037
v13,PlantCAD2-S-88M 8192bp Angiosperm 2.6M 65sp,16384,336,2.0386037e-06,1.0415186935559815e-05,-5.6906671918928176,-4.982332930771106
v13,PlantCAD2-S-88M 8192bp Angiosperm 2.6M 65sp,16384,337,2.007331e-06,1.0255415315170974e-05,-5.697381008369082,-4.989046747247372
v13,PlantCAD2-S-88M 8192bp Angiosperm 2.6M 65sp,16384,338,1.9368217e-06,9.895184663085204e-06,-5.712910357737398,-5.004576096615686
v13,PlantCAD2-S-88M 8192bp Angiosperm 2.6M 65sp,16384,339,1.9062593e-06,9.73904195167967e-06,-5.719818024526802,-5.01148376340509
v13,PlantCAD2-S-88M 8192bp Angiosperm 2.6M 65sp,16384,340,1.8623432e-06,9.514675444849167e-06,-5.729940282467676,-5.021606021345964
v13,PlantCAD2-S-88M 8192bp Angiosperm 2.6M 65sp,16384,341,1.8403343e-06,9.402232399765887e-06,-5.735103279458954,-5.026769018337243
v13,PlantCAD2-S-88M 8192bp Angiosperm 2.6M 65sp,16384,342,1.783512e-06,9.111928366368684e-06,-5.748723964253157,-5.040389703131446
v13,PlantCAD2-S-88M 8192bp Angiosperm 2.6M 65sp,16384,343,1.7462518e-06,8.921566724105234e-06,-5.757893133215821,-5.049558872094109
v13,PlantCAD2-S-88M 8192bp Angiosperm 2.6M 65sp,16384,344,1.7344146e-06,8.861090697894936e-06,-5.760847079311017,-5.052512818189306
v13,PlantCAD2-S-88M 8192bp Angiosperm 2.6M 65sp,16384,345,1.6725405e-06,8.544977115853698e-06,-5.776623357139475,-5.068289096017764
v13,PlantCAD2-S-88M 8192bp Angiosperm 2.6M 65sp,16384,346,1.6147377e-06,8.249663726891058e-06,-5.791898014939309,-5.0835637538175975
v13,PlantCAD2-S-88M 8192bp Angiosperm 2.6M 65sp,16384,347,1.58243e-06,8.08460431148924e-06,-5.800675492233906,-5.0923412311121945
v13,PlantCAD2-S-88M 8192bp Angiosperm 2.6M 65sp,16384,348,1.5499382e-06,7.918604332742599e-06,-5.809685617916194,-5.101351356794482
v13,PlantCAD2-S-88M 8192bp Angiosperm 2.6M 65sp,16384,349,1.5278071e-06,7.805536970219138e-06,-5.815931476057484,-5.1075972149357725
v13,PlantCAD2-S-88M 8192bp Angiosperm 2.6M 65sp,16384,350,1.5240013e-06,7.786093211513435e-06,-5.817014662535404,-5.108680401413693
v13,PlantCAD2-S-88M 8192bp Angiosperm 2.6M 65sp,16384,351,1.4731982e-06,7.526541154678682e-06,-5.831738820451489,-5.123404559329777
v13,PlantCAD2-S-88M 8192bp Angiosperm 2.6M 65sp,16384,352,1.4352179e-06,7.332500535421176e-06,-5.84308215775682,-5.134747896635108
v13,PlantCAD2-S-88M 8192bp Angiosperm 2.6M 65sp,16384,353,1.4232476e-06,7.271344503881191e-06,-5.8467195398597385,-5.138385278738027
v13,PlantCAD2-S-88M 8192bp Angiosperm 2.6M 65sp,16384,354,1.3973462e-06,7.139014751466482e-06,-5.854695981772184,-5.146361720650472
v13,PlantCAD2-S-88M 8192bp Angiosperm 2.6M 65sp,16384,355,1.3832456e-06,7.066975058364995e-06,-5.859100702569627,-5.150766441447916
v13,PlantCAD2-S-88M 8192bp Angiosperm 2.6M 65sp,16384,356,1.3396278e-06,6.844132560473983e-06,-5.873015848545337,-5.164681587423626
v13,PlantCAD2-S-88M 8192bp Angiosperm 2.6M 65sp,16384,357,1.3292733e-06,6.791231619931074e-06,-5.876385718470814,-5.168051457349103
v13,PlantCAD2-S-88M 8192bp Angiosperm 2.6M 65sp,16384,358,1.2972046e-06,6.6273932509138945e-06,-5.886991519950441,-5.178657258828729
v13,PlantCAD2-S-88M 8192bp Angiosperm 2.6M 65sp,16384,359,1.2836001e-06,6.557888123132156e-06,-5.891570257742437,-5.183235996620725
v13,PlantCAD2-S-88M 8192bp Angiosperm 2.6M 65sp,16384,360,1.2654923e-06,6.465375722614228e-06,-5.897740493000934,-5.1894062318792225
v13,PlantCAD2-S-88M 8192bp Angiosperm 2.6M 65sp,16384,361,1.2323305e-06,6.295952726806044e-06,-5.9092728026608485,-5.200938541539137
v13,PlantCAD2-S-88M 8192bp Angiosperm 2.6M 65sp,16384,362,1.224492e-06,6.255905981676335e-06,-5.912044047915506,-5.2037097867937945
v13,PlantCAD2-S-88M 8192bp Angiosperm 2.6M 65sp,16384,363,1.1954924e-06,6.107747585291367e-06,-5.9224531804420195,-5.214118919320309
v13,PlantCAD2-S-88M 8192bp Angiosperm 2.6M 65sp,16384,364,1.1805616e-06,6.031466416421981e-06,-5.927911347134921,-5.219577086013209
v13,PlantCAD2-S-88M 8192bp Angiosperm 2.6M 65sp,16384,365,1.1446431e-06,5.8479594935487885e-06,-5.94132990534379,-5.232995644222078
v13,PlantCAD2-S-88M 8192bp Angiosperm 2.6M 65sp,16384,366,1.1313258e-06,5.779921665020894e-06,-5.946412308631927,-5.238078047510215
v13,PlantCAD2-S-88M 8192bp Angiosperm 2.6M 65sp,16384,367,1.09332e-06,5.585750766755822e-06,-5.961252707314448,-5.252918446192736
v13,PlantCAD2-S-88M 8192bp Angiosperm 2.6M 65sp,16384,368,1.0822158e-06,5.529019623390466e-06,-5.965686129798444,-5.257351868676733
v13,PlantCAD2-S-88M 8192bp Angiosperm 2.6M 65sp,16384,369,1.0505555e-06,5.367267762086623e-06,-5.9785809992246595,-5.270246738102948
v13,PlantCAD2-S-88M 8192bp Angiosperm 2.6M 65sp,16384,370,1.0319832e-06,5.272382240038714e-06,-5.9863273726765245,-5.277993111554813
v13,PlantCAD2-S-88M 8192bp Angiosperm 2.6M 65sp,16384,371,1.0059731e-06,5.1394971414231245e-06,-5.9974136322798515,-5.28907937115814
v13,PlantCAD2-S-88M 8192bp Angiosperm 2.6M 65sp,16384,372,9.781863e-07,4.997534916817621e-06,-6.009578423988737,-5.301244162867025
v13,PlantCAD2-S-88M 8192bp Angiosperm 2.6M 65sp,16384,373,9.530614e-07,4.869172287907819e-06,-6.020879119485267,-5.312544858363555
v13,PlantCAD2-S-88M 8192bp Angiosperm 2.6M 65sp,16384,374,9.385705e-07,4.795138559643467e-06,-6.0275331001219845,-5.319198839000273
v13,PlantCAD2-S-88M 8192bp Angiosperm 2.6M 65sp,16384,375,9.326799e-07,4.765043597997606e-06,-6.030267382530753,-5.3219331214090415
v13,PlantCAD2-S-88M 8192bp Angiosperm 2.6M 65sp,16384,376,9.1661053e-07,4.682945496985293e-06,-6.03781515789788,-5.329480896776169
v13,PlantCAD2-S-88M 8192bp Angiosperm 2.6M 65sp,16384,377,8.953055e-07,4.5740985101394875e-06,-6.0480287475607994,-5.339694486439088
v13,PlantCAD2-S-88M 8192bp Angiosperm 2.6M 65sp,16384,378,8.9229354e-07,4.558710464663837e-06,-6.049492251194782,-5.341157990073071
v13,PlantCAD2-S-88M 8192bp Angiosperm 2.6M 65sp,16384,379,8.752657e-07,4.471715558930661e-06,-6.05786009037474,-5.349525829253029
v13,PlantCAD2-S-88M 8192bp Angiosperm 2.6M 65sp,16384,380,8.7326777e-07,4.461508173142947e-06,-6.058852568204576,-5.350518307082864
v13,PlantCAD2-S-88M 8192bp Angiosperm 2.6M 65sp,16384,381,8.5367e-07,4.361383544668023e-06,-6.068709980454146,-5.360375719332434
v13,PlantCAD2-S-88M 8192bp Angiosperm 2.6M 65sp,16384,382,8.4410215e-07,4.312501583784013e-06,-6.07360499354391,-5.365270732422198
v13,PlantCAD2-S-88M 8192bp Angiosperm 2.6M 65sp,16384,383,8.166379e-07,4.1721872608997036e-06,-6.087970468426112,-5.3796362073044
v13,PlantCAD2-S-88M 8192bp Angiosperm 2.6M 65sp,16384,384,8.1377675e-07,4.157569700801742e-06,-6.089494722311372,-5.38116046118966
v13,PlantCAD2-S-88M 8192bp Angiosperm 2.6M 65sp,16384,385,8.028433e-07,4.101710915889012e-06,-6.095369212612117,-5.387034951490406
v13,PlantCAD2-S-88M 8192bp Angiosperm 2.6M 65sp,16384,386,7.917805e-07,4.0451912843241756e-06,-6.101395198272979,-5.393060937151267
v13,PlantCAD2-S-88M 8192bp Angiosperm 2.6M 65sp,16384,387,7.7177225e-07,3.942969521456084e-06,-6.112510841064617,-5.404176579942906
v13,PlantCAD2-S-88M 8192bp Angiosperm 2.6M 65sp,16384,388,7.43232e-07,3.7971579353505495e-06,-6.128875599977495,-5.4205413388557835
v13,PlantCAD2-S-88M 8192bp Angiosperm 2.6M 65sp,16384,389,7.34686e-07,3.7534965863834627e-06,-6.133898235888136,-5.425563974766424
v13,PlantCAD2-S-88M 8192bp Angiosperm 2.6M 65sp,16384,390,7.0737934e-07,3.6139873877659123e-06,-6.150347628511969,-5.442013367390257
v13,PlantCAD2-S-88M 8192bp Angiosperm 2.6M 65sp,16384,391,6.996627e-07,3.5745632230229467e-06,-6.15511127831877,-5.446777017197058
v13,PlantCAD2-S-88M 8192bp Angiosperm 2.6M 65sp,16384,392,6.890454e-07,3.5203196423550032e-06,-6.161752162243454,-5.4534179011217425
v13,PlantCAD2-S-88M 8192bp Angiosperm 2.6M 65sp,16384,393,6.7794343e-07,3.463599892016584e-06,-6.1688065436902155,-5.460472282568504
v13,PlantCAD2-S-88M 8192bp Angiosperm 2.6M 65sp,16384,394,6.595565e-07,3.3696614217189716e-06,-6.180747995284855,-5.472413734163143
v13,PlantCAD2-S-88M 8192bp Angiosperm 2.6M 65sp,16384,395,6.5871944e-07,3.365384898343546e-06,-6.181299519555074,-5.472965258433363
v13,PlantCAD2-S-88M 8192bp Angiosperm 2.6M 65sp,16384,396,6.4413547e-07,3.29087567724648e-06,-6.191022785301262,-5.482688524179551
v13,PlantCAD2-S-88M 8192bp Angiosperm 2.6M 65sp,16384,397,6.279603e-07,3.208237046077284e-06,-6.202067811734027,-5.493733550612316
v13,PlantCAD2-S-88M 8192bp Angiosperm 2.6M 65sp,16384,398,6.215344e-07,3.175407247068671e-06,-6.206534829505465,-5.498200568383753
v13,PlantCAD2-S-88M 8192bp Angiosperm 2.6M 65sp,16384,399,6.083985e-07,3.108296187637738e-06,-6.215811865366123,-5.507477604244412
v13,PlantCAD2-S-88M 8192bp Angiosperm 2.6M 65sp,16384,400,6.045561e-07,3.0886654402388224e-06,-6.2185633924211245,-5.510229131299413
v13,PlantCAD2-S-88M 8192bp Angiosperm 2.6M 65sp,16384,401,5.960268e-07,3.0450894112492395e-06,-6.224734212020772,-5.5163999508990615
v13,PlantCAD2-S-88M 8192bp Angiosperm 2.6M 65sp,16384,402,5.9107936e-07,3.0198130358298948e-06,-6.228354205588703,-5.520019944466991
v13,PlantCAD2-S-88M 8192bp Angiosperm 2.6M 65sp,16384,403,5.811014e-07,2.968835830875573e-06,-6.235748078249848,-5.527413817128137
v13,PlantCAD2-S-88M 8192bp Angiosperm 2.6M 65sp,16384,404,5.7115585e-07,2.9180242079853772e-06,-6.243245370633896,-5.534911109512184
v13,PlantCAD2-S-88M 8192bp Angiosperm 2.6M 65sp,16384,405,5.622194e-07,2.8723680575083213e-06,-6.250094172660302,-5.54175991153859
v13,PlantCAD2-S-88M 8192bp Angiosperm 2.6M 65sp,16384,406,5.5060747e-07,2.813042931377806e-06,-6.259157900901691,-5.5508236397799795
v13,PlantCAD2-S-88M 8192bp Angiosperm 2.6M 65sp,16384,407,5.4393183e-07,2.7789372155319555e-06,-6.26445552623928,-5.556121265117569
v13,PlantCAD2-S-88M 8192bp Angiosperm 2.6M 65sp,16384,408,5.297037e-07,2.7062459741232168e-06,-6.275966993490736,-5.567632732369025
v13,PlantCAD2-S-88M 8192bp Angiosperm 2.6M 65sp,16384,409,5.206975e-07,2.6602334722431123e-06,-6.283414507476624,-5.575080246354913
v13,PlantCAD2-S-88M 8192bp Angiosperm 2.6M 65sp,16384,410,5.132103e-07,2.6219815120294017e-06,-6.28970463603001,-5.581370374908299
v13,PlantCAD2-S-88M 8192bp Angiosperm 2.6M 65sp,16384,411,5.121255e-07,2.6164392897781147e-06,-6.290623599026822,-5.58228933790511
v13,PlantCAD2-S-88M 8192bp Angiosperm 2.6M 65sp,16384,412,5.0665477e-07,2.5884894358540906e-06,-6.295287864243333,-5.586953603121621
v13,PlantCAD2-S-88M 8192bp Angiosperm 2.6M 65sp,16384,413,4.9315895e-07,2.5195395520936193e-06,-6.307013080759282,-5.598678819637572
v13,PlantCAD2-S-88M 8192bp Angiosperm 2.6M 65sp,16384,414,4.8827496e-07,2.494587341498983e-06,-6.3113355468866,-5.603001285764889
v13,PlantCAD2-S-88M 8192bp Angiosperm 2.6M 65sp,16384,415,4.8310255e-07,2.4681615986940628e-06,-6.315960670135078,-5.607626409013367
v13,PlantCAD2-S-88M 8192bp Angiosperm 2.6M 65sp,16384,416,4.7639412e-07,2.433888359371424e-06,-6.322033607532067,-5.613699346410355
v13,PlantCAD2-S-88M 8192bp Angiosperm 2.6M 65sp,16384,417,4.7325634e-07,2.4178575019454997e-06,-6.324903559279492,-5.61656929815778
v13,PlantCAD2-S-88M 8192bp Angiosperm 2.6M 65sp,16384,418,4.6410105e-07,2.371083302134491e-06,-6.3333874490153805,-5.625053187893669
v13,PlantCAD2-S-88M 8192bp Angiosperm 2.6M 65sp,16384,419,4.6092077e-07,2.3548353130292904e-06,-6.336373721267647,-5.628039460145936
v13,PlantCAD2-S-88M 8192bp Angiosperm 2.6M 65sp,16384,420,4.5680696e-07,2.3338179371816083e-06,-6.340267287716309,-5.631933026594598
v13,PlantCAD2-S-88M 8192bp Angiosperm 2.6M 65sp,16384,421,4.4779938e-07,2.2877983849081527e-06,-6.348916512058385,-5.640582250936673
v13,PlantCAD2-S-88M 8192bp Angiosperm 2.6M 65sp,16384,422,4.39014e-07,2.2429140481437642e-06,-6.357521630040797,-5.649187368919085
v13,PlantCAD2-S-88M 8192bp Angiosperm 2.6M 65sp,16384,423,4.3123802e-07,2.2031867164867217e-06,-6.365282956661073,-5.656948695539361
v13,PlantCAD2-S-88M 8192bp Angiosperm 2.6M 65sp,16384,424,4.2451157e-07,2.168821413332069e-06,-6.372110468626907,-5.663776207505196
v13,PlantCAD2-S-88M 8192bp Angiosperm 2.6M 65sp,16384,425,4.1998362e-07,2.145688204221898e-06,-6.376767647417183,-5.668433386295472
v13,PlantCAD2-S-88M 8192bp Angiosperm 2.6M 65sp,16384,426,4.1385036e-07,2.1143534973220765e-06,-6.383156662681044,-5.674822401559332
v13,PlantCAD2-S-88M 8192bp Angiosperm 2.6M 65sp,16384,427,4.056308e-07,2.072359924011065e-06,-6.391869075957284,-5.683534814835572
v13,PlantCAD2-S-88M 8192bp Angiosperm 2.6M 65sp,16384,428,3.9914033e-07,2.039200238119372e-06,-6.398874387947513,-5.690540126825802
v13,PlantCAD2-S-88M 8192bp Angiosperm 2.6M 65sp,16384,429,3.9727294e-07,2.029659778670782e-06,-6.400911015636587,-5.692576754514875
v13,PlantCAD2-S-88M 8192bp Angiosperm 2.6M 65sp,16384,430,3.9343817e-07,2.0100680127945225e-06,-6.405123508635731,-5.696789247514021
v13,PlantCAD2-S-88M 8192bp Angiosperm 2.6M 65sp,16384,431,3.8402305e-07,1.961966346531125e-06,-6.41564270743618,-5.707308446314469
v13,PlantCAD2-S-88M 8192bp Angiosperm 2.6M 65sp,16384,432,3.7754333e-07,1.9288615821818373e-06,-6.423033197942062,-5.7146989368203505
v13,PlantCAD2-S-88M 8192bp Angiosperm 2.6M 65sp,16384,433,3.7317022e-07,1.906519447641531e-06,-6.428093021425305,-5.719758760303594
v13,PlantCAD2-S-88M 8192bp Angiosperm 2.6M 65sp,16384,434,3.6596015e-07,1.869683339246127e-06,-6.436566203068277,-5.728231941946565
v13,PlantCAD2-S-88M 8192bp Angiosperm 2.6M 65sp,16384,435,3.6410654e-07,1.8602132815514297e-06,-6.438771520295929,-5.730437259174218
v13,PlantCAD2-S-88M 8192bp Angiosperm 2.6M 65sp,16384,436,3.611572e-07,1.8451451604465166e-06,-6.442303722658596,-5.733969461536884
v13,PlantCAD2-S-88M 8192bp Angiosperm 2.6M 65sp,16384,437,3.5611572e-07,1.81938833648319e-06,-6.448408854861077,-5.740074593739365
v13,PlantCAD2-S-88M 8192bp Angiosperm 2.6M 65sp,16384,438,3.5299087e-07,1.8034235381775735e-06,-6.452236527359762,-5.743902266238051
v13,PlantCAD2-S-88M 8192bp Angiosperm 2.6M 65sp,16384,439,3.4475104e-07,1.761326405827998e-06,-6.462494415027153,-5.754160153905441
v13,PlantCAD2-S-88M 8192bp Angiosperm 2.6M 65sp,16384,440,3.385648e-07,1.7297210251312802e-06,-6.470358196730408,-5.762023935608696
v13,PlantCAD2-S-88M 8192bp Angiosperm 2.6M 65sp,16384,441,3.356047e-07,1.714597931394155e-06,-6.474171965692646,-5.765837704570935
v13,PlantCAD2-S-88M 8192bp Angiosperm 2.6M 65sp,16384,442,3.304823e-07,1.6884276887134851e-06,-6.480851795537424,-5.772517534415712
v13,PlantCAD2-S-88M 8192bp Angiosperm 2.6M 65sp,16384,443,3.3006032e-07,1.6862718010423954e-06,-6.481406683609308,-5.773072422487596
v13,PlantCAD2-S-88M 8192bp Angiosperm 2.6M 65sp,16384,444,3.2518216e-07,1.6613493758051753e-06,-6.487873288496425,-5.779539027374714
v13,PlantCAD2-S-88M 8192bp Angiosperm 2.6M 65sp,16384,445,3.2178218e-07,1.6439789436426295e-06,-6.492438010398445,-5.784103749276733
v13,PlantCAD2-S-88M 8192bp Angiosperm 2.6M 65sp,16384,446,3.1791228e-07,1.6242076992747698e-06,-6.497692696265048,-5.7893584351433365
v13,PlantCAD2-S-88M 8192bp Angiosperm 2.6M 65sp,16384,447,3.1210953e-07,1.594561561582427e-06,-6.505692970318249,-5.797358709196538
v13,PlantCAD2-S-88M 8192bp Angiosperm 2.6M 65sp,16384,448,3.0616403e-07,1.5641861168967479e-06,-6.514045834180333,-5.8057115730586215
v13,PlantCAD2-S-88M 8192bp Angiosperm 2.6M 65sp,16384,449,3.0231467e-07,1.5445198109922375e-06,-6.51954077791161,-5.811206516789898
v13,PlantCAD2-S-88M 8192bp Angiosperm 2.6M 65sp,16384,450,2.9798494e-07,1.5223993040342147e-06,-6.5258056843806935,-5.817471423258982
v13,PlantCAD2-S-88M 8192bp Angiosperm 2.6M 65sp,16384,451,2.9138533e-07,1.4886820239901385e-06,-6.535532316877716,-5.827198055756004
v13,PlantCAD2-S-88M 8192bp Angiosperm 2.6M 65sp,16384,452,2.847654e-07,1.4548609294584645e-06,-6.5455127801402675,-5.837178519018557
v13,PlantCAD2-S-88M 8192bp Angiosperm 2.6M 65sp,16384,453,2.8402846e-07,1.4510959172296083e-06,-6.546638140932928,-5.838303879811217
v13,PlantCAD2-S-88M 8192bp Angiosperm 2.6M 65sp,16384,454,2.766764e-07,1.4135343846661913e-06,-6.558027883818521,-5.849693622696809
v13,PlantCAD2-S-88M 8192bp Angiosperm 2.6M 65sp,16384,455,2.7355142e-07,1.3975689221930849e-06,-6.562961026466612,-5.854626765344901
v13,PlantCAD2-S-88M 8192bp Angiosperm 2.6M 65sp,16384,456,2.718307e-07,1.388777796942132e-06,-6.5657014965083285,-5.857367235386617
v13,PlantCAD2-S-88M 8192bp Angiosperm 2.6M 65sp,16384,457,2.6755737e-07,1.3669454364949612e-06,-6.572583081668803,-5.8642488205470915
v13,PlantCAD2-S-88M 8192bp Angiosperm 2.6M 65sp,16384,458,2.628296e-07,1.3427913508635404e-06,-6.580325725897788,-5.871991464776077
v13,PlantCAD2-S-88M 8192bp Angiosperm 2.6M 65sp,16384,459,2.5873396e-07,1.321866805194975e-06,-6.58714656443131,-5.878812303309599
v13,PlantCAD2-S-88M 8192bp Angiosperm 2.6M 65sp,16384,460,2.5529297e-07,1.3042868537343786e-06,-6.592961144193963,-5.884626883072252
v13,PlantCAD2-S-88M 8192bp Angiosperm 2.6M 65sp,16384,461,2.5137516e-07,1.2842708381017151e-06,-6.599677639967176,-5.891343378845464
v13,PlantCAD2-S-88M 8192bp Angiosperm 2.6M 65sp,16384,462,2.4861635e-07,1.2701761310874526e-06,-6.604470313822739,-5.896136052701028
v13,PlantCAD2-S-88M 8192bp Angiosperm 2.6M 65sp,16384,463,2.4644538e-07,1.2590846872813356e-06,-6.60827931895504,-5.899945057833328
v13,PlantCAD2-S-88M 8192bp Angiosperm 2.6M 65sp,16384,464,2.4024675e-07,1.2274160063138828e-06,-6.619342478650522,-5.911008217528811
v13,PlantCAD2-S-88M 8192bp Angiosperm 2.6M 65sp,16384,465,2.389814e-07,1.2209513575992204e-06,-6.621635899017164,-5.913301637895453
v13,PlantCAD2-S-88M 8192bp Angiosperm 2.6M 65sp,16384,466,2.3870143e-07,1.2195209962757574e-06,-6.622144979236861,-5.91381071811515
v13,PlantCAD2-S-88M 8192bp Angiosperm 2.6M 65sp,16384,467,2.3422234e-07,1.1966374119620448e-06,-6.630371684515498,-5.922037423393786
v13,PlantCAD2-S-88M 8192bp Angiosperm 2.6M 65sp,16384,468,2.3074679e-07,1.1788808941288411e-06,-6.636864331883778,-5.928530070762067
v13,PlantCAD2-S-88M 8192bp Angiosperm 2.6M 65sp,16384,469,2.2868049e-07,1.1683242073314283e-06,-6.640770885881991,-5.932436624760279
v13,PlantCAD2-S-88M 8192bp Angiosperm 2.6M 65sp,16384,470,2.261309e-07,1.155298401256891e-06,-6.645640088771087,-5.937305827649375
v13,PlantCAD2-S-88M 8192bp Angiosperm 2.6M 65sp,16384,471,2.2172667e-07,1.1327972752375472e-06,-6.654182065400595,-5.945847804278883
v13,PlantCAD2-S-88M 8192bp Angiosperm 2.6M 65sp,16384,472,2.1685001e-07,1.1078825134713603e-06,-6.663840553487805,-5.955506292366094
v13,PlantCAD2-S-88M 8192bp Angiosperm 2.6M 65sp,16384,473,2.1539016e-07,1.1004241680127128e-06,-6.6667741411277115,-5.958439880006001
v13,PlantCAD2-S-88M 8192bp Angiosperm 2.6M 65sp,16384,474,2.1266155e-07,1.086483752215254e-06,-6.6723110250588356,-5.963976763937124
v13,PlantCAD2-S-88M 8192bp Angiosperm 2.6M 65sp,16384,475,2.0995438e-07,1.0726528729637647e-06,-6.677875060821283,-5.969540799699572
v13,PlantCAD2-S-88M 8192bp Angiosperm 2.6M 65sp,16384,476,2.0945097e-07,1.0700809609951804e-06,-6.6789176240128505,-5.970583362891139
v13,PlantCAD2-S-88M 8192bp Angiosperm 2.6M 65sp,16384,477,2.0484026e-07,1.0465249326431986e-06,-6.6885846815952394,-5.980250420473528
v13,PlantCAD2-S-88M 8192bp Angiosperm 2.6M 65sp,16384,478,2.0191044e-07,1.031556538841332e-06,-6.694841224804898,-5.986506963683186
v13,PlantCAD2-S-88M 8192bp Angiosperm 2.6M 65sp,16384,479,1.9866616e-07,1.0149815749720437e-06,-6.701876102577503,-5.993541841455793
v13,PlantCAD2-S-88M 8192bp Angiosperm 2.6M 65sp,16384,480,1.9534602e-07,9.980190438276973e-07,-6.709195432709717,-6.000861171588006
v13,PlantCAD2-S-88M 8192bp Angiosperm 2.6M 65sp,16384,481,1.9480822e-07,9.95271434013223e-07,-6.710392721865393,-6.002058460743681
v13,PlantCAD2-S-88M 8192bp Angiosperm 2.6M 65sp,16384,482,1.9202761e-07,9.810653512199427e-07,-6.7166363233351385,-6.008302062213427
v13,PlantCAD2-S-88M 8192bp Angiosperm 2.6M 65sp,16384,483,1.8878839e-07,9.645162387929398e-07,-6.72402471720941,-6.0156904560876985
v13,PlantCAD2-S-88M 8192bp Angiosperm 2.6M 65sp,16384,484,1.8786909e-07,9.598195528456615e-07,-6.726144668258709,-6.017810407136998
v13,PlantCAD2-S-88M 8192bp Angiosperm 2.6M 65sp,16384,485,1.8411026e-07,9.406157629629144e-07,-6.734922008686507,-6.026587747564795
v13,PlantCAD2-S-88M 8192bp Angiosperm 2.6M 65sp,16384,486,1.8162626e-07,9.279250549317604e-07,-6.740821359842447,-6.032487098720736
v13,PlantCAD2-S-88M 8192bp Angiosperm 2.6M 65sp,16384,487,1.7904064e-07,9.147151722830032e-07,-6.747048378380674,-6.038714117258962
v13,PlantCAD2-S-88M 8192bp Angiosperm 2.6M 65sp,16384,488,1.7689698e-07,9.037632547394992e-07,-6.752279581338614,-6.043945320216903
v13,PlantCAD2-S-88M 8192bp Angiosperm 2.6M 65sp,16384,489,1.7530998e-07,8.956553023862619e-07,-6.756193359801486,-6.0478590986797744
v13,PlantCAD2-S-88M 8192bp Angiosperm 2.6M 65sp,16384,490,1.7259663e-07,8.817928496341152e-07,-6.762967688265608,-6.054633427143896
v13,PlantCAD2-S-88M 8192bp Angiosperm 2.6M 65sp,16384,491,1.7134131e-07,8.753794439957624e-07,-6.766137916998634,-6.057803655876923
v13,PlantCAD2-S-88M 8192bp Angiosperm 2.6M 65sp,16384,492,1.6907607e-07,8.638063765801055e-07,-6.771917855455923,-6.063583594334212
v13,PlantCAD2-S-88M 8192bp Angiosperm 2.6M 65sp,16384,493,1.672545e-07,8.545000106266798e-07,-6.7766221886640094,-6.068287927542299
v13,PlantCAD2-S-88M 8192bp Angiosperm 2.6M 65sp,16384,494,1.662624e-07,8.494313908852515e-07,-6.779205954742138,-6.070871693620426
v13,PlantCAD2-S-88M 8192bp Angiosperm 2.6M 65sp,16384,495,1.6190704e-07,8.271799407521727e-07,-6.790734266955827,-6.082400005834116
v13,PlantCAD2-S-88M 8192bp Angiosperm 2.6M 65sp,16384,496,1.6005795e-07,8.177329756501893e-07,-6.795722749789864,-6.087388488668152
v13,PlantCAD2-S-88M 8192bp Angiosperm 2.6M 65sp,16384,497,1.5718156e-07,8.030375546865292e-07,-6.803598405243089,-6.095264144121377
v13,PlantCAD2-S-88M 8192bp Angiosperm 2.6M 65sp,16384,498,1.5584972e-07,7.962332098458641e-07,-6.807293973641002,-6.0989597125192905
v13,PlantCAD2-S-88M 8192bp Angiosperm 2.6M 65sp,16384,499,1.5465376e-07,7.901230733012026e-07,-6.810639516802727,-6.102305255681015
v13,PlantCAD2-S-88M 8192bp Angiosperm 2.6M 65sp,16384,500,1.5228821e-07,7.78037524032645e-07,-6.817333718004352,-6.10899945688264
v13,PlantCAD2-S-88M 8192bp Angiosperm 2.6M 65sp,16384,501,1.4984998e-07,7.655806540476206e-07,-6.824343310682235,-6.116009049560524
v13,PlantCAD2-S-88M 8192bp Angiosperm 2.6M 65sp,16384,502,1.4775371e-07,7.548708510989621e-07,-6.830461605456526,-6.122127344334815
v13,PlantCAD2-S-88M 8192bp Angiosperm 2.6M 65sp,16384,503,1.4461138e-07,7.388167478109039e-07,-6.839797529470698,-6.131463268348987
v13,PlantCAD2-S-88M 8192bp Angiosperm 2.6M 65sp,16384,504,1.418761e-07,7.248422551122505e-07,-6.848090758258727,-6.139756497137015
v13,PlantCAD2-S-88M 8192bp Angiosperm 2.6M 65sp,16384,505,1.4041507e-07,7.1737788105639e-07,-6.852586279196103,-6.144252018074392
v13,PlantCAD2-S-88M 8192bp Angiosperm 2.6M 65sp,16384,506,1.3903993e-07,7.103523173518967e-07,-6.856860459541995,-6.148526198420284
v13,PlantCAD2-S-88M 8192bp Angiosperm 2.6M 65sp,16384,507,1.3618744e-07,6.957790010267007e-07,-6.865862943746427,-6.157528682624715
v13,PlantCAD2-S-88M 8192bp Angiosperm 2.6M 65sp,16384,508,1.3428108e-07,6.860394446006657e-07,-6.871985174452963,-6.163650913331251
v13,PlantCAD2-S-88M 8192bp Angiosperm 2.6M 65sp,16384,509,1.3286822e-07,6.788211701445882e-07,-6.876578883083604,-6.168244621961892
v13,PlantCAD2-S-88M 8192bp Angiosperm 2.6M 65sp,16384,510,1.3135802e-07,6.71105587508256e-07,-6.881543406430138,-6.173209145308427
v13,PlantCAD2-S-88M 8192bp Angiosperm 2.6M 65sp,16384,511,1.2903429e-07,6.592336958121073e-07,-6.889294863507805,-6.180960602386094
v13,PlantCAD2-S-88M 8192bp Angiosperm 2.6M 65sp,16384,512,1.283576e-07,6.557764996697554e-07,-6.891578411835967,-6.1832441507142555
v13,PlantCAD2-S-88M 8192bp Angiosperm 2.6M 65sp,16384,513,1.2594077e-07,6.434289618714727e-07,-6.899833655755817,-6.191499394634106
v13,PlantCAD2-S-88M 8192bp Angiosperm 2.6M 65sp,16384,514,1.2427047e-07,6.348954314268524e-07,-6.905632059127288,-6.197297798005577
v13,PlantCAD2-S-88M 8192bp Angiosperm 2.6M 65sp,16384,515,1.2297562e-07,6.282800677818686e-07,-6.910180979202459,-6.2018467180807475
v13,PlantCAD2-S-88M 8192bp Angiosperm 2.6M 65sp,16384,516,1.2195112e-07,6.230459170661208e-07,-6.9138142067681585,-6.205479945646447
v13,PlantCAD2-S-88M 8192bp Angiosperm 2.6M 65sp,16384,517,1.1986879e-07,6.124073333082652e-07,-6.9212938785790845,-6.212959617457374
v13,PlantCAD2-S-88M 8192bp Angiosperm 2.6M 65sp,16384,518,1.18774466e-07,6.068164531248978e-07,-6.9252769134557965,-6.216942652334086
v13,PlantCAD2-S-88M 8192bp Angiosperm 2.6M 65sp,16384,519,1.1676555e-07,5.965529400753349e-07,-6.932685270680506,-6.224351009558795
v13,PlantCAD2-S-88M 8192bp Angiosperm 2.6M 65sp,16384,520,1.15535734e-07,5.902698338804711e-07,-6.937283672232235,-6.2289494111105235
v13,PlantCAD2-S-88M 8192bp Angiosperm 2.6M 65sp,16384,521,1.12888806e-07,5.767467298436406e-07,-6.9473491203731195,-6.239014859251409
v13,PlantCAD2-S-88M 8192bp Angiosperm 2.6M 65sp,16384,522,1.1133534e-07,5.688101020488239e-07,-6.9533669602757024,-6.245032699153992
v13,PlantCAD2-S-88M 8192bp Angiosperm 2.6M 65sp,16384,523,1.0941758e-07,5.590123032429357e-07,-6.960912894788567,-6.2525786336668565
v13,PlantCAD2-S-88M 8192bp Angiosperm 2.6M 65sp,16384,524,1.0851083e-07,5.543797350033025e-07,-6.964526914584874,-6.256192653463163
v13,PlantCAD2-S-88M 8192bp Angiosperm 2.6M 65sp,16384,525,1.06008265e-07,5.415941787456594e-07,-6.974660273377091,-6.26632601225538
v13,PlantCAD2-S-88M 8192bp Angiosperm 2.6M 65sp,16384,526,1.0437848e-07,5.332676386536487e-07,-6.9813890317995755,-6.273054770677864
v13,PlantCAD2-S-88M 8192bp Angiosperm 2.6M 65sp,16384,527,1.0310679e-07,5.26770599001419e-07,-6.986712733722955,-6.2783784726012435
v13,PlantCAD2-S-88M 8192bp Angiosperm 2.6M 65sp,16384,528,1.0220723e-07,5.221747643329388e-07,-6.990518381715556,-6.282184120593844
v13,PlantCAD2-S-88M 8192bp Angiosperm 2.6M 65sp,16384,529,1.0108181e-07,5.164250152860702e-07,-6.995326990080433,-6.286992728958722
v13,PlantCAD2-S-88M 8192bp Angiosperm 2.6M 65sp,16384,530,9.970239e-08,5.093775851442286e-07,-7.001294430942397,-6.292960169820685
v13,PlantCAD2-S-88M 8192bp Angiosperm 2.6M 65sp,16384,531,9.7556274e-08,4.984131199441527e-07,-7.0107447951986215,-6.30241053407691
v13,PlantCAD2-S-88M 8192bp Angiosperm 2.6M 65sp,16384,532,9.653252e-08,4.931827805279988e-07,-7.0153263563209345,-6.306992095199223
v13,PlantCAD2-S-88M 8192bp Angiosperm 2.6M 65sp,16384,533,9.5842026e-08,4.896550600162179e-07,-7.018444014327464,-6.310109753205753
v13,PlantCAD2-S-88M 8192bp Angiosperm 2.6M 65sp,16384,534,9.5284356e-08,4.868059347554555e-07,-7.020978396954328,-6.312644135832616
v13,PlantCAD2-S-88M 8192bp Angiosperm 2.6M 65sp,16384,535,9.483628e-08,4.845167231243093e-07,-7.023025489775652,-6.31469122865394
v13,PlantCAD2-S-88M 8192bp Angiosperm 2.6M 65sp,16384,536,9.30311e-08,4.7529409336437413e-07,-7.031371843913421,-6.323037582791709
v13,PlantCAD2-S-88M 8192bp Angiosperm 2.6M 65sp,16384,537,9.190005e-08,4.6951558075622725e-07,-7.03668425232751,-6.3283499912057986
v13,PlantCAD2-S-88M 8192bp Angiosperm 2.6M 65sp,16384,538,9.048654e-08,4.6229398546270196e-07,-7.043416017905026,-6.335081756783315
v13,PlantCAD2-S-88M 8192bp Angiosperm 2.6M 65sp,16384,539,8.987529e-08,4.591711210166299e-07,-7.046359695271686,-6.338025434149975
v13,PlantCAD2-S-88M 8192bp Angiosperm 2.6M 65sp,16384,540,8.929267e-08,4.5619452668768023e-07,-7.049184190710669,-6.340849929588957
v13,PlantCAD2-S-88M 8192bp Angiosperm 2.6M 65sp,16384,541,8.7382205e-08,4.4643399789591734e-07,-7.05857700051395,-6.35024273939224
v13,PlantCAD2-S-88M 8192bp Angiosperm 2.6M 65sp,16384,542,8.623338e-08,4.4056467315602583e-07,-7.0643245909771775,-6.355990329855466
v13,PlantCAD2-S-88M 8192bp Angiosperm 2.6M 65sp,16384,543,8.499648e-08,4.3424537494196196e-07,-7.070599059559008,-6.362264798437297
v13,PlantCAD2-S-88M 8192bp Angiosperm 2.6M 65sp,16384,544,8.359324e-08,4.270762488801114e-07,-7.0778288415729635,-6.369494580451252
v13,PlantCAD2-S-88M 8192bp Angiosperm 2.6M 65sp,16384,545,8.2501934e-08,4.21500787600463e-07,-7.083535870653915,-6.375201609532203
v13,PlantCAD2-S-88M 8192bp Angiosperm 2.6M 65sp,16384,546,8.0989e-08,4.137712370109275e-07,-7.091573963389385,-6.383239702267673
v13,PlantCAD2-S-88M 8192bp Angiosperm 2.6M 65sp,16384,547,7.9738136e-08,4.073805969905243e-07,-7.098333920847892,-6.389999659726181
v13,PlantCAD2-S-88M 8192bp Angiosperm 2.6M 65sp,16384,548,7.884589e-08,4.028221294068024e-07,-7.103220940215127,-6.394886679093416
v13,PlantCAD2-S-88M 8192bp Angiosperm 2.6M 65sp,16384,549,7.7312166e-08,3.9498636310874527e-07,-7.111752159239193,-6.403417898117481
v13,PlantCAD2-S-88M 8192bp Angiosperm 2.6M 65sp,16384,550,7.706991e-08,3.9374868188298226e-07,-7.113115148170164,-6.404780887048452
v13,PlantCAD2-S-88M 8192bp Angiosperm 2.6M 65sp,16384,551,7.591717e-08,3.8785935548369374e-07,-7.119659989678386,-6.411325728556675
v13,PlantCAD2-S-88M 8192bp Angiosperm 2.6M 65sp,16384,552,7.485364e-08,3.8242580125165934e-07,-7.125787075835598,-6.417452814713887
v13,PlantCAD2-S-88M 8192bp Angiosperm 2.6M 65sp,16384,553,7.377361e-08,3.769079488382586e-07,-7.13209896447818,-6.423764703356468
v13,PlantCAD2-S-88M 8192bp Angiosperm 2.6M 65sp,16384,554,7.3542815e-08,3.7572882164017083e-07,-7.133459750649252,-6.425125489527541
v13,PlantCAD2-S-88M 8192bp Angiosperm 2.6M 65sp,16384,555,7.234507e-08,3.696095655649797e-07,-7.140591058805434,-6.432256797683722
v13,PlantCAD2-S-88M 8192bp Angiosperm 2.6M 65sp,16384,556,7.1311085e-08,3.64326956167398e-07,-7.146842955700129,-6.438508694578418
v13,PlantCAD2-S-88M 8192bp Angiosperm 2.6M 65sp,16384,557,7.067371e-08,3.610706196008292e-07,-7.150742109898855,-6.442407848777144
v13,PlantCAD2-S-88M 8192bp Angiosperm 2.6M 65sp,16384,558,7.0071955e-08,3.57996264926398e-07,-7.154455765568107,-6.446121504446396
v13,PlantCAD2-S-88M 8192bp Angiosperm 2.6M 65sp,16384,559,6.8241256e-08,3.4864325908826353e-07,-7.1659529884517665,-6.457618727330056
v13,PlantCAD2-S-88M 8192bp Angiosperm 2.6M 65sp,16384,560,6.802756e-08,3.475514903509747e-07,-7.167315105954614,-6.458980844832903
v13,PlantCAD2-S-88M 8192bp Angiosperm 2.6M 65sp,16384,561,6.610461e-08,3.3772717593531127e-07,-7.179768252651291,-6.4714339915295795
v13,PlantCAD2-S-88M 8192bp Angiosperm 2.6M 65sp,16384,562,6.538168e-08,3.340337405259062e-07,-7.1845439242977776,-6.476209663176066
v13,PlantCAD2-S-88M 8192bp Angiosperm 2.6M 65sp,16384,563,6.481056e-08,3.3111589947487856e-07,-7.188354225979975,-6.480019964858263
v13,PlantCAD2-S-88M 8192bp Angiosperm 2.6M 65sp,16384,564,6.3987336e-08,3.2691006395626385e-07,-7.193905970540136,-6.485571709418425
v13,PlantCAD2-S-88M 8192bp Angiosperm 2.6M 65sp,16384,565,6.272496e-08,3.2046060935017034e-07,-7.202559606964884,-6.494225345843172
v13,PlantCAD2-S-88M 8192bp Angiosperm 2.6M 65sp,16384,566,6.147191e-08,3.1405880109798126e-07,-7.211323292661255,-6.502989031539544
v13,PlantCAD2-S-88M 8192bp Angiosperm 2.6M 65sp,16384,567,6.102024e-08,3.117512277902391e-07,-7.214526088557416,-6.506191827435704
v13,PlantCAD2-S-88M 8192bp Angiosperm 2.6M 65sp,16384,568,6.028367e-08,3.0798810588423787e-07,-7.219800316207581,-6.5114660550858705
v13,PlantCAD2-S-88M 8192bp Angiosperm 2.6M 65sp,16384,569,5.9329242e-08,3.031119516633206e-07,-7.226731200243706,-6.5183969391219945
v13,PlantCAD2-S-88M 8192bp Angiosperm 2.6M 65sp,16384,570,5.8960755e-08,3.012293586962208e-07,-7.229436963917077,-6.521102702795366
v13,PlantCAD2-S-88M 8192bp Angiosperm 2.6M 65sp,16384,571,5.774479e-08,2.9501701699287845e-07,-7.238487193709793,-6.5301529325880825
v13,PlantCAD2-S-88M 8192bp Angiosperm 2.6M 65sp,16384,572,5.633637e-08,2.878214264110596e-07,-7.249211139951564,-6.540876878829852
v13,PlantCAD2-S-88M 8192bp Angiosperm 2.6M 65sp,16384,573,5.5304085e-08,2.8254750228064895e-07,-7.257242788633171,-6.548908527511459
v13,PlantCAD2-S-88M 8192bp Angiosperm 2.6M 65sp,16384,574,5.4888464e-08,2.8042410261775994e-07,-7.260518922354801,-6.552184661233089
v13,PlantCAD2-S-88M 8192bp Angiosperm 2.6M 65sp,16384,575,5.4305655e-08,2.774465426914601e-07,-7.265154943755186,-6.556820682633474
v13,PlantCAD2-S-88M 8192bp Angiosperm 2.6M 65sp,16384,576,5.3172272e-08,2.71656110831366e-07,-7.27431478230418,-6.565980521182469
v13,PlantCAD2-S-88M 8192bp Angiosperm 2.6M 65sp,16384,577,5.2710973e-08,2.692993431485708e-07,-7.278098967002065,-6.569764705880353
v13,PlantCAD2-S-88M 8192bp Angiosperm 2.6M 65sp,16384,578,5.115929e-08,2.6137182466632224e-07,-7.29107549138693,-6.582741230265218
v13,PlantCAD2-S-88M 8192bp Angiosperm 2.6M 65sp,16384,579,5.0638075e-08,2.5870894729657266e-07,-7.2955228123265625,-6.587188551204851
v13,PlantCAD2-S-88M 8192bp Angiosperm 2.6M 65sp,16384,580,5.037193e-08,2.573492176311332e-07,-7.297811408834719,-6.589477147713008
v13,PlantCAD2-S-88M 8192bp Angiosperm 2.6M 65sp,16384,581,4.980799e-08,2.5446805906145163e-07,-7.3027009838552885,-6.594366722733578
v13,PlantCAD2-S-88M 8192bp Angiosperm 2.6M 65sp,16384,582,4.844294e-08,2.4749404497210907e-07,-7.314769507415221,-6.606435246293509
v13,PlantCAD2-S-88M 8192bp Angiosperm 2.6M 65sp,16384,583,4.7612478e-08,2.4325123065126836e-07,-7.322279215002687,-6.613944953880975
v13,PlantCAD2-S-88M 8192bp Angiosperm 2.6M 65sp,16384,584,4.703057e-08,2.402782739165691e-07,-7.3276197576699404,-6.61928549654823
v13,PlantCAD2-S-88M 8192bp Angiosperm 2.6M 65sp,16384,585,4.5970847e-08,2.3486416957401727e-07,-7.337517494421598,-6.629183233299886
v13,PlantCAD2-S-88M 8192bp Angiosperm 2.6M 65sp,16384,586,4.5630106e-08,2.3312333038511086e-07,-7.340748522348058,-6.632414261226346
v13,PlantCAD2-S-88M 8192bp Angiosperm 2.6M 65sp,16384,587,4.4606516e-08,2.2789382884179e-07,-7.350601696082822,-6.64226743496111
v13,PlantCAD2-S-88M 8192bp Angiosperm 2.6M 65sp,16384,588,4.4376126e-08,2.2671677078088112e-07,-7.352850614007105,-6.644516352885393
v13,PlantCAD2-S-88M 8192bp Angiosperm 2.6M 65sp,16384,589,4.3800764e-08,2.2377725743377125e-07,-7.358518314197032,-6.650184053075321
v13,PlantCAD2-S-88M 8192bp Angiosperm 2.6M 65sp,16384,590,4.3679453e-08,2.2315748187742368e-07,-7.3597228089610365,-6.651388547839325
v13,PlantCAD2-S-88M 8192bp Angiosperm 2.6M 65sp,16384,591,4.3016062e-08,2.1976823006925326e-07,-7.36636935057226,-6.658035089450548
v13,PlantCAD2-S-88M 8192bp Angiosperm 2.6M 65sp,16384,592,4.2152973e-08,2.1535872503547676e-07,-7.375171789675972,-6.66683752855426
v13,PlantCAD2-S-88M 8192bp Angiosperm 2.6M 65sp,16384,593,4.1868507e-08,2.1390539373483653e-07,-7.3781125254527415,-6.66977826433103
v13,PlantCAD2-S-88M 8192bp Angiosperm 2.6M 65sp,16384,594,4.0951793e-08,2.0922191961161937e-07,-7.3877270786908875,-6.679392817569177
v13,PlantCAD2-S-88M 8192bp Angiosperm 2.6M 65sp,16384,595,4.04674e-08,2.0674716512879536e-07,-7.39289469780577,-6.684560436684058
v13,PlantCAD2-S-88M 8192bp Angiosperm 2.6M 65sp,16384,596,4.036337e-08,2.0621567786773217e-07,-7.394012581005386,-6.6856783198836744
v13,PlantCAD2-S-88M 8192bp Angiosperm 2.6M 65sp,16384,597,3.9670937e-08,2.0267805104239554e-07,-7.401527541670449,-6.693193280548737
v13,PlantCAD2-S-88M 8192bp Angiosperm 2.6M 65sp,16384,598,3.948926e-08,2.0174986675778363e-07,-7.403521004549801,-6.69518674342809
v13,PlantCAD2-S-88M 8192bp Angiosperm 2.6M 65sp,16384,599,3.856271e-08,1.9701614070051073e-07,-7.413832453589481,-6.705498192467769
v13,PlantCAD2-S-88M 8192bp Angiosperm 2.6M 65sp,16384,600,3.793289e-08,1.9379840248304635e-07,-7.420984068363917,-6.712649807242205
v13,PlantCAD2-S-88M 8192bp Angiosperm 2.6M 65sp,16384,601,3.7496797e-08,1.9157041176749478e-07,-7.426005828395903,-6.717671567274191
v13,PlantCAD2-S-88M 8192bp Angiosperm 2.6M 65sp,16384,602,3.7204714e-08,1.9007816536094745e-07,-7.429402029621233,-6.7210677684995215
v13,PlantCAD2-S-88M 8192bp Angiosperm 2.6M 65sp,16384,603,3.650378e-08,1.8649710709077474e-07,-7.437662161621817,-6.729327900500106
v13,PlantCAD2-S-88M 8192bp Angiosperm 2.6M 65sp,16384,604,3.630719e-08,1.854927325771497e-07,-7.440007362068054,-6.7316731009463435
v13,PlantCAD2-S-88M 8192bp Angiosperm 2.6M 65sp,16384,605,3.5544833e-08,1.815978653861245e-07,-7.4492235218731855,-6.740889260751474
v13,PlantCAD2-S-88M 8192bp Angiosperm 2.6M 65sp,16384,606,3.5025867e-08,1.7894647811394415e-07,-7.455611105759373,-6.747276844637661
v13,PlantCAD2-S-88M 8192bp Angiosperm 2.6M 65sp,16384,607,3.4532672e-08,1.764267543830967e-07,-7.461769816380937,-6.753435555259226
v13,PlantCAD2-S-88M 8192bp Angiosperm 2.6M 65sp,16384,608,3.4260616e-08,1.7503682553280538e-07,-7.465204832760006,-6.756870571638295
v13,PlantCAD2-S-88M 8192bp Angiosperm 2.6M 65sp,16384,609,3.3705177e-08,1.721990984079599e-07,-7.472303387856996,-6.763969126735285
v13,PlantCAD2-S-88M 8192bp Angiosperm 2.6M 65sp,16384,610,3.331733e-08,1.7021759557472354e-07,-7.4773298095680225,-6.768995548446311
v13,PlantCAD2-S-88M 8192bp Angiosperm 2.6M 65sp,16384,611,3.3103536e-08,1.6912532615732718e-07,-7.480125613980536,-6.771791352858824
v13,PlantCAD2-S-88M 8192bp Angiosperm 2.6M 65sp,16384,612,3.263315e-08,1.6672213316701217e-07,-7.486341002780018,-6.778006741658307
v13,PlantCAD2-S-88M 8192bp Angiosperm 2.6M 65sp,16384,613,3.1798784e-08,1.624593733855621e-07,-7.497589487317055,-6.789255226195343
v13,PlantCAD2-S-88M 8192bp Angiosperm 2.6M 65sp,16384,614,3.125549e-08,1.5968369483118294e-07,-7.505073688166456,-6.796739427044745
v13,PlantCAD2-S-88M 8192bp Angiosperm 2.6M 65sp,16384,615,3.1016892e-08,1.584647022567798e-07,-7.508401722153431,-6.800067461031721
v13,PlantCAD2-S-88M 8192bp Angiosperm 2.6M 65sp,16384,616,3.0457624e-08,1.5560741284487662e-07,-7.516303979001834,-6.807969717880122
v13,PlantCAD2-S-88M 8192bp Angiosperm 2.6M 65sp,16384,617,3.0049673e-08,1.5352319906387123e-07,-7.522160249620253,-6.813825988498541
v13,PlantCAD2-S-88M 8192bp Angiosperm 2.6M 65sp,16384,618,2.9107214e-08,1.487081942328191e-07,-7.535999361113223,-6.827665099991512
v13,PlantCAD2-S-88M 8192bp Angiosperm 2.6M 65sp,16384,619,2.8716686e-08,1.4671299422235592e-07,-7.541865680549411,-6.8335314194276995
v13,PlantCAD2-S-88M 8192bp Angiosperm 2.6M 65sp,16384,620,2.8414252e-08,1.4516786475669808e-07,-7.546463772191775,-6.838129511070063
v13,PlantCAD2-S-88M 8192bp Angiosperm 2.6M 65sp,16384,621,2.8206983e-08,1.441089314382966e-07,-7.549643363207342,-6.841309102085631
v13,PlantCAD2-S-88M 8192bp Angiosperm 2.6M 65sp,16384,622,2.769095e-08,1.414725288064767e-07,-7.557662144554877,-6.8493278834331655
v13,PlantCAD2-S-88M 8192bp Angiosperm 2.6M 65sp,16384,623,2.724689e-08,1.392038348417769e-07,-7.564683061567842,-6.85634880044613
v13,PlantCAD2-S-88M 8192bp Angiosperm 2.6M 65sp,16384,624,2.6835508e-08,1.3710209214802803e-07,-7.571290179042546,-6.862955917920836
v13,PlantCAD2-S-88M 8192bp Angiosperm 2.6M 65sp,16384,625,2.651786e-08,1.354792346501697e-07,-7.5764615265603,-6.868127265438589
v13,PlantCAD2-S-88M 8192bp Angiosperm 2.6M 65sp,16384,626,2.6270296e-08,1.342144349549102e-07,-7.580535033782548,-6.872200772660836
v13,PlantCAD2-S-88M 8192bp Angiosperm 2.6M 65sp,16384,627,2.5981276e-08,1.3273783735621285e-07,-7.585339523542026,-6.877005262420315
v13,PlantCAD2-S-88M 8192bp Angiosperm 2.6M 65sp,16384,628,2.5588593e-08,1.3073162749236514e-07,-7.591953593328728,-6.883619332207016
v13,PlantCAD2-S-88M 8192bp Angiosperm 2.6M 65sp,16384,629,2.4576948e-08,1.255631527233728e-07,-7.609472049401336,-6.901137788279624
v13,PlantCAD2-S-88M 8192bp Angiosperm 2.6M 65sp,16384,630,2.4256064e-08,1.239237625640053e-07,-7.615179670153822,-6.90684540903211
v13,PlantCAD2-S-88M 8192bp Angiosperm 2.6M 65sp,16384,631,2.4211083e-08,1.2369395550363922e-07,-7.61598578344533,-6.9076515223236195
v13,PlantCAD2-S-88M 8192bp Angiosperm 2.6M 65sp,16384,632,2.3881052e-08,1.2200783349791063e-07,-7.621946545728108,-6.913612284606397
v13,PlantCAD2-S-88M 8192bp Angiosperm 2.6M 65sp,16384,633,2.373814e-08,1.2127769884970277e-07,-7.6245533131566,-6.916219052034888
v13,PlantCAD2-S-88M 8192bp Angiosperm 2.6M 65sp,16384,634,2.331298e-08,1.1910556462002261e-07,-7.632402208897414,-6.924067947775702
v13,PlantCAD2-S-88M 8192bp Angiosperm 2.6M 65sp,16384,635,2.2860675e-08,1.1679474710954308e-07,-7.6409109504740975,-6.932576689352386
v13,PlantCAD2-S-88M 8192bp Angiosperm 2.6M 65sp,16384,636,2.2728415e-08,1.1611903332363307e-07,-7.643430849394037,-6.935096588272326
v13,PlantCAD2-S-88M 8192bp Angiosperm 2.6M 65sp,16384,637,2.2227168e-08,1.1355817208027884e-07,-7.6531158679498,-6.944781606828088
v13,PlantCAD2-S-88M 8192bp Angiosperm 2.6M 65sp,16384,638,2.2144299e-08,1.1313479595957283e-07,-7.654738063189132,-6.946403802067421
v13,PlantCAD2-S-88M 8192bp Angiosperm 2.6M 65sp,16384,639,2.1651223e-08,1.1061568019742737e-07,-7.664517566878748,-6.956183305757037
v13,PlantCAD2-S-88M 8192bp Angiosperm 2.6M 65sp,16384,640,2.1414586e-08,1.0940670633415513e-07,-7.669290317235354,-6.960956056113642
v13,PlantCAD2-S-88M 8192bp Angiosperm 2.6M 65sp,16384,641,2.080499e-08,1.0629229214214246e-07,-7.681832488616329,-6.973498227494617
v13,PlantCAD2-S-88M 8192bp Angiosperm 2.6M 65sp,16384,642,2.0700337e-08,1.0575762198611012e-07,-7.684022584202548,-6.975688323080837
v13,PlantCAD2-S-88M 8192bp Angiosperm 2.6M 65sp,16384,643,2.0370143e-08,1.0407066721652922e-07,-7.691005922207841,-6.982671661086131
v13,PlantCAD2-S-88M 8192bp Angiosperm 2.6M 65sp,16384,644,1.9959296e-08,1.0197165782744887e-07,-7.699854781120154,-6.991520519998442
v13,PlantCAD2-S-88M 8192bp Angiosperm 2.6M 65sp,16384,645,1.954757e-08,9.9868157644343e-08,-7.708907222983399,-7.000572961861687
v13,PlantCAD2-S-88M 8192bp Angiosperm 2.6M 65sp,16384,646,1.9110683e-08,9.763611039812447e-08,-7.718723791342133,-7.010389530220421
v13,PlantCAD2-S-88M 8192bp Angiosperm 2.6M 65sp,16384,647,1.8451901e-08,9.427040588194903e-08,-7.73395888417807,-7.025624623056359
v13,PlantCAD2-S-88M 8192bp Angiosperm 2.6M 65sp,16384,648,1.8335e-08,9.367316093043937e-08,-7.7367190857033785,-7.028384824581667
v13,PlantCAD2-S-88M 8192bp Angiosperm 2.6M 65sp,16384,649,1.8033324e-08,9.213190407214372e-08,-7.743924214386635,-7.035589953264924
v13,PlantCAD2-S-88M 8192bp Angiosperm 2.6M 65sp,16384,650,1.7390542e-08,8.88479432469902e-08,-7.759686882405507,-7.051352621283796
v13,PlantCAD2-S-88M 8192bp Angiosperm 2.6M 65sp,16384,651,1.7060815e-08,8.716337437139101e-08,-7.768000226301645,-7.059665965179934
v13,PlantCAD2-S-88M 8192bp Angiosperm 2.6M 65sp,16384,652,1.6699675e-08,8.531831708541235e-08,-7.777291980773379,-7.068957719651667
v13,PlantCAD2-S-88M 8192bp Angiosperm 2.6M 65sp,16384,653,1.657866e-08,8.47000537873487e-08,-7.78045057499949,-7.072116313877778
v13,PlantCAD2-S-88M 8192bp Angiosperm 2.6M 65sp,16384,654,1.6380664e-08,8.36884960468751e-08,-7.785668497832545,-7.077334236710834
v13,PlantCAD2-S-88M 8192bp Angiosperm 2.6M 65sp,16384,655,1.5970123e-08,8.159105000588554e-08,-7.796691738963862,-7.08835747784215
v13,PlantCAD2-S-88M 8192bp Angiosperm 2.6M 65sp,16384,656,1.5786581e-08,8.065333747228889e-08,-7.801711917719003,-7.0933776565972915
v13,PlantCAD2-S-88M 8192bp Angiosperm 2.6M 65sp,16384,657,1.5492697e-08,7.91518897915209e-08,-7.809872972798488,-7.101538711676777
v13,PlantCAD2-S-88M 8192bp Angiosperm 2.6M 65sp,16384,658,1.4821251e-08,7.572148514390159e-08,-7.829115137823137,-7.120780876701425
v13,PlantCAD2-S-88M 8192bp Angiosperm 2.6M 65sp,16384,659,1.4735677e-08,7.52842892304322e-08,-7.831629906599931,-7.123295645478219
v13,PlantCAD2-S-88M 8192bp Angiosperm 2.6M 65sp,16384,660,1.4125957e-08,7.216924152481411e-08,-7.849982120093286,-7.141647858971575
v13,PlantCAD2-S-88M 8192bp Angiosperm 2.6M 65sp,16384,661,1.3908753e-08,7.10595504832687e-08,-7.856711805270026,-7.148377544148315
v13,PlantCAD2-S-88M 8192bp Angiosperm 2.6M 65sp,16384,662,1.329105e-08,6.790371778481137e-08,-7.876440708207529,-7.168106447085817
v13,PlantCAD2-S-88M 8192bp Angiosperm 2.6M 65sp,16384,663,1.3158429e-08,6.722615965687268e-08,-7.8807959585456455,-7.172461697423935
v13,PlantCAD2-S-88M 8192bp Angiosperm 2.6M 65sp,16384,664,1.2815811e-08,6.547573091121327e-08,-7.892253905930743,-7.1839196448090314
v13,PlantCAD2-S-88M 8192bp Angiosperm 2.6M 65sp,16384,665,1.2569261e-08,6.421611172237227e-08,-7.900690255572337,-7.192355994450625
v13,PlantCAD2-S-88M 8192bp Angiosperm 2.6M 65sp,16384,666,1.22874395e-08,6.277629112116376e-08,-7.910538607502094,-7.202204346380382
v13,PlantCAD2-S-88M 8192bp Angiosperm 2.6M 65sp,16384,667,1.18785515e-08,6.068729022525291e-08,-7.925236515071239,-7.216902253949527
v13,PlantCAD2-S-88M 8192bp Angiosperm 2.6M 65sp,16384,668,1.1542116e-08,5.896844775270245e-08,-7.937714565280627,-7.229380304158916
v13,PlantCAD2-S-88M 8192bp Angiosperm 2.6M 65sp,16384,669,1.1473727e-08,5.861904967237128e-08,-7.940295487711731,-7.23196122659002
v13,PlantCAD2-S-88M 8192bp Angiosperm 2.6M 65sp,16384,670,1.1274295e-08,5.7600155435628475e-08,-7.947910605741127,-7.239576344619415
v13,PlantCAD2-S-88M 8192bp Angiosperm 2.6M 65sp,16384,671,1.06809015e-08,5.4568519503227236e-08,-7.97139209000855,-7.263057828886838
v13,PlantCAD2-S-88M 8192bp Angiosperm 2.6M 65sp,16384,672,1.0660424e-08,5.44639003511709e-08,-7.972225521651066,-7.263891260529355
v13,PlantCAD2-S-88M 8192bp Angiosperm 2.6M 65sp,16384,673,1.0383453e-08,5.304886086079376e-08,-7.983658198561694,-7.275323937439984
v13,PlantCAD2-S-88M 8192bp Angiosperm 2.6M 65sp,16384,674,1.0367257e-08,5.296611580955682e-08,-7.984336135351058,-7.276001874229347
v13,PlantCAD2-S-88M 8192bp Angiosperm 2.6M 65sp,16384,675,9.735441e-09,4.973818006663746e-08,-8.011644370848767,-7.3033101097270565
v13,PlantCAD2-S-88M 8192bp Angiosperm 2.6M 65sp,16384,676,9.390465e-09,4.797570434451369e-08,-8.027312901670633,-7.318978640548923
v13,PlantCAD2-S-88M 8192bp Angiosperm 2.6M 65sp,16384,677,9.168107e-09,4.683968161649784e-08,-8.03772032674248,-7.329386065620769
v13,PlantCAD2-S-88M 8192bp Angiosperm 2.6M 65sp,16384,678,8.8572225e-09,4.5251378709528696e-08,-8.052702445385599,-7.344368184263887
v13,PlantCAD2-S-88M 8192bp Angiosperm 2.6M 65sp,16384,679,8.6420595e-09,4.4152115097569266e-08,-8.063382747926118,-7.355048486804406
v13,PlantCAD2-S-88M 8192bp Angiosperm 2.6M 65sp,16384,680,8.420756e-09,4.302147978968983e-08,-8.074648916589473,-7.366314655467761
v13,PlantCAD2-S-88M 8192bp Angiosperm 2.6M 65sp,16384,681,8.109968e-09,4.143366989935716e-08,-8.090980859407937,-7.382646598286225
v13,PlantCAD2-S-88M 8192bp Angiosperm 2.6M 65sp,16384,682,7.92286e-09,4.047773874062399e-08,-8.10111801815705,-7.392783757035339
v13,PlantCAD2-S-88M 8192bp Angiosperm 2.6M 65sp,16384,683,7.642892e-09,3.904738763512232e-08,-8.116742277290001,-7.40840801616829
v13,PlantCAD2-S-88M 8192bp Angiosperm 2.6M 65sp,16384,684,7.532766e-09,3.8484756027779774e-08,-8.123045523406018,-7.414711262284308
v13,PlantCAD2-S-88M 8192bp Angiosperm 2.6M 65sp,16384,685,7.304805e-09,3.732010768096418e-08,-8.13639137296094,-7.428057111839228
v13,PlantCAD2-S-88M 8192bp Angiosperm 2.6M 65sp,16384,686,7.277731e-09,3.71817871377937e-08,-8.138004000876007,-7.429669739754296
v13,PlantCAD2-S-88M 8192bp Angiosperm 2.6M 65sp,16384,687,7.076542e-09,3.615391642198055e-08,-8.150178911404673,-7.441844650282962
v13,PlantCAD2-S-88M 8192bp Angiosperm 2.6M 65sp,16384,688,6.9309736e-09,3.5410210277470786e-08,-8.159205755372522,-7.45087149425081
v13,PlantCAD2-S-88M 8192bp Angiosperm 2.6M 65sp,16384,689,6.844801e-09,3.496995612816103e-08,-8.16463917365975,-7.456304912538039
v13,PlantCAD2-S-88M 8192bp Angiosperm 2.6M 65sp,16384,690,6.447684e-09,3.294109304393887e-08,-8.190596255387087,-7.482261994265375
v13,PlantCAD2-S-88M 8192bp Angiosperm 2.6M 65sp,16384,691,6.3906938e-09,3.2649931212684e-08,-8.194451990487135,-7.486117729365422
v13,PlantCAD2-S-88M 8192bp Angiosperm 2.6M 65sp,16384,692,6.288443e-09,3.2127533850062455e-08,-8.201456871281845,-7.493122610160134
v13,PlantCAD2-S-88M 8192bp Angiosperm 2.6M 65sp,16384,693,6.1077166e-09,3.120420616249338e-08,-8.214121122550715,-7.505786861429003
v13,PlantCAD2-S-88M 8192bp Angiosperm 2.6M 65sp,16384,694,5.8884484e-09,3.008396916301e-08,-8.22999912628079,-7.521664865159079
v13,PlantCAD2-S-88M 8192bp Angiosperm 2.6M 65sp,16384,695,5.664736e-09,2.894102683154914e-08,-8.246820325238334,-7.538486064116622
v13,PlantCAD2-S-88M 8192bp Angiosperm 2.6M 65sp,16384,696,5.393505e-09,2.7555312890326126e-08,-8.268128914322348,-7.559794653200638
v13,PlantCAD2-S-88M 8192bp Angiosperm 2.6M 65sp,16384,697,5.3299867e-09,2.7230799122236247e-08,-8.273273874673956,-7.564939613552244
v13,PlantCAD2-S-88M 8192bp Angiosperm 2.6M 65sp,16384,698,5.2313793e-09,2.6727015819856524e-08,-8.281383790405547,-7.5730495292838365
v13,PlantCAD2-S-88M 8192bp Angiosperm 2.6M 65sp,16384,699,5.171551e-09,2.6421354190508575e-08,-8.286379188100831,-7.5780449269791195
v13,PlantCAD2-S-88M 8192bp Angiosperm 2.6M 65sp,16384,700,5.0337867e-09,2.571751904219282e-08,-8.29810519104741,-7.5897709299257
v13,PlantCAD2-S-88M 8192bp Angiosperm 2.6M 65sp,16384,701,4.814417e-09,2.4596763481169522e-08,-8.317456296080989,-7.609122034959277
v13,PlantCAD2-S-88M 8192bp Angiosperm 2.6M 65sp,16384,702,4.670332e-09,2.3860635998613626e-08,-8.33065224563453,-7.622317984512819
v13,PlantCAD2-S-88M 8192bp Angiosperm 2.6M 65sp,16384,703,4.604969e-09,2.3526697693846988e-08,-8.336773289066318,-7.628439027944608
v13,PlantCAD2-S-88M 8192bp Angiosperm 2.6M 65sp,16384,704,4.4523127e-09,2.274677960511258e-08,-8.35141434139137,-7.643080080269659
v13,PlantCAD2-S-88M 8192bp Angiosperm 2.6M 65sp,16384,705,4.2999955e-09,2.1968593971729762e-08,-8.366531998914876,-7.658197737793165
v13,PlantCAD2-S-88M 8192bp Angiosperm 2.6M 65sp,16384,706,4.2116977e-09,2.1517482216660018e-08,-8.375542808410914,-7.667208547289204
v13,PlantCAD2-S-88M 8192bp Angiosperm 2.6M 65sp,16384,707,4.1690815e-09,2.129975687382698e-08,-8.379959614911048,-7.671625353789336
v13,PlantCAD2-S-88M 8192bp Angiosperm 2.6M 65sp,16384,708,3.9985193e-09,2.042835788777572e-08,-8.398100803394806,-7.6897665422730945
v13,PlantCAD2-S-88M 8192bp Angiosperm 2.6M 65sp,16384,709,3.761284e-09,1.921632732135734e-08,-8.424663873443782,-7.71632961232207
v13,PlantCAD2-S-88M 8192bp Angiosperm 2.6M 65sp,16384,710,3.5668857e-09,1.8223150160708096e-08,-8.447710807301574,-7.739376546179862
v13,PlantCAD2-S-88M 8192bp Angiosperm 2.6M 65sp,16384,711,3.479329e-09,1.7775824671226875e-08,-8.458504503092325,-7.750170241970613
v13,PlantCAD2-S-88M 8192bp Angiosperm 2.6M 65sp,16384,712,3.398966e-09,1.736525165612718e-08,-8.4686531796612,-7.760318918539488
v13,PlantCAD2-S-88M 8192bp Angiosperm 2.6M 65sp,16384,713,3.323251e-09,1.6978425183269354e-08,-8.478436855893046,-7.770102594771334
v13,PlantCAD2-S-88M 8192bp Angiosperm 2.6M 65sp,16384,714,3.2708294e-09,1.6710604241189666e-08,-8.48534210722653,-7.7770078461048175
v13,PlantCAD2-S-88M 8192bp Angiosperm 2.6M 65sp,16384,715,3.1592324e-09,1.614045732325379e-08,-8.500418425273962,-7.792084164152251
v13,PlantCAD2-S-88M 8192bp Angiosperm 2.6M 65sp,16384,716,3.054516e-09,1.5605463257845758e-08,-8.51505759562822,-7.806723334506508
v13,PlantCAD2-S-88M 8192bp Angiosperm 2.6M 65sp,16384,717,2.9158556e-09,1.489704995193471e-08,-8.535233987101657,-7.826899725979946
v13,PlantCAD2-S-88M 8192bp Angiosperm 2.6M 65sp,16384,718,2.7871503e-09,1.4239497059679432e-08,-8.554839610870262,-7.846505349748551
v13,PlantCAD2-S-88M 8192bp Angiosperm 2.6M 65sp,16384,719,2.740125e-09,1.3999245710091096e-08,-8.562229624927063,-7.853895363805353
v13,PlantCAD2-S-88M 8192bp Angiosperm 2.6M 65sp,16384,720,2.6624842e-09,1.3602580362222645e-08,-8.574712960782566,-7.866378699660856
v13,PlantCAD2-S-88M 8192bp Angiosperm 2.6M 65sp,16384,721,2.4724733e-09,1.2631818343447753e-08,-8.606868389609561,-7.8985341284878485
v13,PlantCAD2-S-88M 8192bp Angiosperm 2.6M 65sp,16384,722,2.2732378e-09,1.1613928021410307e-08,-8.643355131003636,-7.935020869881925
v13,PlantCAD2-S-88M 8192bp Angiosperm 2.6M 65sp,16384,723,2.1908375e-09,1.1192946479953176e-08,-8.659389833973082,-7.951055572851371
v13,PlantCAD2-S-88M 8192bp Angiosperm 2.6M 65sp,16384,724,2.137483e-09,1.092035936978884e-08,-8.67009733065151,-7.961763069529798
v13,PlantCAD2-S-88M 8192bp Angiosperm 2.6M 65sp,16384,725,1.9843767e-09,1.0138142239744435e-08,-8.702375880971084,-7.994041619849373
v13,PlantCAD2-S-88M 8192bp Angiosperm 2.6M 65sp,16384,726,1.895923e-09,9.686233994585297e-09,-8.722179304842978,-8.013845043721266
v13,PlantCAD2-S-88M 8192bp Angiosperm 2.6M 65sp,16384,727,1.8833606e-09,9.622052935579432e-09,-8.725066519284036,-8.016732258162325
v13,PlantCAD2-S-88M 8192bp Angiosperm 2.6M 65sp,16384,728,1.7692882e-09,9.039259246846329e-09,-8.75220141894152,-8.043867157819808
v13,PlantCAD2-S-88M 8192bp Angiosperm 2.6M 65sp,16384,729,1.7453637e-09,8.917029438355448e-09,-8.758114060713535,-8.049779799591823
v13,PlantCAD2-S-88M 8192bp Angiosperm 2.6M 65sp,16384,730,1.7176828e-09,8.775608254804894e-09,-8.765057033129107,-8.056722772007397
v13,PlantCAD2-S-88M 8192bp Angiosperm 2.6M 65sp,16384,731,1.6453593e-09,8.406108889953373e-09,-8.783739249708825,-8.075404988587113
v13,PlantCAD2-S-88M 8192bp Angiosperm 2.6M 65sp,16384,732,1.6406055e-09,8.38182181755462e-09,-8.784995836844754,-8.076661575723042
v13,PlantCAD2-S-88M 8192bp Angiosperm 2.6M 65sp,16384,733,1.5028124e-09,7.677839530595028e-09,-8.82309523014488,-8.114760969023168
v13,PlantCAD2-S-88M 8192bp Angiosperm 2.6M 65sp,16384,734,1.4131374e-09,7.219691687320572e-09,-8.84981560944603,-8.141481348324318
v13,PlantCAD2-S-88M 8192bp Angiosperm 2.6M 65sp,16384,735,1.358565e-09,6.94088234957526e-09,-8.866919578102912,-8.1585853169812
v13,PlantCAD2-S-88M 8192bp Angiosperm 2.6M 65sp,16384,736,1.3366103e-09,6.828716211245316e-09,-8.873995196499825,-8.165660935378114
v13,PlantCAD2-S-88M 8192bp Angiosperm 2.6M 65sp,16384,737,1.2611292e-09,6.443084728970618e-09,-8.89924041860317,-8.190906157481459
v13,PlantCAD2-S-88M 8192bp Angiosperm 2.6M 65sp,16384,738,1.2045189e-09,6.153863799479456e-09,-8.919186381135699,-8.210852120013987
v13,PlantCAD2-S-88M 8192bp Angiosperm 2.6M 65sp,16384,739,1.1663944e-09,5.9590864652066155e-09,-8.933154574121211,-8.2248203129995
v13,PlantCAD2-S-88M 8192bp Angiosperm 2.6M 65sp,16384,740,1.1485582e-09,5.867961663843784e-09,-8.939846993243494,-8.231512732121782
v13,PlantCAD2-S-88M 8192bp Angiosperm 2.6M 65sp,16384,741,1.0410579e-09,5.318744707096006e-09,-8.982525115877328,-8.274190854755616
v13,PlantCAD2-S-88M 8192bp Angiosperm 2.6M 65sp,16384,742,9.332906e-10,4.768163652504299e-09,-9.029983108315735,-8.321648847194023
v13,PlantCAD2-S-88M 8192bp Angiosperm 2.6M 65sp,16384,743,9.053895e-10,4.625617471406056e-09,-9.043164546419629,-8.334830285297917
v13,PlantCAD2-S-88M 8192bp Angiosperm 2.6M 65sp,16384,744,8.2513263e-10,4.2155866724268716e-09,-9.083476238301468,-8.375141977179757
v13,PlantCAD2-S-88M 8192bp Angiosperm 2.6M 65sp,16384,745,8.047152e-10,4.111274416840508e-09,-9.09435779535034,-8.38602353422863
v13,PlantCAD2-S-88M 8192bp Angiosperm 2.6M 65sp,16384,746,7.732821e-10,3.950683315949175e-09,-9.111662042791304,-8.403327781669592
v13,PlantCAD2-S-88M 8192bp Angiosperm 2.6M 65sp,16384,747,6.9728706e-10,3.562426124139239e-09,-9.156588394199556,-8.448254133077846
v13,PlantCAD2-S-88M 8192bp Angiosperm 2.6M 65sp,16384,748,6.4698413e-10,3.3054294261756375e-09,-9.18910637209476,-8.480772110973048
v13,PlantCAD2-S-88M 8192bp Angiosperm 2.6M 65sp,16384,749,6.360084e-10,3.2493546335593816e-09,-9.196537148424609,-8.488202887302899
v13,PlantCAD2-S-88M 8192bp Angiosperm 2.6M 65sp,16384,750,4.681936e-10,2.391992061052728e-09,-9.329574527212827,-8.621240266091116
v13,PlantCAD2-S-88M 8192bp Angiosperm 2.6M 65sp,16384,751,3.346658e-10,1.7098011094253744e-09,-9.475388666579104,-8.767054405457392
v13,PlantCAD2-S-88M 8192bp Angiosperm 2.6M 65sp,16384,752,2.6087138e-10,1.3327868426989804e-09,-9.583573564402512,-8.8752393032808
v13,PlantCAD2-S-88M 8192bp Angiosperm 2.6M 65sp,16384,753,2.3988259e-10,1.2255555199062237e-09,-9.620001270753736,-8.911667009632025
v13,PlantCAD2-S-88M 8192bp Angiosperm 2.6M 65sp,16384,754,2.0728022e-10,1.0589906411648149e-09,-9.683442139076963,-8.975107877955251
v13,PlantCAD2-S-88M 8192bp Angiosperm 2.6M 65sp,16384,755,1.7955731e-10,9.173548293355219e-10,-9.745796909512906,-9.037462648391195
v13,PlantCAD2-S-88M 8192bp Angiosperm 2.6M 65sp,16384,756,1.5939261e-10,8.143337664386562e-10,-9.797531817887338,-9.089197556765626
v13,PlantCAD2-S-88M 8192bp Angiosperm 2.6M 65sp,16384,757,1.4528063e-10,7.422359331369305e-10,-9.837792285529142,-9.12945802440743
v13,PlantCAD2-S-88M 8192bp Angiosperm 2.6M 65sp,16384,758,1.3672592e-10,6.985300849480437e-10,-9.864149145667135,-9.155814884545425
v13,PlantCAD2-S-88M 8192bp Angiosperm 2.6M 65sp,16384,759,1.1586894e-10,5.919721768998869e-10,-9.936032966058942,-9.22769870493723
v13,PlantCAD2-S-88M 8192bp Angiosperm 2.6M 65sp,16384,760,1.04873256e-10,5.357954396829653e-10,-9.979335248245476,-9.271000987123765
v13,PlantCAD2-S-88M 8192bp Angiosperm 2.6M 65sp,16384,761,8.575545e-11,4.3812293801539395e-10,-10.066738269772504,-9.358404008650792
v13,PlantCAD2-S-88M 8192bp Angiosperm 2.6M 65sp,16384,762,7.688405e-11,3.927991267321488e-10,-10.114163747525716,-9.405829486404006
v13,PlantCAD2-S-88M 8192bp Angiosperm 2.6M 65sp,16384,763,6.7849115e-11,3.4663981829194925e-10,-10.168455812751821,-9.46012155163011
v13,PlantCAD2-S-88M 8192bp Angiosperm 2.6M 65sp,16384,764,5.739457e-11,2.932277497760223e-10,-10.24112919350075,-9.532794932379039
v13,PlantCAD2-S-88M 8192bp Angiosperm 2.6M 65sp,16384,765,1.9476063e-11,9.950282976222394e-11,-10.710498829294139,-10.002164568172429
v13,PlantCAD2-S-88M 8192bp Angiosperm 2.6M 65sp,16384,766,2.683684e-12,1.3710889731030558e-11,-11.57126862305435,-10.862934361932638
v13,PlantCAD2-S-88M 8192bp Angiosperm 2.6M 65sp,16384,767,7.149611e-13,3.652722453193563e-12,-12.145717586891127,-11.437383325769416
v13,PlantCAD2-S-88M 8192bp Angiosperm 2.6M 65sp,16384,768,7.427083e-14,3.794482362163788e-13,-13.129181722679181,-12.42084746155747
v13,PlantCAD2-S-88M 8192bp Angiosperm 2.6M 65sp,65536,1,0.18875675,1.0,-0.724097508915533,0.0
v13,PlantCAD2-S-88M 8192bp Angiosperm 2.6M 65sp,65536,2,0.06509674,0.3448710575913179,-1.1864407600564095,-0.4623432511408766
v13,PlantCAD2-S-88M 8192bp Angiosperm 2.6M 65sp,65536,3,0.022668576,0.12009412113738978,-1.6445757606307094,-0.9204782517151765
v13,PlantCAD2-S-88M 8192bp Angiosperm 2.6M 65sp,65536,4,0.011670722,0.06182942861646007,-1.9329022758383791,-1.2088047669228463
v13,PlantCAD2-S-88M 8192bp Angiosperm 2.6M 65sp,65536,5,0.010601716,0.05616602320181928,-1.9746238338848106,-1.2505263249692775
v13,PlantCAD2-S-88M 8192bp Angiosperm 2.6M 65sp,65536,6,0.007767845,0.0411526740103334,-2.1096994489492147,-1.3856019400336819
v13,PlantCAD2-S-88M 8192bp Angiosperm 2.6M 65sp,65536,7,0.005796071,0.03070656281166104,-2.236866303200974,-1.5127687942854413
v13,PlantCAD2-S-88M 8192bp Angiosperm 2.6M 65sp,65536,8,0.00536335,0.02841408320497148,-2.270563861043855,-1.546466352128322
v13,PlantCAD2-S-88M 8192bp Angiosperm 2.6M 65sp,65536,9,0.0040258593,0.021328293160377047,-2.3951414073662356,-1.6710438984507028
v13,PlantCAD2-S-88M 8192bp Angiosperm 2.6M 65sp,65536,10,0.0038797553,0.020554259913883873,-2.4111956649240884,-1.6870981560085554
v13,PlantCAD2-S-88M 8192bp Angiosperm 2.6M 65sp,65536,11,0.0026622936,0.014104362360551343,-2.574744051855808,-1.8506465429402752
v13,PlantCAD2-S-88M 8192bp Angiosperm 2.6M 65sp,65536,12,0.002379233,0.01260475718086903,-2.623563025108893,-1.89946551619336
v13,PlantCAD2-S-88M 8192bp Angiosperm 2.6M 65sp,65536,13,0.002236667,0.01184946763493226,-2.6503986698272053,-1.9263011609116725
v13,PlantCAD2-S-88M 8192bp Angiosperm 2.6M 65sp,65536,14,0.001964117,0.010405545761939639,-2.70683264539788,-1.9827351364823471
v13,PlantCAD2-S-88M 8192bp Angiosperm 2.6M 65sp,65536,15,0.0019264269,0.01020587025364656,-2.715247466032736,-1.9911499571172029
v13,PlantCAD2-S-88M 8192bp Angiosperm 2.6M 65sp,65536,16,0.0018466455,0.009783202455011542,-2.7336164679438775,-2.009518959028344
v13,PlantCAD2-S-88M 8192bp Angiosperm 2.6M 65sp,65536,17,0.0017001088,0.00900687684016598,-2.7695232846642814,-2.0454257757487486
v13,PlantCAD2-S-88M 8192bp Angiosperm 2.6M 65sp,65536,18,0.0016346672,0.008660178775063674,-2.786570651514553,-2.06247314259902
v13,PlantCAD2-S-88M 8192bp Angiosperm 2.6M 65sp,65536,19,0.0014014784,0.0074247856036936425,-2.8534135913272403,-2.129316082411707
v13,PlantCAD2-S-88M 8192bp Angiosperm 2.6M 65sp,65536,20,0.0013659213,0.0072364103535370265,-2.864574322587391,-2.1404768136718584
v13,PlantCAD2-S-88M 8192bp Angiosperm 2.6M 65sp,65536,21,0.0013356383,0.0070759763558124415,-2.8743111358589304,-2.150213626943397
v13,PlantCAD2-S-88M 8192bp Angiosperm 2.6M 65sp,65536,22,0.0012580873,0.0066651248233506885,-2.900289221694568,-2.176191712779035
v13,PlantCAD2-S-88M 8192bp Angiosperm 2.6M 65sp,65536,23,0.0011726955,0.006212734114144263,-2.93081474136887,-2.206717232453337
v13,PlantCAD2-S-88M 8192bp Angiosperm 2.6M 65sp,65536,24,0.0011342551,0.0060090836486642206,-2.945289259320594,-2.221191750405061
v13,PlantCAD2-S-88M 8192bp Angiosperm 2.6M 65sp,65536,25,0.001087059,0.005759047027457297,-2.9637468839918406,-2.239649375076308
v13,PlantCAD2-S-88M 8192bp Angiosperm 2.6M 65sp,65536,26,0.0009991139,0.005293129384776968,-3.0003849989393965,-2.2762874900238637
v13,PlantCAD2-S-88M 8192bp Angiosperm 2.6M 65sp,65536,27,0.0009652807,0.005113887053045785,-3.0153463770869,-2.291248868171367
v13,PlantCAD2-S-88M 8192bp Angiosperm 2.6M 65sp,65536,28,0.0008837591,0.004681999981457617,-3.053666101274888,-2.329568592359355
v13,PlantCAD2-S-88M 8192bp Angiosperm 2.6M 65sp,65536,29,0.00084244943,0.004463148629121873,-3.074456159217579,-2.3503586503020464
v13,PlantCAD2-S-88M 8192bp Angiosperm 2.6M 65sp,65536,30,0.0008235007,0.004362761596605155,-3.0843360273308895,-2.3602385184153567
v13,PlantCAD2-S-88M 8192bp Angiosperm 2.6M 65sp,65536,31,0.0007726886,0.004093568044586485,-3.1119954951493236,-2.3878979862337903
v13,PlantCAD2-S-88M 8192bp Angiosperm 2.6M 65sp,65536,32,0.00075004593,0.0039736111688721066,-3.1249121412285703,-2.4008146323130375
v13,PlantCAD2-S-88M 8192bp Angiosperm 2.6M 65sp,65536,33,0.0007327112,0.003881774823946693,-3.135067169917223,-2.4109696610016895
v13,PlantCAD2-S-88M 8192bp Angiosperm 2.6M 65sp,65536,34,0.00069875206,0.003701865284287847,-3.155676898754445,-2.431579389838912
v13,PlantCAD2-S-88M 8192bp Angiosperm 2.6M 65sp,65536,35,0.0006879112,0.003644432318314444,-3.1624676196700374,-2.4383701107545046
v13,PlantCAD2-S-88M 8192bp Angiosperm 2.6M 65sp,65536,36,0.00067147816,0.0035573729681190208,-3.1729681083053687,-2.4488705993898354
v13,PlantCAD2-S-88M 8192bp Angiosperm 2.6M 65sp,65536,37,0.00065902906,0.0034914198300193236,-3.1810954346937197,-2.4569979257781864
v13,PlantCAD2-S-88M 8192bp Angiosperm 2.6M 65sp,65536,38,0.0006446062,0.0034150100592429144,-3.1907055216396345,-2.4666080127241012
v13,PlantCAD2-S-88M 8192bp Angiosperm 2.6M 65sp,65536,39,0.0006198408,0.003283807334042359,-3.2077198404367167,-2.483622331521184
v13,PlantCAD2-S-88M 8192bp Angiosperm 2.6M 65sp,65536,40,0.0005768931,0.0030562779874097217,-3.2389046554427,-2.514807146527167
v13,PlantCAD2-S-88M 8192bp Angiosperm 2.6M 65sp,65536,41,0.00055857055,0.002959208346191593,-3.252921965716386,-2.528824456800853
v13,PlantCAD2-S-88M 8192bp Angiosperm 2.6M 65sp,65536,42,0.00053241284,0.0028206294079549474,-3.273751479354564,-2.549653970439031
v13,PlantCAD2-S-88M 8192bp Angiosperm 2.6M 65sp,65536,43,0.00051266,0.0027159823423533198,-3.290170566813492,-2.5660730578979587
v13,PlantCAD2-S-88M 8192bp Angiosperm 2.6M 65sp,65536,44,0.0004901632,0.0025967982601946688,-3.3096592974023027,-2.58556178848677
v13,PlantCAD2-S-88M 8192bp Angiosperm 2.6M 65sp,65536,45,0.00048509738,0.0025699604385008745,-3.314171070982296,-2.590073562066763
v13,PlantCAD2-S-88M 8192bp Angiosperm 2.6M 65sp,65536,46,0.000461682,0.002445909881368481,-3.335657057337666,-2.611559548422133
v13,PlantCAD2-S-88M 8192bp Angiosperm 2.6M 65sp,65536,47,0.00045940388,0.0024338408030441295,-3.3378053411926385,-2.6137078322771052
v13,PlantCAD2-S-88M 8192bp Angiosperm 2.6M 65sp,65536,48,0.0004507951,0.002388233003587951,-3.3460208132437814,-2.621923304328248
v13,PlantCAD2-S-88M 8192bp Angiosperm 2.6M 65sp,65536,49,0.00043673062,0.002313721866900124,-3.35978635781338,-2.6356888488978467
v13,PlantCAD2-S-88M 8192bp Angiosperm 2.6M 65sp,65536,50,0.00042330113,0.0022425747953384446,-3.373350572177751,-2.649253063262218
v13,PlantCAD2-S-88M 8192bp Angiosperm 2.6M 65sp,65536,51,0.00040525806,0.002146985789912149,-3.392268338900879,-2.668170829985346
v13,PlantCAD2-S-88M 8192bp Angiosperm 2.6M 65sp,65536,52,0.00039493796,0.00209231171865377,-3.4034711214515307,-2.679373612535998
v13,PlantCAD2-S-88M 8192bp Angiosperm 2.6M 65sp,65536,53,0.0003930704,0.002082417714863177,-3.405529659310607,-2.681432150395074
v13,PlantCAD2-S-88M 8192bp Angiosperm 2.6M 65sp,65536,54,0.00037411627,0.0019820020740980125,-3.426993404291579,-2.702895895376046
v13,PlantCAD2-S-88M 8192bp Angiosperm 2.6M 65sp,65536,55,0.00037043213,0.001962484149573459,-3.431291351157138,-2.707193842241605
v13,PlantCAD2-S-88M 8192bp Angiosperm 2.6M 65sp,65536,56,0.0003611884,0.0019135124969040843,-3.442266206024332,-2.7181686971087986
v13,PlantCAD2-S-88M 8192bp Angiosperm 2.6M 65sp,65536,57,0.00035310895,0.001870708994512779,-3.4520912745457872,-2.7279937656302544
v13,PlantCAD2-S-88M 8192bp Angiosperm 2.6M 65sp,65536,58,0.00034921814,0.0018500961687462833,-3.4569032051231527,-2.7328056962076195
v13,PlantCAD2-S-88M 8192bp Angiosperm 2.6M 65sp,65536,59,0.00034178735,0.0018107291527322863,-3.4662440151286282,-2.742146506213095
v13,PlantCAD2-S-88M 8192bp Angiosperm 2.6M 65sp,65536,60,0.00032929744,0.001744559810443865,-3.4824116455352687,-2.758314136619736
v13,PlantCAD2-S-88M 8192bp Angiosperm 2.6M 65sp,65536,61,0.0003240738,0.001716885886200096,-3.489356078425877,-2.765258569510344
v13,PlantCAD2-S-88M 8192bp Angiosperm 2.6M 65sp,65536,62,0.0003221122,0.001706493675060627,-3.4919928259647244,-2.7678953170491916
v13,PlantCAD2-S-88M 8192bp Angiosperm 2.6M 65sp,65536,63,0.000307472,0.001628932475262474,-3.5121944272029193,-2.788096918287386
v13,PlantCAD2-S-88M 8192bp Angiosperm 2.6M 65sp,65536,64,0.00029489366,0.001562294646416618,-3.53033456436449,-2.8062370554489573
v13,PlantCAD2-S-88M 8192bp Angiosperm 2.6M 65sp,65536,65,0.00029176698,0.0015457300467400503,-3.534963859855972,-2.8108663509404392
v13,PlantCAD2-S-88M 8192bp Angiosperm 2.6M 65sp,65536,66,0.0002843764,0.001506576056220506,-3.5461064479389335,-2.8220089390234007
v13,PlantCAD2-S-88M 8192bp Angiosperm 2.6M 65sp,65536,67,0.00027908583,0.0014785475486307112,-3.5542622133466715,-2.8301647044311387
v13,PlantCAD2-S-88M 8192bp Angiosperm 2.6M 65sp,65536,68,0.00027481353,0.0014559136560679286,-3.5609618892992048,-2.836864380383672
v13,PlantCAD2-S-88M 8192bp Angiosperm 2.6M 65sp,65536,69,0.00026349796,0.0013959657601648682,-3.5792227427443097,-2.855125233828777
v13,PlantCAD2-S-88M 8192bp Angiosperm 2.6M 65sp,65536,70,0.00026028778,0.0013789587922021333,-3.5845462206850223,-2.8604487117694894
v13,PlantCAD2-S-88M 8192bp Angiosperm 2.6M 65sp,65536,71,0.0002472527,0.0013099012353200614,-3.60685895720824,-2.882761448292707
v13,PlantCAD2-S-88M 8192bp Angiosperm 2.6M 65sp,65536,72,0.00024332828,0.0012891103496961037,-3.6138074137399063,-2.8897099048243735
v13,PlantCAD2-S-88M 8192bp Angiosperm 2.6M 65sp,65536,73,0.00024088792,0.0012761817524406412,-3.618184978369792,-2.894087469454259
v13,PlantCAD2-S-88M 8192bp Angiosperm 2.6M 65sp,65536,74,0.00023380818,0.001238674537466872,-3.6311402987057573,-2.907042789790224
v13,PlantCAD2-S-88M 8192bp Angiosperm 2.6M 65sp,65536,75,0.0002269336,0.0012022542240211276,-3.6441011973091393,-2.9200036883936065
v13,PlantCAD2-S-88M 8192bp Angiosperm 2.6M 65sp,65536,76,0.00022418897,0.001187713657922167,-3.6493857583154123,-2.9252882493998795
v13,PlantCAD2-S-88M 8192bp Angiosperm 2.6M 65sp,65536,77,0.00022312862,0.0011820961104702216,-3.651444720568286,-2.927347211652753
v13,PlantCAD2-S-88M 8192bp Angiosperm 2.6M 65sp,65536,78,0.0002190369,0.0011604188989267933,-3.659482715678406,-2.9353852067628727
v13,PlantCAD2-S-88M 8192bp Angiosperm 2.6M 65sp,65536,79,0.00021605665,0.001144630059587273,-3.665432362012513,-2.9413348530969796
v13,PlantCAD2-S-88M 8192bp Angiosperm 2.6M 65sp,65536,80,0.00021281162,0.0011274384624655807,-3.672004662259969,-2.947907153344436
v13,PlantCAD2-S-88M 8192bp Angiosperm 2.6M 65sp,65536,81,0.00020590608,0.0010908541283954085,-3.686330829334057,-2.9622333204185236
v13,PlantCAD2-S-88M 8192bp Angiosperm 2.6M 65sp,65536,82,0.00020151619,0.001067597264733579,-3.6956900564945503,-2.9715925475790175
v13,PlantCAD2-S-88M 8192bp Angiosperm 2.6M 65sp,65536,83,0.00020064617,0.0010629880520829057,-3.697569125806748,-2.9734716168912145
v13,PlantCAD2-S-88M 8192bp Angiosperm 2.6M 65sp,65536,84,0.00019889724,0.0010537225291280974,-3.701371243326477,-2.9772737344109443
v13,PlantCAD2-S-88M 8192bp Angiosperm 2.6M 65sp,65536,85,0.00019350147,0.0010251366904759696,-3.713315731366189,-2.9892182224506563
v13,PlantCAD2-S-88M 8192bp Angiosperm 2.6M 65sp,65536,86,0.00018647758,0.000987925358960673,-3.729373375477751,-3.0052758665622177
v13,PlantCAD2-S-88M 8192bp Angiosperm 2.6M 65sp,65536,87,0.00018266359,0.000967719512017451,-3.738348011147385,-3.014250502231852
v13,PlantCAD2-S-88M 8192bp Angiosperm 2.6M 65sp,65536,88,0.0001815723,0.0009619380498975534,-3.7409504051250932,-3.0168528962095604
v13,PlantCAD2-S-88M 8192bp Angiosperm 2.6M 65sp,65536,89,0.00017664526,0.0009358354601888409,-3.7528980116877433,-3.0288005027722105
v13,PlantCAD2-S-88M 8192bp Angiosperm 2.6M 65sp,65536,90,0.00017448793,0.0009244063059996529,-3.7582346094824217,-3.034137100566889
v13,PlantCAD2-S-88M 8192bp Angiosperm 2.6M 65sp,65536,91,0.00017294522,0.0009162333002660832,-3.7620914368662217,-3.037993927950689
v13,PlantCAD2-S-88M 8192bp Angiosperm 2.6M 65sp,65536,92,0.00017147354,0.0009084365989560638,-3.765802886225084,-3.041705377309551
v13,PlantCAD2-S-88M 8192bp Angiosperm 2.6M 65sp,65536,93,0.00016432694,0.0008705751714839337,-3.7842912318525754,-3.0601937229370426
v13,PlantCAD2-S-88M 8192bp Angiosperm 2.6M 65sp,65536,94,0.00016407591,0.0008692452587788252,-3.7849551783745126,-3.0608576694589797
v13,PlantCAD2-S-88M 8192bp Angiosperm 2.6M 65sp,65536,95,0.00015952221,0.00084512055860254,-3.7971788423313377,-3.073081333415805
v13,PlantCAD2-S-88M 8192bp Angiosperm 2.6M 65sp,65536,96,0.00015810921,0.0008376347335923086,-3.801042831296895,-3.0769453223813623
v13,PlantCAD2-S-88M 8192bp Angiosperm 2.6M 65sp,65536,97,0.00015631456,0.0008281269941339845,-3.806000567514066,-3.081903058598533
v13,PlantCAD2-S-88M 8192bp Angiosperm 2.6M 65sp,65536,98,0.00015453034,0.0008186745109777531,-3.8109862398573955,-3.0868887309418622
v13,PlantCAD2-S-88M 8192bp Angiosperm 2.6M 65sp,65536,99,0.0001483309,0.0007858309702831819,-3.828768368178556,-3.104670859263023
v13,PlantCAD2-S-88M 8192bp Angiosperm 2.6M 65sp,65536,100,0.00014488863,0.0007675944303978533,-3.83896569404576,-3.114868185130227
v13,PlantCAD2-S-88M 8192bp Angiosperm 2.6M 65sp,65536,101,0.00014160993,0.0007502244555492718,-3.8489062918934303,-3.1248087829778974
v13,PlantCAD2-S-88M 8192bp Angiosperm 2.6M 65sp,65536,102,0.00014006153,0.0007420213051983571,-3.8536811338288954,-3.129583624913362
v13,PlantCAD2-S-88M 8192bp Angiosperm 2.6M 65sp,65536,103,0.00013789226,0.0007305288949931592,-3.860460110427691,-3.136362601512158
v13,PlantCAD2-S-88M 8192bp Angiosperm 2.6M 65sp,65536,104,0.00013596509,0.000720319087926657,-3.8665725855016357,-3.142475076586103
v13,PlantCAD2-S-88M 8192bp Angiosperm 2.6M 65sp,65536,105,0.00013361654,0.0007078768838730271,-3.8741397784913354,-3.1500422695758026
v13,PlantCAD2-S-88M 8192bp Angiosperm 2.6M 65sp,65536,106,0.00012919646,0.0006844600789110853,-3.888749385903847,-3.164651876988314
v13,PlantCAD2-S-88M 8192bp Angiosperm 2.6M 65sp,65536,107,0.00012806662,0.0006784743856842205,-3.8925640524481224,-3.168466543532589
v13,PlantCAD2-S-88M 8192bp Angiosperm 2.6M 65sp,65536,108,0.00012448383,0.0006594933956004222,-3.9048870581895625,-3.1807895492740292
v13,PlantCAD2-S-88M 8192bp Angiosperm 2.6M 65sp,65536,109,0.000123198,0.0006526812948411117,-3.9093963424639155,-3.1852988335483827
v13,PlantCAD2-S-88M 8192bp Angiosperm 2.6M 65sp,65536,110,0.00012183992,0.0006454864263132312,-3.914210394829351,-3.190112885913818
v13,PlantCAD2-S-88M 8192bp Angiosperm 2.6M 65sp,65536,111,0.00012096296,0.0006408404467654799,-3.9173475943962925,-3.1932500854807593
v13,PlantCAD2-S-88M 8192bp Angiosperm 2.6M 65sp,65536,112,0.000117737174,0.0006237508009647337,-3.9290863926017767,-3.204988883686244
v13,PlantCAD2-S-88M 8192bp Angiosperm 2.6M 65sp,65536,113,0.00011703352,0.0006200229660661142,-3.931689732560731,-3.2075922236451984
v13,PlantCAD2-S-88M 8192bp Angiosperm 2.6M 65sp,65536,114,0.000115002265,0.000609261735010801,-3.939293606017566,-3.2151960971020332
v13,PlantCAD2-S-88M 8192bp Angiosperm 2.6M 65sp,65536,115,0.00011286957,0.0005979630927105919,-3.9474231294869533,-3.22332562057142
v13,PlantCAD2-S-88M 8192bp Angiosperm 2.6M 65sp,65536,116,0.000111387475,0.0005901112145658367,-3.9531636407978348,-3.2290661318823015
v13,PlantCAD2-S-88M 8192bp Angiosperm 2.6M 65sp,65536,117,0.00010978288,0.0005816103530072434,-3.9594653802978756,-3.235367871382343
v13,PlantCAD2-S-88M 8192bp Angiosperm 2.6M 65sp,65536,118,0.000108831555,0.000576570400793614,-3.9632451655250804,-3.239147656609547
v13,PlantCAD2-S-88M 8192bp Angiosperm 2.6M 65sp,65536,119,0.00010499794,0.0005562605840585833,-3.9788192214577656,-3.2547217125422327
v13,PlantCAD2-S-88M 8192bp Angiosperm 2.6M 65sp,65536,120,0.00010376718,0.0005497402344551916,-3.983939985589194,-3.259842476673661
v13,PlantCAD2-S-88M 8192bp Angiosperm 2.6M 65sp,65536,121,0.00010051247,0.0005324973543992467,-3.997780054499899,-3.273682545584366
v13,PlantCAD2-S-88M 8192bp Angiosperm 2.6M 65sp,65536,122,9.9123754e-05,0.000525140181741845,-4.003822258784811,-3.279724749869278
v13,PlantCAD2-S-88M 8192bp Angiosperm 2.6M 65sp,65536,123,9.887735e-05,0.0005238347767695725,-4.004903181573617,-3.280805672658084
v13,PlantCAD2-S-88M 8192bp Angiosperm 2.6M 65sp,65536,124,9.596611e-05,0.000508411540249554,-4.0178821090284105,-3.293784600112877
v13,PlantCAD2-S-88M 8192bp Angiosperm 2.6M 65sp,65536,125,9.546586e-05,0.0005057613039003903,-4.020151910766409,-3.296054401850876
v13,PlantCAD2-S-88M 8192bp Angiosperm 2.6M 65sp,65536,126,9.5104566e-05,0.0005038472319532944,-4.021798631947952,-3.2977011230324194
v13,PlantCAD2-S-88M 8192bp Angiosperm 2.6M 65sp,65536,127,9.255403e-05,0.0004903349416643378,-4.033604666390735,-3.309507157475202
v13,PlantCAD2-S-88M 8192bp Angiosperm 2.6M 65sp,65536,128,9.132811e-05,0.0004838402335280725,-4.039395529815838,-3.315298020900305
v13,PlantCAD2-S-88M 8192bp Angiosperm 2.6M 65sp,65536,129,8.998561e-05,0.0004767279050947847,-4.045826934974681,-3.3217294260591474
v13,PlantCAD2-S-88M 8192bp Angiosperm 2.6M 65sp,65536,130,8.6799875e-05,0.00045985044243450893,-4.061480900248039,-3.3373833913325064
v13,PlantCAD2-S-88M 8192bp Angiosperm 2.6M 65sp,65536,131,8.607898e-05,0.00045603126775598755,-4.065102887855614,-3.3410053789400815
v13,PlantCAD2-S-88M 8192bp Angiosperm 2.6M 65sp,65536,132,8.484435e-05,0.00044949041557454237,-4.071377073152105,-3.347279564236572
v13,PlantCAD2-S-88M 8192bp Angiosperm 2.6M 65sp,65536,133,8.370831e-05,0.00044347187584020177,-4.077231426021069,-3.353133917105536
v13,PlantCAD2-S-88M 8192bp Angiosperm 2.6M 65sp,65536,134,8.343292e-05,0.0004420129081476556,-4.078662556635576,-3.3545650477200435
v13,PlantCAD2-S-88M 8192bp Angiosperm 2.6M 65sp,65536,135,8.03999e-05,0.0004259445026469252,-4.094744491419151,-3.370646982503618
v13,PlantCAD2-S-88M 8192bp Angiosperm 2.6M 65sp,65536,136,7.9520316e-05,0.00042128462160955833,-4.09952190279606,-3.375424393880527
v13,PlantCAD2-S-88M 8192bp Angiosperm 2.6M 65sp,65536,137,7.846193e-05,0.0004156774790835295,-4.105341013335706,-3.381243504420173
v13,PlantCAD2-S-88M 8192bp Angiosperm 2.6M 65sp,65536,138,7.798788e-05,0.0004131660457175704,-4.107972885233982,-3.383875376318449
v13,PlantCAD2-S-88M 8192bp Angiosperm 2.6M 65sp,65536,139,7.702403e-05,0.00040805973826101586,-4.113373762252178,-3.3892762533366447
v13,PlantCAD2-S-88M 8192bp Angiosperm 2.6M 65sp,65536,140,7.6815e-05,0.00040695233415493753,-4.1145539651099226,-3.3904564561943897
v13,PlantCAD2-S-88M 8192bp Angiosperm 2.6M 65sp,65536,141,7.490129e-05,0.00039681383579660064,-4.125510702526739,-3.401413193611206
v13,PlantCAD2-S-88M 8192bp Angiosperm 2.6M 65sp,65536,142,7.3782634e-05,0.00039088739343096334,-4.132045844755106,-3.407948335839573
v13,PlantCAD2-S-88M 8192bp Angiosperm 2.6M 65sp,65536,143,7.200261e-05,0.00038145713994333977,-4.142651760679101,-3.4185542517635676
v13,PlantCAD2-S-88M 8192bp Angiosperm 2.6M 65sp,65536,144,7.069399e-05,0.0003745243017799363,-4.150617505874691,-3.4265199969591578
v13,PlantCAD2-S-88M 8192bp Angiosperm 2.6M 65sp,65536,145,6.900068e-05,0.0003655534437841296,-4.161146629280244,-3.4370491203647116
v13,PlantCAD2-S-88M 8192bp Angiosperm 2.6M 65sp,65536,146,6.863317e-05,0.0003636064405643772,-4.163465941635139,-3.4393684327196063
v13,PlantCAD2-S-88M 8192bp Angiosperm 2.6M 65sp,65536,147,6.7713234e-05,0.00035873278174158006,-4.169326443700521,-3.445228934784988
v13,PlantCAD2-S-88M 8192bp Angiosperm 2.6M 65sp,65536,148,6.717239e-05,0.0003558674855336299,-4.172809199187594,-3.448711690272061
v13,PlantCAD2-S-88M 8192bp Angiosperm 2.6M 65sp,65536,149,6.6227374e-05,0.00035086095729026907,-4.1789624649428365,-3.4548649560273037
v13,PlantCAD2-S-88M 8192bp Angiosperm 2.6M 65sp,65536,150,6.291126e-05,0.0003332927696625419,-4.201271616586297,-3.4771741076707636
v13,PlantCAD2-S-88M 8192bp Angiosperm 2.6M 65sp,65536,151,6.258684e-05,0.00033157404966974695,-4.203516975355277,-3.479419466439744
v13,PlantCAD2-S-88M 8192bp Angiosperm 2.6M 65sp,65536,152,6.234347e-05,0.00033028471829484247,-4.2052090288170865,-3.4811115199015537
v13,PlantCAD2-S-88M 8192bp Angiosperm 2.6M 65sp,65536,153,6.1407554e-05,0.00032532640024793817,-4.211778201192315,-3.4876806922767822
v13,PlantCAD2-S-88M 8192bp Angiosperm 2.6M 65sp,65536,154,6.106164e-05,0.00032349380883067757,-4.2142315355534805,-3.4901340266379477
v13,PlantCAD2-S-88M 8192bp Angiosperm 2.6M 65sp,65536,155,5.9603717e-05,0.0003157699896824882,-4.224726655993763,-3.5006291470782296
v13,PlantCAD2-S-88M 8192bp Angiosperm 2.6M 65sp,65536,156,5.90749e-05,0.0003129684104012174,-4.228597004854035,-3.5044994959385023
v13,PlantCAD2-S-88M 8192bp Angiosperm 2.6M 65sp,65536,157,5.829034e-05,0.0003088119497713327,-4.23440341148973,-3.510305902574197
v13,PlantCAD2-S-88M 8192bp Angiosperm 2.6M 65sp,65536,158,5.7195582e-05,0.00030301211479854363,-4.242637516436406,-3.518540007520873
v13,PlantCAD2-S-88M 8192bp Angiosperm 2.6M 65sp,65536,159,5.636232e-05,0.00029859763955461196,-4.249011138655993,-3.52491362974046
v13,PlantCAD2-S-88M 8192bp Angiosperm 2.6M 65sp,65536,160,5.5228385e-05,0.0002925902517393418,-4.257837656320832,-3.5337401474052985
v13,PlantCAD2-S-88M 8192bp Angiosperm 2.6M 65sp,65536,161,5.42824e-05,0.00028757858990473186,-4.2653409590278795,-3.5412434501123466
v13,PlantCAD2-S-88M 8192bp Angiosperm 2.6M 65sp,65536,162,5.337834e-05,0.00028278903933236823,-4.272634936356863,-3.5485374274413304
v13,PlantCAD2-S-88M 8192bp Angiosperm 2.6M 65sp,65536,163,5.281834e-05,0.00027982225801196514,-4.27721525212888,-3.5531177432133476
v13,PlantCAD2-S-88M 8192bp Angiosperm 2.6M 65sp,65536,164,5.2142594e-05,0.0002762422747795774,-4.282807367263136,-3.558709858347603
v13,PlantCAD2-S-88M 8192bp Angiosperm 2.6M 65sp,65536,165,5.1371597e-05,0.0002721576685337081,-4.289276933058864,-3.565179424143331
v13,PlantCAD2-S-88M 8192bp Angiosperm 2.6M 65sp,65536,166,5.0645547e-05,0.00026831118357356756,-4.295458733884054,-3.571361224968521
v13,PlantCAD2-S-88M 8192bp Angiosperm 2.6M 65sp,65536,167,5.004827e-05,0.00026514691527587756,-4.300610930021605,-3.5765134211060725
v13,PlantCAD2-S-88M 8192bp Angiosperm 2.6M 65sp,65536,168,4.9418282e-05,0.00026180934986430945,-4.306112356685638,-3.5820148477701053
v13,PlantCAD2-S-88M 8192bp Angiosperm 2.6M 65sp,65536,169,4.8749946e-05,0.0002582686235061792,-4.312025861030368,-3.587928352114835
v13,PlantCAD2-S-88M 8192bp Angiosperm 2.6M 65sp,65536,170,4.687804e-05,0.00024835159537341047,-4.3290305547326975,-3.6049330458171642
v13,PlantCAD2-S-88M 8192bp Angiosperm 2.6M 65sp,65536,171,4.558906e-05,0.00024152280646917262,-4.3411393624157535,-3.6170418535002207
v13,PlantCAD2-S-88M 8192bp Angiosperm 2.6M 65sp,65536,172,4.4362623e-05,0.0002350253593580097,-4.352982783515927,-3.6288852746003935
v13,PlantCAD2-S-88M 8192bp Angiosperm 2.6M 65sp,65536,173,4.3906726e-05,0.00023261009738724577,-4.357468945795754,-3.633371436880221
v13,PlantCAD2-S-88M 8192bp Angiosperm 2.6M 65sp,65536,174,4.361899e-05,0.00023108572276223235,-4.36032439475239,-3.636226885836857
v13,PlantCAD2-S-88M 8192bp Angiosperm 2.6M 65sp,65536,175,4.2745003e-05,0.00022645549364459813,-4.369114648102365,-3.6450171391868325
v13,PlantCAD2-S-88M 8192bp Angiosperm 2.6M 65sp,65536,176,4.214679e-05,0.00022328626658384403,-4.37523549668275,-3.6511379877672168
v13,PlantCAD2-S-88M 8192bp Angiosperm 2.6M 65sp,65536,177,4.1233587e-05,0.00021844827800860102,-4.384748883327534,-3.6606513744120006
v13,PlantCAD2-S-88M 8192bp Angiosperm 2.6M 65sp,65536,178,4.0955318e-05,0.00021697405788137378,-4.387689697612958,-3.6635921886974248
v13,PlantCAD2-S-88M 8192bp Angiosperm 2.6M 65sp,65536,179,3.9836275e-05,0.00021104556525793118,-4.399721278244791,-3.6756237693292584
v13,PlantCAD2-S-88M 8192bp Angiosperm 2.6M 65sp,65536,180,3.9608298e-05,0.00020983778328457128,-4.402213819173322,-3.6781163102577885
v13,PlantCAD2-S-88M 8192bp Angiosperm 2.6M 65sp,65536,181,3.8621936e-05,0.00020461221121893656,-4.413165960151565,-3.689068451236032
v13,PlantCAD2-S-88M 8192bp Angiosperm 2.6M 65sp,65536,182,3.752201e-05,0.0001987849970928192,-4.425713905140325,-3.701616396224792
v13,PlantCAD2-S-88M 8192bp Angiosperm 2.6M 65sp,65536,183,3.7308684e-05,0.00019765483353575435,-4.428190069683855,-3.704092560768322
v13,PlantCAD2-S-88M 8192bp Angiosperm 2.6M 65sp,65536,184,3.668329e-05,0.00019434160632666116,-4.435531720854521,-3.711434211938988
v13,PlantCAD2-S-88M 8192bp Angiosperm 2.6M 65sp,65536,185,3.593203e-05,0.00019036156322886467,-4.44451824639418,-3.7204207374786473
v13,PlantCAD2-S-88M 8192bp Angiosperm 2.6M 65sp,65536,186,3.583961e-05,0.00018987193835452243,-4.445636724896338,-3.7215392159808047
v13,PlantCAD2-S-88M 8192bp Angiosperm 2.6M 65sp,65536,187,3.5402154e-05,0.00018755437355220408,-4.450970313063063,-3.72687280414753
v13,PlantCAD2-S-88M 8192bp Angiosperm 2.6M 65sp,65536,188,3.437296e-05,0.00018210188509814882,-4.4637830673299135,-3.73968555841438
v13,PlantCAD2-S-88M 8192bp Angiosperm 2.6M 65sp,65536,189,3.3596156e-05,0.00017798651438955164,-4.473710410809292,-3.749612901893759
v13,PlantCAD2-S-88M 8192bp Angiosperm 2.6M 65sp,65536,190,3.3357534e-05,0.00017672233708198513,-4.476806062643947,-3.7527085537284135
v13,PlantCAD2-S-88M 8192bp Angiosperm 2.6M 65sp,65536,191,3.273838e-05,0.0001734421682933193,-4.484942814675682,-3.7608453057601485
v13,PlantCAD2-S-88M 8192bp Angiosperm 2.6M 65sp,65536,192,3.2040498e-05,0.0001697449124335951,-4.494300742370222,-3.7702032334546893
v13,PlantCAD2-S-88M 8192bp Angiosperm 2.6M 65sp,65536,193,3.1379393e-05,0.00016624249463926456,-4.503355461619069,-3.779257952703536
v13,PlantCAD2-S-88M 8192bp Angiosperm 2.6M 65sp,65536,194,3.1359257e-05,0.0001661358176595009,-4.503634235675823,-3.7795367267602895
v13,PlantCAD2-S-88M 8192bp Angiosperm 2.6M 65sp,65536,195,3.0813575e-05,0.00016324489058007195,-4.511257911786837,-3.7871604028713044
v13,PlantCAD2-S-88M 8192bp Angiosperm 2.6M 65sp,65536,196,3.0277462e-05,0.0001604046583764554,-4.518880532262825,-3.794783023347292
v13,PlantCAD2-S-88M 8192bp Angiosperm 2.6M 65sp,65536,197,2.9935758e-05,0.00015859437079733573,-4.52380974065678,-3.799712231741247
v13,PlantCAD2-S-88M 8192bp Angiosperm 2.6M 65sp,65536,198,2.9686114e-05,0.00015727180087599517,-4.527446649113697,-3.8033491401981645
v13,PlantCAD2-S-88M 8192bp Angiosperm 2.6M 65sp,65536,199,2.8682638e-05,0.00015195556185407938,-4.542380908228892,-3.818283399313359
v13,PlantCAD2-S-88M 8192bp Angiosperm 2.6M 65sp,65536,200,2.8347531e-05,0.00015018022401847882,-4.547484761101608,-3.8233872521860754
v13,PlantCAD2-S-88M 8192bp Angiosperm 2.6M 65sp,65536,201,2.7918535e-05,0.0001479074788053937,-4.554107374663088,-3.8300098657475554
v13,PlantCAD2-S-88M 8192bp Angiosperm 2.6M 65sp,65536,202,2.7568622e-05,0.00014605370139081117,-4.559584941284599,-3.835487432369066
v13,PlantCAD2-S-88M 8192bp Angiosperm 2.6M 65sp,65536,203,2.733573e-05,0.00014481988061354096,-4.563269323794061,-3.8391718148785285
v13,PlantCAD2-S-88M 8192bp Angiosperm 2.6M 65sp,65536,204,2.630156e-05,0.00013934103018832438,-4.580018491841062,-3.8559209829255296
v13,PlantCAD2-S-88M 8192bp Angiosperm 2.6M 65sp,65536,205,2.552471e-05,0.00013522541577983303,-4.593039183466917,-3.8689416745513845
v13,PlantCAD2-S-88M 8192bp Angiosperm 2.6M 65sp,65536,206,2.5434105e-05,0.00013474540645566318,-4.594583540139962,-3.8704860312244294
v13,PlantCAD2-S-88M 8192bp Angiosperm 2.6M 65sp,65536,207,2.5038496e-05,0.00013264953968533576,-4.601391761664396,-3.8772942527488627
v13,PlantCAD2-S-88M 8192bp Angiosperm 2.6M 65sp,65536,208,2.4811652e-05,0.0001314477601463259,-4.605344318734686,-3.881246809819153
v13,PlantCAD2-S-88M 8192bp Angiosperm 2.6M 65sp,65536,209,2.4066281e-05,0.0001274989159328077,-4.618591016744784,-3.8944935078292504
v13,PlantCAD2-S-88M 8192bp Angiosperm 2.6M 65sp,65536,210,2.3553528e-05,0.00012478244089284224,-4.627944032221892,-3.9038465233063593
v13,PlantCAD2-S-88M 8192bp Angiosperm 2.6M 65sp,65536,211,2.3289893e-05,0.00012338574911890569,-4.632832506725788,-3.908734997810255
v13,PlantCAD2-S-88M 8192bp Angiosperm 2.6M 65sp,65536,212,2.3153732e-05,0.00012266439213432103,-4.635378997891066,-3.911281488975533
v13,PlantCAD2-S-88M 8192bp Angiosperm 2.6M 65sp,65536,213,2.2367438e-05,0.00011849874507799059,-4.650383757798016,-3.926286248882483
v13,PlantCAD2-S-88M 8192bp Angiosperm 2.6M 65sp,65536,214,2.2045544e-05,0.00011679340738808017,-4.656679179972919,-3.932581671057386
v13,PlantCAD2-S-88M 8192bp Angiosperm 2.6M 65sp,65536,215,2.1594828e-05,0.0001144055934423537,-4.665650250701844,-3.9415527417863108
v13,PlantCAD2-S-88M 8192bp Angiosperm 2.6M 65sp,65536,216,2.1383918e-05,0.0001132882294275569,-4.669912719618887,-3.945815210703354
v13,PlantCAD2-S-88M 8192bp Angiosperm 2.6M 65sp,65536,217,2.075036e-05,0.00010993175078507127,-4.6829743642696116,-3.9588768553540787
v13,PlantCAD2-S-88M 8192bp Angiosperm 2.6M 65sp,65536,218,2.0270916e-05,0.00010739174095760814,-4.693126626010637,-3.9690291170951038
v13,PlantCAD2-S-88M 8192bp Angiosperm 2.6M 65sp,65536,219,1.9846208e-05,0.00010514171281291926,-4.702322461293614,-3.978224952378081
v13,PlantCAD2-S-88M 8192bp Angiosperm 2.6M 65sp,65536,220,1.964463e-05,0.00010407378808969746,-4.7067561465656675,-3.9826586376501343
v13,PlantCAD2-S-88M 8192bp Angiosperm 2.6M 65sp,65536,221,1.9403897e-05,0.00010279842707611781,-4.71211103936706,-3.988013530451527
v13,PlantCAD2-S-88M 8192bp Angiosperm 2.6M 65sp,65536,222,1.904078e-05,0.00010087469719625922,-4.720315264840337,-3.9962177559248033
v13,PlantCAD2-S-88M 8192bp Angiosperm 2.6M 65sp,65536,223,1.8963137e-05,0.0001004633582640091,-4.722089817362051,-3.9979923084465185
v13,PlantCAD2-S-88M 8192bp Angiosperm 2.6M 65sp,65536,224,1.8211085e-05,9.647911928977375e-05,-4.739664178561177,-4.0155666696456445
v13,PlantCAD2-S-88M 8192bp Angiosperm 2.6M 65sp,65536,225,1.7658062e-05,9.354930088592858e-05,-4.753056962643566,-4.028959453728032
v13,PlantCAD2-S-88M 8192bp Angiosperm 2.6M 65sp,65536,226,1.7470784e-05,9.255713504285276e-05,-4.757687605650496,-4.0335900967349625
v13,PlantCAD2-S-88M 8192bp Angiosperm 2.6M 65sp,65536,227,1.7314023e-05,9.172664288826757e-05,-4.761602009900256,-4.037504500984722
v13,PlantCAD2-S-88M 8192bp Angiosperm 2.6M 65sp,65536,228,1.6742626e-05,8.869948227017047e-05,-4.7761764240089954,-4.052078915093463
v13,PlantCAD2-S-88M 8192bp Angiosperm 2.6M 65sp,65536,229,1.6665597e-05,8.829139620172524e-05,-4.778179124297976,-4.054081615382443
v13,PlantCAD2-S-88M 8192bp Angiosperm 2.6M 65sp,65536,230,1.616226e-05,8.562480547053285e-05,-4.791497911079811,-4.067400402164279
v13,PlantCAD2-S-88M 8192bp Angiosperm 2.6M 65sp,65536,231,1.5941143e-05,8.445336656834789e-05,-4.797480542362981,-4.073383033447448
v13,PlantCAD2-S-88M 8192bp Angiosperm 2.6M 65sp,65536,232,1.5568932e-05,8.248145827897545e-05,-4.807741178209987,-4.083643669294454
v13,PlantCAD2-S-88M 8192bp Angiosperm 2.6M 65sp,65536,233,1.5480939e-05,8.201528687053576e-05,-4.8102027006201435,-4.08610519170461
v13,PlantCAD2-S-88M 8192bp Angiosperm 2.6M 65sp,65536,234,1.52571465e-05,8.08296736408102e-05,-4.816526683627824,-4.092429174712291
v13,PlantCAD2-S-88M 8192bp Angiosperm 2.6M 65sp,65536,235,1.49024845e-05,7.895073686106589e-05,-4.82674132120578,-4.102643812290247
v13,PlantCAD2-S-88M 8192bp Angiosperm 2.6M 65sp,65536,236,1.4850971e-05,7.867782741544342e-05,-4.828245149972652,-4.104147641057119
v13,PlantCAD2-S-88M 8192bp Angiosperm 2.6M 65sp,65536,237,1.4382469e-05,7.619578637585146e-05,-4.842166553380575,-4.1180690444650425
v13,PlantCAD2-S-88M 8192bp Angiosperm 2.6M 65sp,65536,238,1.4251374e-05,7.550126816656887e-05,-4.846143262543066,-4.122045753627533
v13,PlantCAD2-S-88M 8192bp Angiosperm 2.6M 65sp,65536,239,1.3778284e-05,7.299492071144475e-05,-4.86080486775039,-4.136707358834856
v13,PlantCAD2-S-88M 8192bp Angiosperm 2.6M 65sp,65536,240,1.3683986e-05,7.249534652403159e-05,-4.8637873788107004,-4.139689869895167
v13,PlantCAD2-S-88M 8192bp Angiosperm 2.6M 65sp,65536,241,1.3645297e-05,7.229037901955824e-05,-4.865017007150011,-4.140919498234478
v13,PlantCAD2-S-88M 8192bp Angiosperm 2.6M 65sp,65536,242,1.32023515e-05,6.994373181356429e-05,-4.879348708754693,-4.15525119983916
v13,PlantCAD2-S-88M 8192bp Angiosperm 2.6M 65sp,65536,243,1.2819255e-05,6.791415406336462e-05,-4.892137213412403,-4.16803970449687
v13,PlantCAD2-S-88M 8192bp Angiosperm 2.6M 65sp,65536,244,1.2323928e-05,6.528999890070157e-05,-4.909250847623357,-4.185153338707824
v13,PlantCAD2-S-88M 8192bp Angiosperm 2.6M 65sp,65536,245,1.2253401e-05,6.491635928251573e-05,-4.911743353704816,-4.187645844789283
v13,PlantCAD2-S-88M 8192bp Angiosperm 2.6M 65sp,65536,246,1.2169393e-05,6.447129970186497e-05,-4.914731083505753,-4.19063357459022
v13,PlantCAD2-S-88M 8192bp Angiosperm 2.6M 65sp,65536,247,1.1824849e-05,6.264596630319181e-05,-4.927204396373278,-4.203106887457745
v13,PlantCAD2-S-88M 8192bp Angiosperm 2.6M 65sp,65536,248,1.1519116e-05,6.102624674349394e-05,-4.938580848261147,-4.214483339345614
v13,PlantCAD2-S-88M 8192bp Angiosperm 2.6M 65sp,65536,249,1.1453455e-05,6.067838633585289e-05,-4.941063486154056,-4.216965977238523
v13,PlantCAD2-S-88M 8192bp Angiosperm 2.6M 65sp,65536,250,1.1237402e-05,5.953377561332244e-05,-4.9493340826709336,-4.2252365737554
v13,PlantCAD2-S-88M 8192bp Angiosperm 2.6M 65sp,65536,251,1.1110278e-05,5.886029506229579e-05,-4.95427507406044,-4.230177565144908
v13,PlantCAD2-S-88M 8192bp Angiosperm 2.6M 65sp,65536,252,1.0697881e-05,5.667548842624171e-05,-4.970702237374895,-4.246604728459362
v13,PlantCAD2-S-88M 8192bp Angiosperm 2.6M 65sp,65536,253,1.0520522e-05,5.573587169730354e-05,-4.977962711123792,-4.253865202208258
v13,PlantCAD2-S-88M 8192bp Angiosperm 2.6M 65sp,65536,254,1.0438292e-05,5.530023164734506e-05,-4.981370558389261,-4.257273049473729
v13,PlantCAD2-S-88M 8192bp Angiosperm 2.6M 65sp,65536,255,1.0293483e-05,5.453305908265533e-05,-4.987437648392598,-4.263340139477065
v13,PlantCAD2-S-88M 8192bp Angiosperm 2.6M 65sp,65536,256,1.0101476e-05,5.3515839830893466e-05,-4.995615163660816,-4.271517654745283
v13,PlantCAD2-S-88M 8192bp Angiosperm 2.6M 65sp,65536,257,9.972286e-06,5.283141397592404e-05,-5.00120527464874,-4.2771077657332075
v13,PlantCAD2-S-88M 8192bp Angiosperm 2.6M 65sp,65536,258,9.868597e-06,5.228208792533247e-05,-5.005744585777036,-4.2816470768615025
v13,PlantCAD2-S-88M 8192bp Angiosperm 2.6M 65sp,65536,259,9.562005e-06,5.065781753500206e-05,-5.019451033546333,-4.2953535246308
v13,PlantCAD2-S-88M 8192bp Angiosperm 2.6M 65sp,65536,260,9.334816e-06,4.9454210246785874e-05,-5.029894238076149,-4.305796729160615
v13,PlantCAD2-S-88M 8192bp Angiosperm 2.6M 65sp,65536,261,9.233557e-06,4.891775790799534e-05,-5.034630965508359,-4.310533456592827
v13,PlantCAD2-S-88M 8192bp Angiosperm 2.6M 65sp,65536,262,8.897427e-06,4.713700039866123e-05,-5.050735566530324,-4.326638057614792
v13,PlantCAD2-S-88M 8192bp Angiosperm 2.6M 65sp,65536,263,8.767616e-06,4.6449284595120435e-05,-5.057118479472507,-4.333020970556974
v13,PlantCAD2-S-88M 8192bp Angiosperm 2.6M 65sp,65536,264,8.516242e-06,4.511754943862935e-05,-5.069752006020547,-4.345654497105014
v13,PlantCAD2-S-88M 8192bp Angiosperm 2.6M 65sp,65536,265,8.296955e-06,4.395580555397357e-05,-5.08108126537506,-4.356983756459527
v13,PlantCAD2-S-88M 8192bp Angiosperm 2.6M 65sp,65536,266,8.153426e-06,4.319541420373046e-05,-5.08865986607582,-4.3645623571602865
v13,PlantCAD2-S-88M 8192bp Angiosperm 2.6M 65sp,65536,267,8.007026e-06,4.24198128013965e-05,-5.0965287612719985,-4.372431252356465
v13,PlantCAD2-S-88M 8192bp Angiosperm 2.6M 65sp,65536,268,7.83405e-06,4.1503416434114276e-05,-5.106013660940463,-4.381916152024931
v13,PlantCAD2-S-88M 8192bp Angiosperm 2.6M 65sp,65536,269,7.531736e-06,3.9901810133942233e-05,-5.123104911139786,-4.399007402224253
v13,PlantCAD2-S-88M 8192bp Angiosperm 2.6M 65sp,65536,270,7.4639074e-06,3.954246616346171e-05,-5.127033757246348,-4.402936248330816
v13,PlantCAD2-S-88M 8192bp Angiosperm 2.6M 65sp,65536,271,7.4270656e-06,3.934728479908666e-05,-5.129182740135541,-4.405085231220008
v13,PlantCAD2-S-88M 8192bp Angiosperm 2.6M 65sp,65536,272,7.307869e-06,3.871580221634458e-05,-5.136209246361515,-4.412111737445983
v13,PlantCAD2-S-88M 8192bp Angiosperm 2.6M 65sp,65536,273,7.11212e-06,3.7678758507973886e-05,-5.148000924296256,-4.423903415380723
v13,PlantCAD2-S-88M 8192bp Angiosperm 2.6M 65sp,65536,274,6.809959e-06,3.607796277484117e-05,-5.166855502790204,-4.442757993874672
v13,PlantCAD2-S-88M 8192bp Angiosperm 2.6M 65sp,65536,275,6.6727853e-06,3.535124068410799e-05,-5.175692848553292,-4.45159533963776
v13,PlantCAD2-S-88M 8192bp Angiosperm 2.6M 65sp,65536,276,6.6501034e-06,3.5231075974766465e-05,-5.177171601960006,-4.453074093044473
v13,PlantCAD2-S-88M 8192bp Angiosperm 2.6M 65sp,65536,277,6.4842775e-06,3.435255957733962e-05,-5.188138407435508,-4.4640408985199755
v13,PlantCAD2-S-88M 8192bp Angiosperm 2.6M 65sp,65536,278,6.4569017e-06,3.420752741292695e-05,-5.189975825251669,-4.465878316336136
v13,PlantCAD2-S-88M 8192bp Angiosperm 2.6M 65sp,65536,279,6.2815893e-06,3.32787532101501e-05,-5.201930461852585,-4.477832952937051
v13,PlantCAD2-S-88M 8192bp Angiosperm 2.6M 65sp,65536,280,6.2339236e-06,3.3026228730893064e-05,-5.20523852453299,-4.481141015617457
v13,PlantCAD2-S-88M 8192bp Angiosperm 2.6M 65sp,65536,281,6.074799e-06,3.218321464000625e-05,-5.216468087216894,-4.492370578301361
v13,PlantCAD2-S-88M 8192bp Angiosperm 2.6M 65sp,65536,282,5.957233e-06,3.156037068873034e-05,-5.224955413391944,-4.500857904476412
v13,PlantCAD2-S-88M 8192bp Angiosperm 2.6M 65sp,65536,283,5.910499e-06,3.1312782191895125e-05,-5.228375851809421,-4.504278342893888
v13,PlantCAD2-S-88M 8192bp Angiosperm 2.6M 65sp,65536,284,5.7430475e-06,3.0425653652121048e-05,-5.240857591710723,-4.51676008279519
v13,PlantCAD2-S-88M 8192bp Angiosperm 2.6M 65sp,65536,285,5.5831965e-06,2.9578791222035766e-05,-5.253117086933033,-4.5290195780174995
v13,PlantCAD2-S-88M 8192bp Angiosperm 2.6M 65sp,65536,286,5.4959364e-06,2.911650258864915e-05,-5.259958301656087,-4.5358607927405545
v13,PlantCAD2-S-88M 8192bp Angiosperm 2.6M 65sp,65536,287,5.3816643e-06,2.851110913914337e-05,-5.269083396353877,-4.544985887438345
v13,PlantCAD2-S-88M 8192bp Angiosperm 2.6M 65sp,65536,288,5.290365e-06,2.8027421535918585e-05,-5.27651436350027,-4.552416854584736
v13,PlantCAD2-S-88M 8192bp Angiosperm 2.6M 65sp,65536,289,5.235972e-06,2.773925700670307e-05,-5.281002684557876,-4.556905175642343
v13,PlantCAD2-S-88M 8192bp Angiosperm 2.6M 65sp,65536,290,5.182079e-06,2.7453741389380778e-05,-5.285495970546923,-4.5613984616313905
v13,PlantCAD2-S-88M 8192bp Angiosperm 2.6M 65sp,65536,291,5.114719e-06,2.7096879979126574e-05,-5.291178221209234,-4.567080712293702
v13,PlantCAD2-S-88M 8192bp Angiosperm 2.6M 65sp,65536,292,4.9746113e-06,2.6354614073403996e-05,-5.303240847955459,-4.579143339039926
v13,PlantCAD2-S-88M 8192bp Angiosperm 2.6M 65sp,65536,293,4.8844795e-06,2.5877111679449874e-05,-5.311181708776649,-4.587084199861116
v13,PlantCAD2-S-88M 8192bp Angiosperm 2.6M 65sp,65536,294,4.7986473e-06,2.5422387808647905e-05,-5.318881169486796,-4.594783660571263
v13,PlantCAD2-S-88M 8192bp Angiosperm 2.6M 65sp,65536,295,4.647474e-06,2.4621498304034158e-05,-5.332783031182339,-4.608685522266806
v13,PlantCAD2-S-88M 8192bp Angiosperm 2.6M 65sp,65536,296,4.5606866e-06,2.4161713951951386e-05,-5.340969770461766,-4.6168722615462325
v13,PlantCAD2-S-88M 8192bp Angiosperm 2.6M 65sp,65536,297,4.440913e-06,2.3527174524884538e-05,-5.352527734817773,-4.62843022590224
v13,PlantCAD2-S-88M 8192bp Angiosperm 2.6M 65sp,65536,298,4.346352e-06,2.3026207009815542e-05,-5.361875104185048,-4.637777595269515
v13,PlantCAD2-S-88M 8192bp Angiosperm 2.6M 65sp,65536,299,4.2673923e-06,2.2607892432985837e-05,-5.3698374307535754,-4.645739921838042
v13,PlantCAD2-S-88M 8192bp Angiosperm 2.6M 65sp,65536,300,4.2503666e-06,2.2517693274545147e-05,-5.371573609834224,-4.6474761009186905
v13,PlantCAD2-S-88M 8192bp Angiosperm 2.6M 65sp,65536,301,4.2155702e-06,2.2333348078942874e-05,-5.375143674191023,-4.651046165275489
v13,PlantCAD2-S-88M 8192bp Angiosperm 2.6M 65sp,65536,302,4.1378753e-06,2.1921734189638253e-05,-5.383222601475485,-4.659125092559952
v13,PlantCAD2-S-88M 8192bp Angiosperm 2.6M 65sp,65536,303,4.0452455e-06,2.1430997831865617e-05,-5.393055116558518,-4.668957607642985
v13,PlantCAD2-S-88M 8192bp Angiosperm 2.6M 65sp,65536,304,4.00925e-06,2.1240300015761024e-05,-5.396936862124308,-4.672839353208775
v13,PlantCAD2-S-88M 8192bp Angiosperm 2.6M 65sp,65536,305,3.9463757e-06,2.0907203053665633e-05,-5.403801571727042,-4.67970406281151
v13,PlantCAD2-S-88M 8192bp Angiosperm 2.6M 65sp,65536,306,3.8799085e-06,2.0555071540487956e-05,-5.411178516264984,-4.687081007349451
v13,PlantCAD2-S-88M 8192bp Angiosperm 2.6M 65sp,65536,307,3.7971392e-06,2.0116574374161455e-05,-5.420543481689864,-4.696445972774332
v13,PlantCAD2-S-88M 8192bp Angiosperm 2.6M 65sp,65536,308,3.7303935e-06,1.9762967417059257e-05,-5.4282453542865134,-4.70414784537098
v13,PlantCAD2-S-88M 8192bp Angiosperm 2.6M 65sp,65536,309,3.6725742e-06,1.9456650954204285e-05,-5.435029421044847,-4.710931912129314
v13,PlantCAD2-S-88M 8192bp Angiosperm 2.6M 65sp,65536,310,3.5369765e-06,1.8738278233758528e-05,-5.451367825668491,-4.727270316752958
v13,PlantCAD2-S-88M 8192bp Angiosperm 2.6M 65sp,65536,311,3.5242895e-06,1.8671064743380038e-05,-5.452928424014687,-4.728830915099154
v13,PlantCAD2-S-88M 8192bp Angiosperm 2.6M 65sp,65536,312,3.4075947e-06,1.8052836256186866e-05,-5.467552065906805,-4.743454556991272
v13,PlantCAD2-S-88M 8192bp Angiosperm 2.6M 65sp,65536,313,3.33885e-06,1.7688638949335587e-05,-5.476403091468416,-4.752305582552883
v13,PlantCAD2-S-88M 8192bp Angiosperm 2.6M 65sp,65536,314,3.286456e-06,1.7411064769869155e-05,-5.483272177801724,-4.759174668886192
v13,PlantCAD2-S-88M 8192bp Angiosperm 2.6M 65sp,65536,315,3.2472367e-06,1.720328782944186e-05,-5.4884860533028,-4.764388544387268
v13,PlantCAD2-S-88M 8192bp Angiosperm 2.6M 65sp,65536,316,3.2334226e-06,1.713010316187368e-05,-5.490337530509417,-4.766240021593884
v13,PlantCAD2-S-88M 8192bp Angiosperm 2.6M 65sp,65536,317,3.135779e-06,1.6612804575200622e-05,-5.5036545526402065,-4.779557043724673
v13,PlantCAD2-S-88M 8192bp Angiosperm 2.6M 65sp,65536,318,3.071636e-06,1.627298626406738e-05,-5.512630251061671,-4.7885327421461374
v13,PlantCAD2-S-88M 8192bp Angiosperm 2.6M 65sp,65536,319,3.0041037e-06,1.5915212038774772e-05,-5.522285079803538,-4.798187570888006
v13,PlantCAD2-S-88M 8192bp Angiosperm 2.6M 65sp,65536,320,2.9717182e-06,1.574363936653921e-05,-5.526992375930136,-4.8028948670146026
v13,PlantCAD2-S-88M 8192bp Angiosperm 2.6M 65sp,65536,321,2.88243e-06,1.5270606216731322e-05,-5.540241230774936,-4.816143721859403
v13,PlantCAD2-S-88M 8192bp Angiosperm 2.6M 65sp,65536,322,2.8041413e-06,1.4855846479662315e-05,-5.552200106160385,-4.828102597244852
v13,PlantCAD2-S-88M 8192bp Angiosperm 2.6M 65sp,65536,323,2.7759606e-06,1.4706550096883953e-05,-5.556586702238803,-4.83248919332327
v13,PlantCAD2-S-88M 8192bp Angiosperm 2.6M 65sp,65536,324,2.7261847e-06,1.4442846149872786e-05,-5.564444723896255,-4.840347214980722
v13,PlantCAD2-S-88M 8192bp Angiosperm 2.6M 65sp,65536,325,2.7000801e-06,1.4304548579057438e-05,-5.568623351962493,-4.84452584304696
v13,PlantCAD2-S-88M 8192bp Angiosperm 2.6M 65sp,65536,326,2.5785448e-06,1.366067597582603e-05,-5.58862531869831,-4.864527809782777
v13,PlantCAD2-S-88M 8192bp Angiosperm 2.6M 65sp,65536,327,2.4800258e-06,1.3138739674210327e-05,-5.605543801133723,-4.88144629221819
v13,PlantCAD2-S-88M 8192bp Angiosperm 2.6M 65sp,65536,328,2.4680144e-06,1.3075105393581951e-05,-5.607652310675143,-4.88355480175961
v13,PlantCAD2-S-88M 8192bp Angiosperm 2.6M 65sp,65536,329,2.3996663e-06,1.2713009203644372e-05,-5.619849147515389,-4.895751638599855
v13,PlantCAD2-S-88M 8192bp Angiosperm 2.6M 65sp,65536,330,2.3575567e-06,1.2489919963127147e-05,-5.627537853542487,-4.903440344626953
v13,PlantCAD2-S-88M 8192bp Angiosperm 2.6M 65sp,65536,331,2.2857525e-06,1.2109513964401272e-05,-5.640970796558158,-4.916873287642625
v13,PlantCAD2-S-88M 8192bp Angiosperm 2.6M 65sp,65536,332,2.2032502e-06,1.1672431317025748e-05,-5.656936181782767,-4.932838672867234
v13,PlantCAD2-S-88M 8192bp Angiosperm 2.6M 65sp,65536,333,2.1633525e-06,1.1461060332941736e-05,-5.664872710180913,-4.94077520126538
v13,PlantCAD2-S-88M 8192bp Angiosperm 2.6M 65sp,65536,334,2.1609744e-06,1.1448461578195217e-05,-5.665350377959235,-4.941252869043701
v13,PlantCAD2-S-88M 8192bp Angiosperm 2.6M 65sp,65536,335,2.1090436e-06,1.1173341350706662e-05,-5.675914442051084,-4.951816933135551
v13,PlantCAD2-S-88M 8192bp Angiosperm 2.6M 65sp,65536,336,2.0642676e-06,1.0936125992845289e-05,-5.685234003910058,-4.961136494994525
v13,PlantCAD2-S-88M 8192bp Angiosperm 2.6M 65sp,65536,337,2.0439388e-06,1.0828427592655628e-05,-5.689532112069713,-4.965434603154181
v13,PlantCAD2-S-88M 8192bp Angiosperm 2.6M 65sp,65536,338,2.0295254e-06,1.0752067939292238e-05,-5.69260550901247,-4.968508000096937
v13,PlantCAD2-S-88M 8192bp Angiosperm 2.6M 65sp,65536,339,1.9243457e-06,1.0194844422782233e-05,-5.715716906250391,-4.991619397334858
v13,PlantCAD2-S-88M 8192bp Angiosperm 2.6M 65sp,65536,340,1.9139582e-06,1.0139813278200646e-05,-5.718067551254878,-4.9939700423393445
v13,PlantCAD2-S-88M 8192bp Angiosperm 2.6M 65sp,65536,341,1.8803141e-06,9.961572764947479e-06,-5.725769597277511,-5.001672088361977
v13,PlantCAD2-S-88M 8192bp Angiosperm 2.6M 65sp,65536,342,1.8534259e-06,9.81912381941308e-06,-5.732024772388344,-5.007927263472811
v13,PlantCAD2-S-88M 8192bp Angiosperm 2.6M 65sp,65536,343,1.8046778e-06,9.560864975689612e-06,-5.743600324047836,-5.019502815132303
v13,PlantCAD2-S-88M 8192bp Angiosperm 2.6M 65sp,65536,344,1.7594165e-06,9.32107858394468e-06,-5.754631339485079,-5.030533830569546
v13,PlantCAD2-S-88M 8192bp Angiosperm 2.6M 65sp,65536,345,1.7177581e-06,9.100379721519892e-06,-5.765037994888926,-5.040940485973393
v13,PlantCAD2-S-88M 8192bp Angiosperm 2.6M 65sp,65536,346,1.6508575e-06,8.745952131513177e-06,-5.782290412887781,-5.058192903972247
v13,PlantCAD2-S-88M 8192bp Angiosperm 2.6M 65sp,65536,347,1.6242057e-06,8.604755591521892e-06,-5.789358969726774,-5.065261460811241
v13,PlantCAD2-S-88M 8192bp Angiosperm 2.6M 65sp,65536,348,1.6044754e-06,8.500227938868411e-06,-5.794666937170008,-5.070569428254474
v13,PlantCAD2-S-88M 8192bp Angiosperm 2.6M 65sp,65536,349,1.5803843e-06,8.372597536247049e-06,-5.8012372933776035,-5.07713978446207
v13,PlantCAD2-S-88M 8192bp Angiosperm 2.6M 65sp,65536,350,1.550601e-06,8.214810861068544e-06,-5.809499940285032,-5.085402431369499
v13,PlantCAD2-S-88M 8192bp Angiosperm 2.6M 65sp,65536,351,1.4962046e-06,7.926628319252159e-06,-5.825009014375753,-5.100911505460219
v13,PlantCAD2-S-88M 8192bp Angiosperm 2.6M 65sp,65536,352,1.475545e-06,7.817177398953945e-06,-5.8310475411937235,-5.10695003227819
v13,PlantCAD2-S-88M 8192bp Angiosperm 2.6M 65sp,65536,353,1.4667085e-06,7.77036317906512e-06,-5.8336561911470675,-5.109558682231534
v13,PlantCAD2-S-88M 8192bp Angiosperm 2.6M 65sp,65536,354,1.4459288e-06,7.660275990130155e-06,-5.839853091915914,-5.1157555830003805
v13,PlantCAD2-S-88M 8192bp Angiosperm 2.6M 65sp,65536,355,1.4068077e-06,7.453019295998686e-06,-5.851765263287737,-5.1276677543722045
v13,PlantCAD2-S-88M 8192bp Angiosperm 2.6M 65sp,65536,356,1.3912714e-06,7.3707107163055095e-06,-5.856588142455665,-5.132490633540132
v13,PlantCAD2-S-88M 8192bp Angiosperm 2.6M 65sp,65536,357,1.3625939e-06,7.218782374670045e-06,-5.865633559622564,-5.141536050707031
v13,PlantCAD2-S-88M 8192bp Angiosperm 2.6M 65sp,65536,358,1.3323615e-06,7.058616446829054e-06,-5.875377925199659,-5.151280416284126
v13,PlantCAD2-S-88M 8192bp Angiosperm 2.6M 65sp,65536,359,1.3114641e-06,6.9479057040344255e-06,-5.882243593282011,-5.158146084366478
v13,PlantCAD2-S-88M 8192bp Angiosperm 2.6M 65sp,65536,360,1.2972455e-06,6.8725780667446325e-06,-5.886977827149558,-5.162880318234024
v13,PlantCAD2-S-88M 8192bp Angiosperm 2.6M 65sp,65536,361,1.2637964e-06,6.695370629129819e-06,-5.898322886084202,-5.174225377168669
v13,PlantCAD2-S-88M 8192bp Angiosperm 2.6M 65sp,65536,362,1.2426791e-06,6.583494894884554e-06,-5.905641005784732,-5.181543496869199
v13,PlantCAD2-S-88M 8192bp Angiosperm 2.6M 65sp,65536,363,1.2268807e-06,6.499797755576953e-06,-5.911197665350124,-5.1871001564345915
v13,PlantCAD2-S-88M 8192bp Angiosperm 2.6M 65sp,65536,364,1.2165547e-06,6.4450924271582335e-06,-5.914868359093144,-5.190770850177611
v13,PlantCAD2-S-88M 8192bp Angiosperm 2.6M 65sp,65536,365,1.1724388e-06,6.211374162778284e-06,-5.930909817709658,-5.206812308794125
v13,PlantCAD2-S-88M 8192bp Angiosperm 2.6M 65sp,65536,366,1.1497649e-06,6.091251836027056e-06,-5.939390953620983,-5.215293444705449
v13,PlantCAD2-S-88M 8192bp Angiosperm 2.6M 65sp,65536,367,1.1203568e-06,5.935452904333223e-06,-5.9506436455494045,-5.226546136633871
v13,PlantCAD2-S-88M 8192bp Angiosperm 2.6M 65sp,65536,368,1.0988233e-06,5.821372215828043e-06,-5.959072140155969,-5.234974631240436
v13,PlantCAD2-S-88M 8192bp Angiosperm 2.6M 65sp,65536,369,1.0783073e-06,5.71268206302556e-06,-5.967257454663468,-5.2431599457479345
v13,PlantCAD2-S-88M 8192bp Angiosperm 2.6M 65sp,65536,370,1.0579039e-06,5.604588445181431e-06,-5.97555378182379,-5.251456272908258
v13,PlantCAD2-S-88M 8192bp Angiosperm 2.6M 65sp,65536,371,1.0318165e-06,5.4663819969352084e-06,-5.986397531510534,-5.262300022595001
v13,PlantCAD2-S-88M 8192bp Angiosperm 2.6M 65sp,65536,372,1.0134572e-06,5.369117660692929e-06,-5.994194587569213,-5.27009707865368
v13,PlantCAD2-S-88M 8192bp Angiosperm 2.6M 65sp,65536,373,9.788171e-07,5.185600514948472e-06,-6.009298452100418,-5.285200943184885
v13,PlantCAD2-S-88M 8192bp Angiosperm 2.6M 65sp,65536,374,9.665741e-07,5.120739258331159e-06,-6.014764846252572,-5.290667337337038
v13,PlantCAD2-S-88M 8192bp Angiosperm 2.6M 65sp,65536,375,9.605023e-07,5.088571931864688e-06,-6.01750159084798,-5.293404081932447
v13,PlantCAD2-S-88M 8192bp Angiosperm 2.6M 65sp,65536,376,9.367774e-07,4.962881592313918e-06,-6.028363595277373,-5.30426608636184
v13,PlantCAD2-S-88M 8192bp Angiosperm 2.6M 65sp,65536,377,9.305003e-07,4.929626622624091e-06,-6.031283482513522,-5.307185973597989
v13,PlantCAD2-S-88M 8192bp Angiosperm 2.6M 65sp,65536,378,9.253751e-07,4.902474216153859e-06,-6.033682190678016,-5.309584681762483
v13,PlantCAD2-S-88M 8192bp Angiosperm 2.6M 65sp,65536,379,9.0043505e-07,4.770346226029003e-06,-6.045547608156943,-5.321450099241409
v13,PlantCAD2-S-88M 8192bp Angiosperm 2.6M 65sp,65536,380,8.8656316e-07,4.696855397224205e-06,-6.052290319214359,-5.328192810298826
v13,PlantCAD2-S-88M 8192bp Angiosperm 2.6M 65sp,65536,381,8.712152e-07,4.6155446096629655e-06,-6.059874556096016,-5.335777047180483
v13,PlantCAD2-S-88M 8192bp Angiosperm 2.6M 65sp,65536,382,8.5234046e-07,4.515549563128206e-06,-6.069386895415578,-5.345289386500045
v13,PlantCAD2-S-88M 8192bp Angiosperm 2.6M 65sp,65536,383,8.503977e-07,4.505257162988873e-06,-6.070377923083371,-5.346280414167838
v13,PlantCAD2-S-88M 8192bp Angiosperm 2.6M 65sp,65536,384,8.365305e-07,4.431791180977634e-06,-6.077518219985245,-5.353420711069711
v13,PlantCAD2-S-88M 8192bp Angiosperm 2.6M 65sp,65536,385,8.080468e-07,4.28088955759198e-06,-6.092563485273487,-5.368465976357955
v13,PlantCAD2-S-88M 8192bp Angiosperm 2.6M 65sp,65536,386,8.0338924e-07,4.256214625437236e-06,-6.095073989183783,-5.37097648026825
v13,PlantCAD2-S-88M 8192bp Angiosperm 2.6M 65sp,65536,387,7.9541053e-07,4.213944825814176e-06,-6.09940866392758,-5.375311155012047
v13,PlantCAD2-S-88M 8192bp Angiosperm 2.6M 65sp,65536,388,7.5897356e-07,4.020908179442589e-06,-6.1197733531507765,-5.395675844235243
v13,PlantCAD2-S-88M 8192bp Angiosperm 2.6M 65sp,65536,389,7.4519727e-07,3.947923822591775e-06,-6.1277287447931155,-5.403631235877582
v13,PlantCAD2-S-88M 8192bp Angiosperm 2.6M 65sp,65536,390,7.259165e-07,3.8457777006650095e-06,-6.139113332020023,-5.41501582310449
v13,PlantCAD2-S-88M 8192bp Angiosperm 2.6M 65sp,65536,391,7.154364e-07,3.7902559776008007e-06,-6.145428967573984,-5.421331458658452
v13,PlantCAD2-S-88M 8192bp Angiosperm 2.6M 65sp,65536,392,7.0913694e-07,3.7568825485711105e-06,-6.149269890989436,-5.425172382073903
v13,PlantCAD2-S-88M 8192bp Angiosperm 2.6M 65sp,65536,393,7.0028017e-07,3.709960941794134e-06,-6.154728171497946,-5.430630662582413
v13,PlantCAD2-S-88M 8192bp Angiosperm 2.6M 65sp,65536,394,6.807208e-07,3.606338846160468e-06,-6.167030978957306,-5.442933470041773
v13,PlantCAD2-S-88M 8192bp Angiosperm 2.6M 65sp,65536,395,6.7787204e-07,3.5912466176706265e-06,-6.168852278945163,-5.444754770029631
v13,PlantCAD2-S-88M 8192bp Angiosperm 2.6M 65sp,65536,396,6.5854806e-07,3.488871576778049e-06,-6.1814125252866035,-5.45731501637107
v13,PlantCAD2-S-88M 8192bp Angiosperm 2.6M 65sp,65536,397,6.4896153e-07,3.438083830114684e-06,-6.1877810471193655,-5.463683538203833
v13,PlantCAD2-S-88M 8192bp Angiosperm 2.6M 65sp,65536,398,6.370593e-07,3.3750279129090746e-06,-6.195820139934487,-5.471722631018954
v13,PlantCAD2-S-88M 8192bp Angiosperm 2.6M 65sp,65536,399,6.274494e-07,3.3241163561038214e-06,-6.202421291658634,-5.478323782743101
v13,PlantCAD2-S-88M 8192bp Angiosperm 2.6M 65sp,65536,400,6.153287e-07,3.2599030233355893e-06,-6.21089282819013,-5.486795319274597
v13,PlantCAD2-S-88M 8192bp Angiosperm 2.6M 65sp,65536,401,6.124944e-07,3.2448874013776988e-06,-6.212897877673988,-5.488800368758454
v13,PlantCAD2-S-88M 8192bp Angiosperm 2.6M 65sp,65536,402,6.033067e-07,3.196212585775078e-06,-6.219461851615684,-5.49536434270015
v13,PlantCAD2-S-88M 8192bp Angiosperm 2.6M 65sp,65536,403,5.929482e-07,3.1413350780833005e-06,-6.226983244977694,-5.502885736062161
v13,PlantCAD2-S-88M 8192bp Angiosperm 2.6M 65sp,65536,404,5.893873e-07,3.122470057362187e-06,-6.229599226476157,-5.505501717560625
v13,PlantCAD2-S-88M 8192bp Angiosperm 2.6M 65sp,65536,405,5.7391844e-07,3.040518762905168e-06,-6.241149821146768,-5.517052312231235
v13,PlantCAD2-S-88M 8192bp Angiosperm 2.6M 65sp,65536,406,5.662303e-07,2.999788351939732e-06,-6.247006894471602,-5.522909385556069
v13,PlantCAD2-S-88M 8192bp Angiosperm 2.6M 65sp,65536,407,5.5836324e-07,2.9581100543424274e-06,-6.253083181342385,-5.5289856724268525
v13,PlantCAD2-S-88M 8192bp Angiosperm 2.6M 65sp,65536,408,5.3916483e-07,2.8564002611827125e-06,-6.268278444801905,-5.544180935886372
v13,PlantCAD2-S-88M 8192bp Angiosperm 2.6M 65sp,65536,409,5.3612706e-07,2.840306691018997e-06,-6.270732272028386,-5.546634763112854
v13,PlantCAD2-S-88M 8192bp Angiosperm 2.6M 65sp,65536,410,5.310422e-07,2.813367998760309e-06,-6.274870965737895,-5.550773456822362
v13,PlantCAD2-S-88M 8192bp Angiosperm 2.6M 65sp,65536,411,5.2251994e-07,2.768218567018133e-06,-6.281897131692062,-5.557799622776529
v13,PlantCAD2-S-88M 8192bp Angiosperm 2.6M 65sp,65536,412,5.178817e-07,2.7436459888189426e-06,-6.285769435051687,-5.561671926136154
v13,PlantCAD2-S-88M 8192bp Angiosperm 2.6M 65sp,65536,413,5.0855414e-07,2.6942302195815512e-06,-6.293662805864855,-5.569565296949322
v13,PlantCAD2-S-88M 8192bp Angiosperm 2.6M 65sp,65536,414,5.0202743e-07,2.659652860096394e-06,-6.2992725530299065,-5.575175044114374
v13,PlantCAD2-S-88M 8192bp Angiosperm 2.6M 65sp,65536,415,4.9917753e-07,2.6445545920874355e-06,-6.301744972237175,-5.577647463321642
v13,PlantCAD2-S-88M 8192bp Angiosperm 2.6M 65sp,65536,416,4.9366844e-07,2.615368404043829e-06,-6.3065646361427525,-5.582467127227219
v13,PlantCAD2-S-88M 8192bp Angiosperm 2.6M 65sp,65536,417,4.863293e-07,2.5764869335798586e-06,-6.3130695645979875,-5.588972055682454
v13,PlantCAD2-S-88M 8192bp Angiosperm 2.6M 65sp,65536,418,4.8010173e-07,2.543494365102175e-06,-6.318666729089989,-5.5945692201744555
v13,PlantCAD2-S-88M 8192bp Angiosperm 2.6M 65sp,65536,419,4.7377517e-07,2.5099773650478722e-06,-6.324427703880364,-5.600330194964831
v13,PlantCAD2-S-88M 8192bp Angiosperm 2.6M 65sp,65536,420,4.6518082e-07,2.4644460131889324e-06,-6.332378200091234,-5.6082806911757
v13,PlantCAD2-S-88M 8192bp Angiosperm 2.6M 65sp,65536,421,4.5918765e-07,2.432695254606789e-06,-6.338009800943223,-5.61391229202769
v13,PlantCAD2-S-88M 8192bp Angiosperm 2.6M 65sp,65536,422,4.5067924e-07,2.387619197724055e-06,-6.346132446723998,-5.622034937808466
v13,PlantCAD2-S-88M 8192bp Angiosperm 2.6M 65sp,65536,423,4.4440193e-07,2.354363115491234e-06,-6.352224063622867,-5.628126554707333
v13,PlantCAD2-S-88M 8192bp Angiosperm 2.6M 65sp,65536,424,4.383083e-07,2.3220801375315056e-06,-6.358220305275609,-5.634122796360076
v13,PlantCAD2-S-88M 8192bp Angiosperm 2.6M 65sp,65536,425,4.2542428e-07,2.2538228699106127e-06,-6.371177727481927,-5.647080218566393
v13,PlantCAD2-S-88M 8192bp Angiosperm 2.6M 65sp,65536,426,4.2072264e-07,2.2289144096833625e-06,-6.376004117023856,-5.651906608108323
v13,PlantCAD2-S-88M 8192bp Angiosperm 2.6M 65sp,65536,427,4.1803173e-07,2.214658442678209e-06,-6.378790752576837,-5.654693243661304
v13,PlantCAD2-S-88M 8192bp Angiosperm 2.6M 65sp,65536,428,4.1291855e-07,2.1875697160498897e-06,-6.384135606392243,-5.6600380974767095
v13,PlantCAD2-S-88M 8192bp Angiosperm 2.6M 65sp,65536,429,4.0600239e-07,2.1509291190911055e-06,-6.391471409869218,-5.667373900953685
v13,PlantCAD2-S-88M 8192bp Angiosperm 2.6M 65sp,65536,430,3.9856258e-07,2.111514316706555e-06,-6.3995034784965075,-5.675405969580974
v13,PlantCAD2-S-88M 8192bp Angiosperm 2.6M 65sp,65536,431,3.9511065e-07,2.0932265998434493e-06,-6.40328126398118,-5.679183755065647
v13,PlantCAD2-S-88M 8192bp Angiosperm 2.6M 65sp,65536,432,3.8861256e-07,2.0588008640750597e-06,-6.410483167064742,-5.6863856581492085
v13,PlantCAD2-S-88M 8192bp Angiosperm 2.6M 65sp,65536,433,3.8456366e-07,2.0373505053461664e-06,-6.415031757557588,-5.690934248642055
v13,PlantCAD2-S-88M 8192bp Angiosperm 2.6M 65sp,65536,434,3.746737e-07,1.984955240011284e-06,-6.426346790882031,-5.702249281966498
v13,PlantCAD2-S-88M 8192bp Angiosperm 2.6M 65sp,65536,435,3.7181485e-07,1.9698095564794373e-06,-6.429673268829141,-5.705575759913609
v13,PlantCAD2-S-88M 8192bp Angiosperm 2.6M 65sp,65536,436,3.672927e-07,1.945852002643614e-06,-6.43498770323985,-5.710890194324317
v13,PlantCAD2-S-88M 8192bp Angiosperm 2.6M 65sp,65536,437,3.6489772e-07,1.93316382063158e-06,-6.437828850240483,-5.71373134132495
v13,PlantCAD2-S-88M 8192bp Angiosperm 2.6M 65sp,65536,438,3.5875365e-07,1.9006136204400638e-06,-6.44520367167455,-5.721106162759018
v13,PlantCAD2-S-88M 8192bp Angiosperm 2.6M 65sp,65536,439,3.5435755e-07,1.8773238572925208e-06,-6.450558309654525,-5.726460800738992
v13,PlantCAD2-S-88M 8192bp Angiosperm 2.6M 65sp,65536,440,3.4907413e-07,1.8493332291427987e-06,-6.457082335701887,-5.732984826786354
v13,PlantCAD2-S-88M 8192bp Angiosperm 2.6M 65sp,65536,441,3.4319916e-07,1.818208673332212e-06,-6.4644537837831555,-5.740356274867622
v13,PlantCAD2-S-88M 8192bp Angiosperm 2.6M 65sp,65536,442,3.403739e-07,1.803240943701351e-06,-6.468043749176627,-5.743946240261094
v13,PlantCAD2-S-88M 8192bp Angiosperm 2.6M 65sp,65536,443,3.381372e-07,1.7913913012382337e-06,-6.470907047909148,-5.746809538993616
v13,PlantCAD2-S-88M 8192bp Angiosperm 2.6M 65sp,65536,444,3.356957e-07,1.778456664463655e-06,-6.474054221689826,-5.749956712774294
v13,PlantCAD2-S-88M 8192bp Angiosperm 2.6M 65sp,65536,445,3.2888317e-07,1.7423650809838586e-06,-6.482958350181511,-5.758860841265978
v13,PlantCAD2-S-88M 8192bp Angiosperm 2.6M 65sp,65536,446,3.2789623e-07,1.7371364467760756e-06,-6.48426357662008,-5.760166067704547
v13,PlantCAD2-S-88M 8192bp Angiosperm 2.6M 65sp,65536,447,3.2193105e-07,1.7055339742817145e-06,-6.492237133928425,-5.768139625012893
v13,PlantCAD2-S-88M 8192bp Angiosperm 2.6M 65sp,65536,448,3.167659e-07,1.6781699197512142e-06,-6.499261576574104,-5.7751640676585705
v13,PlantCAD2-S-88M 8192bp Angiosperm 2.6M 65sp,65536,449,3.141378e-07,1.6642467090580866e-06,-6.502879802080664,-5.778782293165131
v13,PlantCAD2-S-88M 8192bp Angiosperm 2.6M 65sp,65536,450,3.047318e-07,1.6144153785228875e-06,-6.5160822230208275,-5.791984714105294
v13,PlantCAD2-S-88M 8192bp Angiosperm 2.6M 65sp,65536,451,3.0280987e-07,1.604233332053026e-06,-6.518829973238421,-5.7947324643228875
v13,PlantCAD2-S-88M 8192bp Angiosperm 2.6M 65sp,65536,452,2.9565922e-07,1.5663504483945608e-06,-6.529208573175317,-5.805111064259784
v13,PlantCAD2-S-88M 8192bp Angiosperm 2.6M 65sp,65536,453,2.9025327e-07,1.537710677896287e-06,-6.537222878790229,-5.813125369874696
v13,PlantCAD2-S-88M 8192bp Angiosperm 2.6M 65sp,65536,454,2.8833534e-07,1.5275498227215714e-06,-6.540102124776602,-5.816004615861068
v13,PlantCAD2-S-88M 8192bp Angiosperm 2.6M 65sp,65536,455,2.876388e-07,1.5238596765413686e-06,-6.541152531747623,-5.817055022832091
v13,PlantCAD2-S-88M 8192bp Angiosperm 2.6M 65sp,65536,456,2.7964387e-07,1.4815039462164928e-06,-6.553394696286932,-5.829297187371399
v13,PlantCAD2-S-88M 8192bp Angiosperm 2.6M 65sp,65536,457,2.7419208e-07,1.4526213234758494e-06,-6.561945093900892,-5.837847584985359
v13,PlantCAD2-S-88M 8192bp Angiosperm 2.6M 65sp,65536,458,2.7043396e-07,1.4327114659475754e-06,-6.567938772366018,-5.843841263450485
v13,PlantCAD2-S-88M 8192bp Angiosperm 2.6M 65sp,65536,459,2.6796693e-07,1.419641575731729e-06,-6.57191879927233,-5.847821290356798
v13,PlantCAD2-S-88M 8192bp Angiosperm 2.6M 65sp,65536,460,2.6219175e-07,1.38904568975679e-06,-6.581380977733061,-5.857283468817528
v13,PlantCAD2-S-88M 8192bp Angiosperm 2.6M 65sp,65536,461,2.5926005e-07,1.373514059762101e-06,-6.586264399548581,-5.8621668906330475
v13,PlantCAD2-S-88M 8192bp Angiosperm 2.6M 65sp,65536,462,2.5643976e-07,1.358572660315459e-06,-6.591014638240982,-5.86691712932545
v13,PlantCAD2-S-88M 8192bp Angiosperm 2.6M 65sp,65536,463,2.524591e-07,1.337483825081752e-06,-6.597808970349532,-5.873711461433999
v13,PlantCAD2-S-88M 8192bp Angiosperm 2.6M 65sp,65536,464,2.4972346e-07,1.3229908864186313e-06,-6.602540656407345,-5.878443147491812
v13,PlantCAD2-S-88M 8192bp Angiosperm 2.6M 65sp,65536,465,2.461264e-07,1.3039342963894008e-06,-6.608841800521493,-5.884744291605959
v13,PlantCAD2-S-88M 8192bp Angiosperm 2.6M 65sp,65536,466,2.4221535e-07,1.2832142426694674e-06,-6.615798337621307,-5.8917008287057735
v13,PlantCAD2-S-88M 8192bp Angiosperm 2.6M 65sp,65536,467,2.4073145e-07,1.2753528019527777e-06,-6.618467168265827,-5.894369659350294
v13,PlantCAD2-S-88M 8192bp Angiosperm 2.6M 65sp,65536,468,2.389878e-07,1.266115251507562e-06,-6.6216242686247275,-5.897526759709194
v13,PlantCAD2-S-88M 8192bp Angiosperm 2.6M 65sp,65536,469,2.3690723e-07,1.2550927582722208e-06,-6.625421685156548,-5.9013241762410145
v13,PlantCAD2-S-88M 8192bp Angiosperm 2.6M 65sp,65536,470,2.3231057e-07,1.2307404635860704e-06,-6.633931029596064,-5.909833520680531
v13,PlantCAD2-S-88M 8192bp Angiosperm 2.6M 65sp,65536,471,2.290224e-07,1.2133203183462312e-06,-6.640122038530697,-5.9160245296151635
v13,PlantCAD2-S-88M 8192bp Angiosperm 2.6M 65sp,65536,472,2.2607612e-07,1.1977114460807362e-06,-6.645745308950265,-5.921647800034732
v13,PlantCAD2-S-88M 8192bp Angiosperm 2.6M 65sp,65536,473,2.2327187e-07,1.1828550237276283e-06,-6.651165990199203,-5.927068481283671
v13,PlantCAD2-S-88M 8192bp Angiosperm 2.6M 65sp,65536,474,2.2063053e-07,1.1688616698475684e-06,-6.65633439174567,-5.9322368828301375
v13,PlantCAD2-S-88M 8192bp Angiosperm 2.6M 65sp,65536,475,2.1846513e-07,1.157389762220424e-06,-6.660617872456038,-5.936520363540505
v13,PlantCAD2-S-88M 8192bp Angiosperm 2.6M 65sp,65536,476,2.154282e-07,1.1413006422286885e-06,-6.6666974472647365,-5.942599938349203
v13,PlantCAD2-S-88M 8192bp Angiosperm 2.6M 65sp,65536,477,2.1076306e-07,1.1165855525696431e-06,-6.676205504673802,-5.9521079957582685
v13,PlantCAD2-S-88M 8192bp Angiosperm 2.6M 65sp,65536,478,2.0746609e-07,1.0991187864804834e-06,-6.6830528778885725,-5.95895536897304
v13,PlantCAD2-S-88M 8192bp Angiosperm 2.6M 65sp,65536,479,2.0393082e-07,1.0803895489830165e-06,-6.690517134474684,-5.96641962555915
v13,PlantCAD2-S-88M 8192bp Angiosperm 2.6M 65sp,65536,480,2.0190173e-07,1.069639787716201e-06,-6.694859959777338,-5.9707624508618045
v13,PlantCAD2-S-88M 8192bp Angiosperm 2.6M 65sp,65536,481,2.0020546e-07,1.0606532481619863e-06,-6.69852408262325,-5.974426573707718
v13,PlantCAD2-S-88M 8192bp Angiosperm 2.6M 65sp,65536,482,1.9667186e-07,1.0419328580302426e-06,-6.706257774910244,-5.982160265994712
v13,PlantCAD2-S-88M 8192bp Angiosperm 2.6M 65sp,65536,483,1.9456459e-07,1.0307689128998036e-06,-6.710936196785657,-5.986838687870124
v13,PlantCAD2-S-88M 8192bp Angiosperm 2.6M 65sp,65536,484,1.9084044e-07,1.0110390224455548e-06,-6.7193295908065105,-5.995232081890977
v13,PlantCAD2-S-88M 8192bp Angiosperm 2.6M 65sp,65536,485,1.8838759e-07,9.98044255371e-07,-6.724947709674966,-6.000850200759434
v13,PlantCAD2-S-88M 8192bp Angiosperm 2.6M 65sp,65536,486,1.8759445e-07,9.938423394130275e-07,-6.7267800144112675,-6.002682505495735
v13,PlantCAD2-S-88M 8192bp Angiosperm 2.6M 65sp,65536,487,1.8628931e-07,9.86927937676401e-07,-6.729812065883222,-6.00571455696769
v13,PlantCAD2-S-88M 8192bp Angiosperm 2.6M 65sp,65536,488,1.8354595e-07,9.723940998136491e-07,-6.736255193900702,-6.012157684985168
v13,PlantCAD2-S-88M 8192bp Angiosperm 2.6M 65sp,65536,489,1.8068957e-07,9.572615019065543e-07,-6.743066915630425,-6.018969406714891
v13,PlantCAD2-S-88M 8192bp Angiosperm 2.6M 65sp,65536,490,1.7888276e-07,9.476893409109873e-07,-6.7474315129689675,-6.023334004053434
v13,PlantCAD2-S-88M 8192bp Angiosperm 2.6M 65sp,65536,491,1.7861967e-07,9.462955364510143e-07,-6.748070717328334,-6.023973208412801
v13,PlantCAD2-S-88M 8192bp Angiosperm 2.6M 65sp,65536,492,1.7681852e-07,9.367533611380785e-07,-6.75247224886723,-6.028374739951697
v13,PlantCAD2-S-88M 8192bp Angiosperm 2.6M 65sp,65536,493,1.7231682e-07,9.12904147798688e-07,-6.76367232860735,-6.039574819691817
v13,PlantCAD2-S-88M 8192bp Angiosperm 2.6M 65sp,65536,494,1.7055685e-07,9.035801368692775e-07,-6.7681308335274135,-6.04403332461188
v13,PlantCAD2-S-88M 8192bp Angiosperm 2.6M 65sp,65536,495,1.6945543e-07,8.977450077944233e-07,-6.770944510147623,-6.04684700123209
v13,PlantCAD2-S-88M 8192bp Angiosperm 2.6M 65sp,65536,496,1.6694368e-07,8.844381988988472e-07,-6.777430017418708,-6.053332508503176
v13,PlantCAD2-S-88M 8192bp Angiosperm 2.6M 65sp,65536,497,1.6441521e-07,8.710428103895622e-07,-6.784058008489895,-6.059960499574363
v13,PlantCAD2-S-88M 8192bp Angiosperm 2.6M 65sp,65536,498,1.617067e-07,8.566936016857676e-07,-6.791271985580627,-6.067174476665094
v13,PlantCAD2-S-88M 8192bp Angiosperm 2.6M 65sp,65536,499,1.5909148e-07,8.428386269630093e-07,-6.798353077977958,-6.074255569062425
v13,PlantCAD2-S-88M 8192bp Angiosperm 2.6M 65sp,65536,500,1.5616487e-07,8.273339628913933e-07,-6.806416655996875,-6.082319147081342
v13,PlantCAD2-S-88M 8192bp Angiosperm 2.6M 65sp,65536,501,1.5539055e-07,8.232317519770816e-07,-6.808575396137713,-6.08447788722218
v13,PlantCAD2-S-88M 8192bp Angiosperm 2.6M 65sp,65536,502,1.5302228e-07,8.106850748383832e-07,-6.815245331426811,-6.091147822511278
v13,PlantCAD2-S-88M 8192bp Angiosperm 2.6M 65sp,65536,503,1.5118779e-07,8.009662700804076e-07,-6.820483281253754,-6.0963857723382215
v13,PlantCAD2-S-88M 8192bp Angiosperm 2.6M 65sp,65536,504,1.486532e-07,7.875384588895497e-07,-6.827825737468907,-6.103728228553374
v13,PlantCAD2-S-88M 8192bp Angiosperm 2.6M 65sp,65536,505,1.4781965e-07,7.831224578723675e-07,-6.830267830357094,-6.106170321441561
v13,PlantCAD2-S-88M 8192bp Angiosperm 2.6M 65sp,65536,506,1.4345314e-07,7.59989457330665e-07,-6.843289941180629,-6.119192432265096
v13,PlantCAD2-S-88M 8192bp Angiosperm 2.6M 65sp,65536,507,1.4038572e-07,7.437388066916812e-07,-6.852677066284631,-6.128579557369099
v13,PlantCAD2-S-88M 8192bp Angiosperm 2.6M 65sp,65536,508,1.3957268e-07,7.394314640403589e-07,-6.855199582331711,-6.131102073416178
v13,PlantCAD2-S-88M 8192bp Angiosperm 2.6M 65sp,65536,509,1.3704937e-07,7.260634123018117e-07,-6.863122956521072,-6.139025447605539
v13,PlantCAD2-S-88M 8192bp Angiosperm 2.6M 65sp,65536,510,1.360068e-07,7.20540060156789e-07,-6.866439377448537,-6.142341868533005
v13,PlantCAD2-S-88M 8192bp Angiosperm 2.6M 65sp,65536,511,1.3424383e-07,7.112001557560194e-07,-6.8721056658409285,-6.148008156925396
v13,PlantCAD2-S-88M 8192bp Angiosperm 2.6M 65sp,65536,512,1.3355142e-07,7.075318895880544e-07,-6.874351489934741,-6.150253981019207
v13,PlantCAD2-S-88M 8192bp Angiosperm 2.6M 65sp,65536,513,1.3216906e-07,7.002083898986394e-07,-6.8788701987378,-6.154772689822266
v13,PlantCAD2-S-88M 8192bp Angiosperm 2.6M 65sp,65536,514,1.2929354e-07,6.849743916442723e-07,-6.8884231735916845,-6.164325664676151
v13,PlantCAD2-S-88M 8192bp Angiosperm 2.6M 65sp,65536,515,1.2699093e-07,6.727755696153913e-07,-6.89622729630086,-6.172129787385328
v13,PlantCAD2-S-88M 8192bp Angiosperm 2.6M 65sp,65536,516,1.2531864e-07,6.639160718755753e-07,-6.901984326874439,-6.177886817958907
v13,PlantCAD2-S-88M 8192bp Angiosperm 2.6M 65sp,65536,517,1.2459314e-07,6.600725007185173e-07,-6.9045058689301575,-6.180408360014624
v13,PlantCAD2-S-88M 8192bp Angiosperm 2.6M 65sp,65536,518,1.221849e-07,6.473140695630752e-07,-6.912982462275788,-6.188884953360255
v13,PlantCAD2-S-88M 8192bp Angiosperm 2.6M 65sp,65536,519,1.2122727e-07,6.422407145704723e-07,-6.916399674902735,-6.1923021659872015
v13,PlantCAD2-S-88M 8192bp Angiosperm 2.6M 65sp,65536,520,1.1961802e-07,6.337151916421532e-07,-6.922203390606331,-6.198105881690798
v13,PlantCAD2-S-88M 8192bp Angiosperm 2.6M 65sp,65536,521,1.18094924e-07,6.256460974243305e-07,-6.927768768992466,-6.203671260076933
v13,PlantCAD2-S-88M 8192bp Angiosperm 2.6M 65sp,65536,522,1.1745838e-07,6.222737994800185e-07,-6.930115993293099,-6.206018484377567
v13,PlantCAD2-S-88M 8192bp Angiosperm 2.6M 65sp,65536,523,1.1326763e-07,6.000719444470198e-07,-6.9458941865264965,-6.221796677610963
v13,PlantCAD2-S-88M 8192bp Angiosperm 2.6M 65sp,65536,524,1.1285853e-07,5.979046047359896e-07,-6.947465610782672,-6.2233681018671385
v13,PlantCAD2-S-88M 8192bp Angiosperm 2.6M 65sp,65536,525,1.1005759e-07,5.830657181796147e-07,-6.958380001439099,-6.234282492523566
v13,PlantCAD2-S-88M 8192bp Angiosperm 2.6M 65sp,65536,526,1.0888014e-07,5.768277955622779e-07,-6.963051329380876,-6.238953820465342
v13,PlantCAD2-S-88M 8192bp Angiosperm 2.6M 65sp,65536,527,1.0808854e-07,5.726340382529366e-07,-6.966220349326942,-6.242122840411409
v13,PlantCAD2-S-88M 8192bp Angiosperm 2.6M 65sp,65536,528,1.0749464e-07,5.694876607061734e-07,-6.968613190413102,-6.244515681497568
v13,PlantCAD2-S-88M 8192bp Angiosperm 2.6M 65sp,65536,529,1.05970116e-07,5.614110011959838e-07,-6.974816590264604,-6.250719081349072
v13,PlantCAD2-S-88M 8192bp Angiosperm 2.6M 65sp,65536,530,1.0388432e-07,5.503608215335345e-07,-6.98344999865429,-6.259352489738757
v13,PlantCAD2-S-88M 8192bp Angiosperm 2.6M 65sp,65536,531,1.0127575e-07,5.365410773389561e-07,-6.994494531954245,-6.270397023038711
v13,PlantCAD2-S-88M 8192bp Angiosperm 2.6M 65sp,65536,532,1.00490126e-07,5.323789798245626e-07,-6.997876609232392,-6.273779100316859
v13,PlantCAD2-S-88M 8192bp Angiosperm 2.6M 65sp,65536,533,9.952547e-08,5.272684023220362e-07,-7.002065762822744,-6.277968253907211
v13,PlantCAD2-S-88M 8192bp Angiosperm 2.6M 65sp,65536,534,9.8748444e-08,5.231518554965584e-07,-7.005469738917076,-6.281372230001542
v13,PlantCAD2-S-88M 8192bp Angiosperm 2.6M 65sp,65536,535,9.7396914e-08,5.159916877144791e-07,-7.0114548034294275,-6.287357294513895
v13,PlantCAD2-S-88M 8192bp Angiosperm 2.6M 65sp,65536,536,9.7071144e-08,5.142658156595725e-07,-7.012909852111124,-6.288812343195591
v13,PlantCAD2-S-88M 8192bp Angiosperm 2.6M 65sp,65536,537,9.6374805e-08,5.105767343419506e-07,-7.01603648767001,-6.2919389787544775
v13,PlantCAD2-S-88M 8192bp Angiosperm 2.6M 65sp,65536,538,9.5186266e-08,5.04280064156646e-07,-7.021425709500993,-6.2973282005854605
v13,PlantCAD2-S-88M 8192bp Angiosperm 2.6M 65sp,65536,539,9.3118246e-08,4.933240586098246e-07,-7.030965213103288,-6.306867704187755
v13,PlantCAD2-S-88M 8192bp Angiosperm 2.6M 65sp,65536,540,9.218242e-08,4.88366217367061e-07,-7.03535189483538,-6.311254385919847
v13,PlantCAD2-S-88M 8192bp Angiosperm 2.6M 65sp,65536,541,9.074263e-08,4.80738463657591e-07,-7.0421886377002085,-6.318091128784675
v13,PlantCAD2-S-88M 8192bp Angiosperm 2.6M 65sp,65536,542,8.9774844e-08,4.756113039666131e-07,-7.046845340866306,-6.322747831950774
v13,PlantCAD2-S-88M 8192bp Angiosperm 2.6M 65sp,65536,543,8.831196e-08,4.6786120231461925e-07,-7.0539804763741,-6.329882967458568
v13,PlantCAD2-S-88M 8192bp Angiosperm 2.6M 65sp,65536,544,8.6117524e-08,4.562354670760118e-07,-7.064908465246546,-6.340810956331014
v13,PlantCAD2-S-88M 8192bp Angiosperm 2.6M 65sp,65536,545,8.511095e-08,4.5090281539600573e-07,-7.070014561905409,-6.345917052989876
v13,PlantCAD2-S-88M 8192bp Angiosperm 2.6M 65sp,65536,546,8.458156e-08,4.4809820046170536e-07,-7.07272430910229,-6.348626800186757
v13,PlantCAD2-S-88M 8192bp Angiosperm 2.6M 65sp,65536,547,8.417772e-08,4.459587273037918e-07,-7.074802841534404,-6.350705332618871
v13,PlantCAD2-S-88M 8192bp Angiosperm 2.6M 65sp,65536,548,8.1959804e-08,4.3420859916267895e-07,-7.086399088848444,-6.362301579932911
v13,PlantCAD2-S-88M 8192bp Angiosperm 2.6M 65sp,65536,549,8.0123534e-08,4.2448036427836356e-07,-7.096239903576527,-6.372142394660994
v13,PlantCAD2-S-88M 8192bp Angiosperm 2.6M 65sp,65536,550,7.9352105e-08,4.203934693726185e-07,-7.100441548080415,-6.376344039164882
v13,PlantCAD2-S-88M 8192bp Angiosperm 2.6M 65sp,65536,551,7.867068e-08,4.167833997989476e-07,-7.104187095935211,-6.380089587019679
v13,PlantCAD2-S-88M 8192bp Angiosperm 2.6M 65sp,65536,552,7.825211e-08,4.145658896966598e-07,-7.106503943251133,-6.382406434335601
v13,PlantCAD2-S-88M 8192bp Angiosperm 2.6M 65sp,65536,553,7.671564e-08,4.064259423835174e-07,-7.1151160875077215,-6.391018578592189
v13,PlantCAD2-S-88M 8192bp Angiosperm 2.6M 65sp,65536,554,7.601771e-08,4.027284322282515e-07,-7.119085217465662,-6.394987708550128
v13,PlantCAD2-S-88M 8192bp Angiosperm 2.6M 65sp,65536,555,7.428068e-08,3.935259533765018e-07,-7.129124129179754,-6.405026620264221
v13,PlantCAD2-S-88M 8192bp Angiosperm 2.6M 65sp,65536,556,7.351707e-08,3.894804821549428e-07,-7.133611809948779,-6.409514301033246
v13,PlantCAD2-S-88M 8192bp Angiosperm 2.6M 65sp,65536,557,7.2783955e-08,3.855965680697511e-07,-7.137964349024475,-6.413866840108943
v13,PlantCAD2-S-88M 8192bp Angiosperm 2.6M 65sp,65536,558,7.2580626e-08,3.8451936685707927e-07,-7.139179290376669,-6.415081781461136
v13,PlantCAD2-S-88M 8192bp Angiosperm 2.6M 65sp,65536,559,7.0826815e-08,3.7522798522436945e-07,-7.1498022874833485,-6.425704778567815
v13,PlantCAD2-S-88M 8192bp Angiosperm 2.6M 65sp,65536,560,7.0145674e-08,3.716194202326539e-07,-7.153999107470412,-6.4299015985548795
v13,PlantCAD2-S-88M 8192bp Angiosperm 2.6M 65sp,65536,561,6.922916e-08,3.6676389056285404e-07,-7.159710937918796,-6.435613429003263
v13,PlantCAD2-S-88M 8192bp Angiosperm 2.6M 65sp,65536,562,6.8481654e-08,3.6280373549555185e-07,-7.164425758926721,-6.440328250011189
v13,PlantCAD2-S-88M 8192bp Angiosperm 2.6M 65sp,65536,563,6.727297e-08,3.564003406500695e-07,-7.172159398448635,-6.448061889533101
v13,PlantCAD2-S-88M 8192bp Angiosperm 2.6M 65sp,65536,564,6.625254e-08,3.509942823236785e-07,-7.178797467023785,-6.454699958108252
v13,PlantCAD2-S-88M 8192bp Angiosperm 2.6M 65sp,65536,565,6.4725334e-08,3.4290341405009356e-07,-7.188925699811859,-6.464828190896326
v13,PlantCAD2-S-88M 8192bp Angiosperm 2.6M 65sp,65536,566,6.3547375e-08,3.366627948404494e-07,-7.196902384473633,-6.4728048755581
v13,PlantCAD2-S-88M 8192bp Angiosperm 2.6M 65sp,65536,567,6.285007e-08,3.3296859582504994e-07,-7.201694234277199,-6.477596725361666
v13,PlantCAD2-S-88M 8192bp Angiosperm 2.6M 65sp,65536,568,6.199401e-08,3.284333407944352e-07,-7.207650270979492,-6.483552762063959
v13,PlantCAD2-S-88M 8192bp Angiosperm 2.6M 65sp,65536,569,6.164325e-08,3.2657507612310553e-07,-7.210114472162288,-6.486016963246755
v13,PlantCAD2-S-88M 8192bp Angiosperm 2.6M 65sp,65536,570,6.111022e-08,3.2375117711022255e-07,-7.213886152794426,-6.489788643878893
v13,PlantCAD2-S-88M 8192bp Angiosperm 2.6M 65sp,65536,571,5.9943275e-08,3.175689081317622e-07,-7.2222595330691615,-6.498162024153629
v13,PlantCAD2-S-88M 8192bp Angiosperm 2.6M 65sp,65536,572,5.8367945e-08,3.0922308738627893e-07,-7.233825596922341,-6.509728088006809
v13,PlantCAD2-S-88M 8192bp Angiosperm 2.6M 65sp,65536,573,5.7639042e-08,3.053614877348757e-07,-7.239283246067125,-6.515185737151592
v13,PlantCAD2-S-88M 8192bp Angiosperm 2.6M 65sp,65536,574,5.6766602e-08,3.007394543506391e-07,-7.245907101490928,-6.521809592575395
v13,PlantCAD2-S-88M 8192bp Angiosperm 2.6M 65sp,65536,575,5.6278406e-08,2.981530779693971e-07,-7.2496582117918,-6.525560702876268
v13,PlantCAD2-S-88M 8192bp Angiosperm 2.6M 65sp,65536,576,5.564178e-08,2.947803456035347e-07,-7.254598985225414,-6.5305014763098805
v13,PlantCAD2-S-88M 8192bp Angiosperm 2.6M 65sp,65536,577,5.442237e-08,2.883201263001191e-07,-7.264222549371584,-6.540125040456051
v13,PlantCAD2-S-88M 8192bp Angiosperm 2.6M 65sp,65536,578,5.340837e-08,2.8294813298067487e-07,-7.272390676305489,-6.548293167389956
v13,PlantCAD2-S-88M 8192bp Angiosperm 2.6M 65sp,65536,579,5.2652126e-08,2.7894168552912677e-07,-7.278584088079112,-6.55448657916358
v13,PlantCAD2-S-88M 8192bp Angiosperm 2.6M 65sp,65536,580,5.2025378e-08,2.7562128506662674e-07,-7.283784755658041,-6.559687246742508
v13,PlantCAD2-S-88M 8192bp Angiosperm 2.6M 65sp,65536,581,5.0787285e-08,2.690620865214092e-07,-7.294245003179167,-6.570147494263634
v13,PlantCAD2-S-88M 8192bp Angiosperm 2.6M 65sp,65536,582,4.997832e-08,2.6477633250201647e-07,-7.301218346588766,-6.577120837673234
v13,PlantCAD2-S-88M 8192bp Angiosperm 2.6M 65sp,65536,583,4.9784084e-08,2.6374730440103466e-07,-7.302909479243864,-6.5788119703283305
v13,PlantCAD2-S-88M 8192bp Angiosperm 2.6M 65sp,65536,584,4.9455572e-08,2.620069057133056e-07,-7.3057847707497645,-6.581687261834231
v13,PlantCAD2-S-88M 8192bp Angiosperm 2.6M 65sp,65536,585,4.8848516e-08,2.5879082999680806e-07,-7.311148625451877,-6.587051116536344
v13,PlantCAD2-S-88M 8192bp Angiosperm 2.6M 65sp,65536,586,4.7864052e-08,2.5357531320072e-07,-7.319990538343747,-6.595893029428214
v13,PlantCAD2-S-88M 8192bp Angiosperm 2.6M 65sp,65536,587,4.7604104e-08,2.52198154503084e-07,-7.3223556046802925,-6.598258095764759
v13,PlantCAD2-S-88M 8192bp Angiosperm 2.6M 65sp,65536,588,4.6320036e-08,2.453953885092851e-07,-7.33423111174618,-6.610133602830647
v13,PlantCAD2-S-88M 8192bp Angiosperm 2.6M 65sp,65536,589,4.5632607e-08,2.4175351080160046e-07,-7.340724719187626,-6.616627210272092
v13,PlantCAD2-S-88M 8192bp Angiosperm 2.6M 65sp,65536,590,4.52071e-08,2.3949924969570625e-07,-7.344793351722466,-6.620695842806933
v13,PlantCAD2-S-88M 8192bp Angiosperm 2.6M 65sp,65536,591,4.4122032e-08,2.3375075063540773e-07,-7.355344494734434,-6.631246985818901
v13,PlantCAD2-S-88M 8192bp Angiosperm 2.6M 65sp,65536,592,4.385403e-08,2.3233092326499582e-07,-7.3579904906367934,-6.63389298172126
v13,PlantCAD2-S-88M 8192bp Angiosperm 2.6M 65sp,65536,593,4.3701988e-08,2.315254315408588e-07,-7.35949880655836,-6.635401297642827
v13,PlantCAD2-S-88M 8192bp Angiosperm 2.6M 65sp,65536,594,4.2875048e-08,2.2714444913890496e-07,-7.367795380742212,-6.643697871826679
v13,PlantCAD2-S-88M 8192bp Angiosperm 2.6M 65sp,65536,595,4.28125e-08,2.2681308085671107e-07,-7.3684294111635,-6.644331902247966
v13,PlantCAD2-S-88M 8192bp Angiosperm 2.6M 65sp,65536,596,4.1965766e-08,2.2232723333072857e-07,-7.377104845313011,-6.6530073363974775
v13,PlantCAD2-S-88M 8192bp Angiosperm 2.6M 65sp,65536,597,4.1686658e-08,2.208485683293445e-07,-7.380002920664936,-6.655905411749402
v13,PlantCAD2-S-88M 8192bp Angiosperm 2.6M 65sp,65536,598,4.0545196e-08,2.1480130379443385e-07,-7.392060595812551,-6.667963086897018
v13,PlantCAD2-S-88M 8192bp Angiosperm 2.6M 65sp,65536,599,4.0012686e-08,2.1198015964991982e-07,-7.39780229401405,-6.673704785098517
v13,PlantCAD2-S-88M 8192bp Angiosperm 2.6M 65sp,65536,600,3.982015e-08,2.109601378493749e-07,-7.399897108345535,-6.675799599430003
v13,PlantCAD2-S-88M 8192bp Angiosperm 2.6M 65sp,65536,601,3.935838e-08,2.0851376175951326e-07,-7.404962785533881,-6.6808652766183485
v13,PlantCAD2-S-88M 8192bp Angiosperm 2.6M 65sp,65536,602,3.883099e-08,2.0571974247278574e-07,-7.410821536931258,-6.686724028015726
v13,PlantCAD2-S-88M 8192bp Angiosperm 2.6M 65sp,65536,603,3.8706972e-08,2.0506271696243977e-07,-7.412210801688717,-6.688113292773185
v13,PlantCAD2-S-88M 8192bp Angiosperm 2.6M 65sp,65536,604,3.8116795e-08,2.0193606321363341e-07,-7.418883623572312,-6.694786114656779
v13,PlantCAD2-S-88M 8192bp Angiosperm 2.6M 65sp,65536,605,3.7398898e-08,1.981327714108237e-07,-7.42714119457947,-6.703043685663936
v13,PlantCAD2-S-88M 8192bp Angiosperm 2.6M 65sp,65536,606,3.6750738e-08,1.9469893394540856e-07,-7.434733935325106,-6.710636426409573
v13,PlantCAD2-S-88M 8192bp Angiosperm 2.6M 65sp,65536,607,3.653843e-08,1.935741635729583e-07,-7.437250117546843,-6.71315260863131
v13,PlantCAD2-S-88M 8192bp Angiosperm 2.6M 65sp,65536,608,3.5799467e-08,1.896592678142636e-07,-7.446123439296964,-6.722025930381432
v13,PlantCAD2-S-88M 8192bp Angiosperm 2.6M 65sp,65536,609,3.5023874e-08,1.8555031277027181e-07,-7.455635818167736,-6.731538309252203
v13,PlantCAD2-S-88M 8192bp Angiosperm 2.6M 65sp,65536,610,3.4472972e-08,1.8263173105067766e-07,-7.462521273378812,-6.7384237644632785
v13,PlantCAD2-S-88M 8192bp Angiosperm 2.6M 65sp,65536,611,3.4275633e-08,1.8158626380248653e-07,-7.465014515944182,-6.740917007028648
v13,PlantCAD2-S-88M 8192bp Angiosperm 2.6M 65sp,65536,612,3.3704428e-08,1.785601203665564e-07,-7.472313038902035,-6.748215529986503
v13,PlantCAD2-S-88M 8192bp Angiosperm 2.6M 65sp,65536,613,3.348132e-08,1.773781334972127e-07,-7.475197428294805,-6.751099919379271
v13,PlantCAD2-S-88M 8192bp Angiosperm 2.6M 65sp,65536,614,3.2951956e-08,1.7457365630633077e-07,-7.48211880095483,-6.758021292039297
v13,PlantCAD2-S-88M 8192bp Angiosperm 2.6M 65sp,65536,615,3.2190396e-08,1.7053904562353398e-07,-7.492273680675151,-6.768176171759618
v13,PlantCAD2-S-88M 8192bp Angiosperm 2.6M 65sp,65536,616,3.2183973e-08,1.7050501770135372e-07,-7.492360344777956,-6.768262835862423
v13,PlantCAD2-S-88M 8192bp Angiosperm 2.6M 65sp,65536,617,3.1443726e-08,1.6658331953691721e-07,-7.502465996813271,-6.778368487897738
v13,PlantCAD2-S-88M 8192bp Angiosperm 2.6M 65sp,65536,618,3.0782747e-08,1.630815692683838e-07,-7.5116926270740905,-6.787595118158557
v13,PlantCAD2-S-88M 8192bp Angiosperm 2.6M 65sp,65536,619,3.0127307e-08,1.5960916364580338e-07,-7.521039687022625,-6.796942178107091
v13,PlantCAD2-S-88M 8192bp Angiosperm 2.6M 65sp,65536,620,2.9677048e-08,1.5722377080554736e-07,-7.527579300868452,-6.803481791952919
v13,PlantCAD2-S-88M 8192bp Angiosperm 2.6M 65sp,65536,621,2.9209003e-08,1.547441508714258e-07,-7.534483266682325,-6.810385757766792
v13,PlantCAD2-S-88M 8192bp Angiosperm 2.6M 65sp,65536,622,2.9125971e-08,1.543042619667906e-07,-7.5357195872393135,-6.81162207832378
v13,PlantCAD2-S-88M 8192bp Angiosperm 2.6M 65sp,65536,623,2.8615643e-08,1.5160063414950725e-07,-7.543396490950266,-6.8192989820347325
v13,PlantCAD2-S-88M 8192bp Angiosperm 2.6M 65sp,65536,624,2.810954e-08,1.4891938963772157e-07,-7.551146261368592,-6.827048752453059
v13,PlantCAD2-S-88M 8192bp Angiosperm 2.6M 65sp,65536,625,2.7787298e-08,1.4721220830513348e-07,-7.556153681388921,-6.832056172473388
v13,PlantCAD2-S-88M 8192bp Angiosperm 2.6M 65sp,65536,626,2.7652197e-08,1.4649646701376242e-07,-7.5582703577744095,-6.834172848858876
v13,PlantCAD2-S-88M 8192bp Angiosperm 2.6M 65sp,65536,627,2.7387049e-08,1.45091759632437e-07,-7.562454761176526,-6.838357252260993
v13,PlantCAD2-S-88M 8192bp Angiosperm 2.6M 65sp,65536,628,2.6750175e-08,1.4171771340627553e-07,-7.572673372473193,-6.8485758635576595
v13,PlantCAD2-S-88M 8192bp Angiosperm 2.6M 65sp,65536,629,2.618705e-08,1.3873437638653982e-07,-7.581913422570623,-6.85781591365509
v13,PlantCAD2-S-88M 8192bp Angiosperm 2.6M 65sp,65536,630,2.560779e-08,1.3566555898000998e-07,-7.591627900337493,-6.86753039142196
v13,PlantCAD2-S-88M 8192bp Angiosperm 2.6M 65sp,65536,631,2.5464743e-08,1.3490772118083195e-07,-7.594060702532966,-6.869963193617433
v13,PlantCAD2-S-88M 8192bp Angiosperm 2.6M 65sp,65536,632,2.5091524e-08,1.329304726850828e-07,-7.600472959861557,-6.876375450946024
v13,PlantCAD2-S-88M 8192bp Angiosperm 2.6M 65sp,65536,633,2.4768214e-08,1.3121763327669077e-07,-7.606105308630534,-6.882007799715001
v13,PlantCAD2-S-88M 8192bp Angiosperm 2.6M 65sp,65536,634,2.4655135e-08,1.306185606607446e-07,-7.6080926151326596,-6.883995106217126
v13,PlantCAD2-S-88M 8192bp Angiosperm 2.6M 65sp,65536,635,2.4057895e-08,1.2745448838253466e-07,-7.618742374912957,-6.894644865997424
v13,PlantCAD2-S-88M 8192bp Angiosperm 2.6M 65sp,65536,636,2.3949148e-08,1.268783659392313e-07,-7.620709932165087,-6.896612423249555
v13,PlantCAD2-S-88M 8192bp Angiosperm 2.6M 65sp,65536,637,2.3416737e-08,1.2405774627927213e-07,-7.6304736217155265,-6.906376112799993
v13,PlantCAD2-S-88M 8192bp Angiosperm 2.6M 65sp,65536,638,2.2916252e-08,1.2140626494151865e-07,-7.6398564106497036,-6.91575890173417
v13,PlantCAD2-S-88M 8192bp Angiosperm 2.6M 65sp,65536,639,2.2888592e-08,1.2125972713558587e-07,-7.640380922285616,-6.916283413370083
v13,PlantCAD2-S-88M 8192bp Angiosperm 2.6M 65sp,65536,640,2.248162e-08,1.1910366119357321e-07,-7.648172397208345,-6.924074888292812
v13,PlantCAD2-S-88M 8192bp Angiosperm 2.6M 65sp,65536,641,2.2081043e-08,1.169814748346748e-07,-7.655980416520445,-6.931882907604913
v13,PlantCAD2-S-88M 8192bp Angiosperm 2.6M 65sp,65536,642,2.172101e-08,1.1507408344337355e-07,-7.66311998445941,-6.939022475543877
v13,PlantCAD2-S-88M 8192bp Angiosperm 2.6M 65sp,65536,643,2.112249e-08,1.11903229950717e-07,-7.675254886823924,-6.951157377908391
v13,PlantCAD2-S-88M 8192bp Angiosperm 2.6M 65sp,65536,644,2.071443e-08,1.0974139997642469e-07,-7.683727012704116,-6.959629503788583
v13,PlantCAD2-S-88M 8192bp Angiosperm 2.6M 65sp,65536,645,2.0543286e-08,1.088347092223192e-07,-7.687330087636195,-6.963232578720663
v13,PlantCAD2-S-88M 8192bp Angiosperm 2.6M 65sp,65536,646,2.0135786e-08,1.066758460293473e-07,-7.696031413049334,-6.971933904133801
v13,PlantCAD2-S-88M 8192bp Angiosperm 2.6M 65sp,65536,647,1.9445045e-08,1.0301642192928201e-07,-7.711191047464885,-6.987093538549352
v13,PlantCAD2-S-88M 8192bp Angiosperm 2.6M 65sp,65536,648,1.910156e-08,1.0119669892599867e-07,-7.718931163028411,-6.9948336541128775
v13,PlantCAD2-S-88M 8192bp Angiosperm 2.6M 65sp,65536,649,1.8985212e-08,1.0058030772409463e-07,-7.721584548910483,-6.99748703999495
v13,PlantCAD2-S-88M 8192bp Angiosperm 2.6M 65sp,65536,650,1.8340266e-08,9.716349746432909e-08,-7.736594369784076,-7.012496860868543
v13,PlantCAD2-S-88M 8192bp Angiosperm 2.6M 65sp,65536,651,1.8085055e-08,9.581143455796945e-08,-7.742680166130441,-7.018582657214908
v13,PlantCAD2-S-88M 8192bp Angiosperm 2.6M 65sp,65536,652,1.7933397e-08,9.500797719816642e-08,-7.746337437229876,-7.022239928314343
v13,PlantCAD2-S-88M 8192bp Angiosperm 2.6M 65sp,65536,653,1.7389391e-08,9.212592927140354e-08,-7.759715627311304,-7.035618118395771
v13,PlantCAD2-S-88M 8192bp Angiosperm 2.6M 65sp,65536,654,1.7243291e-08,9.135191721620552e-08,-7.763379842528769,-7.039282333613236
v13,PlantCAD2-S-88M 8192bp Angiosperm 2.6M 65sp,65536,655,1.6911061e-08,8.959182121963851e-08,-7.771829143910826,-7.0477316349952925
v13,PlantCAD2-S-88M 8192bp Angiosperm 2.6M 65sp,65536,656,1.6441774e-08,8.710562138837419e-08,-7.78405132567396,-7.059953816758426
v13,PlantCAD2-S-88M 8192bp Angiosperm 2.6M 65sp,65536,657,1.5779113e-08,8.359496018023198e-08,-7.801917413676188,-7.077819904760655
v13,PlantCAD2-S-88M 8192bp Angiosperm 2.6M 65sp,65536,658,1.5709636e-08,8.322688327702188e-08,-7.803833877660398,-7.0797363687448644
v13,PlantCAD2-S-88M 8192bp Angiosperm 2.6M 65sp,65536,659,1.540255e-08,8.159999576174098e-08,-7.812407372718688,-7.088309863803156
v13,PlantCAD2-S-88M 8192bp Angiosperm 2.6M 65sp,65536,660,1.4874335e-08,7.880160577038968e-08,-7.827562441551434,-7.103464932635901
v13,PlantCAD2-S-88M 8192bp Angiosperm 2.6M 65sp,65536,661,1.4470823e-08,7.666387029867805e-08,-7.839506768521978,-7.115409259606445
v13,PlantCAD2-S-88M 8192bp Angiosperm 2.6M 65sp,65536,662,1.4014685e-08,7.424733155238158e-08,-7.853416659180842,-7.129319150265308
v13,PlantCAD2-S-88M 8192bp Angiosperm 2.6M 65sp,65536,663,1.3601205e-08,7.205678737316679e-08,-7.866422613565959,-7.142325104650426
v13,PlantCAD2-S-88M 8192bp Angiosperm 2.6M 65sp,65536,664,1.3447567e-08,7.124284032226662e-08,-7.871356283249292,-7.14725877433376
v13,PlantCAD2-S-88M 8192bp Angiosperm 2.6M 65sp,65536,665,1.3318925e-08,7.056131767473216e-08,-7.875530826622809,-7.151433317707276
v13,PlantCAD2-S-88M 8192bp Angiosperm 2.6M 65sp,65536,666,1.3034004e-08,6.905185642367756e-08,-7.884922150059948,-7.160824641144416
v13,PlantCAD2-S-88M 8192bp Angiosperm 2.6M 65sp,65536,667,1.2446983e-08,6.594192260674122e-08,-7.904935903607244,-7.180838394691711
v13,PlantCAD2-S-88M 8192bp Angiosperm 2.6M 65sp,65536,668,1.2039497e-08,6.378313358330232e-08,-7.919391657155243,-7.19529414823971
v13,PlantCAD2-S-88M 8192bp Angiosperm 2.6M 65sp,65536,669,1.1932295e-08,6.321519627774901e-08,-7.923276018192271,-7.199178509276738
v13,PlantCAD2-S-88M 8192bp Angiosperm 2.6M 65sp,65536,670,1.1652142e-08,6.173099505050813e-08,-7.933594231438753,-7.20949672252322
v13,PlantCAD2-S-88M 8192bp Angiosperm 2.6M 65sp,65536,671,1.1330677e-08,6.002793012700208e-08,-7.945744140570812,-7.221646631655279
v13,PlantCAD2-S-88M 8192bp Angiosperm 2.6M 65sp,65536,672,1.1166676e-08,5.9159081728203095e-08,-7.9520760846905665,-7.227978575775033
v13,PlantCAD2-S-88M 8192bp Angiosperm 2.6M 65sp,65536,673,1.0922218e-08,5.7863986321018985e-08,-7.9616891594931865,-7.237591650577653
v13,PlantCAD2-S-88M 8192bp Angiosperm 2.6M 65sp,65536,674,1.067085e-08,5.653228295147061e-08,-7.971800984923547,-7.247703476008014
v13,PlantCAD2-S-88M 8192bp Angiosperm 2.6M 65sp,65536,675,1.0315925e-08,5.465195284407048e-08,-7.986491823979287,-7.262394315063754
v13,PlantCAD2-S-88M 8192bp Angiosperm 2.6M 65sp,65536,676,9.740548e-09,5.1603706887303364e-08,-8.011416609170539,-7.287319100255005
v13,PlantCAD2-S-88M 8192bp Angiosperm 2.6M 65sp,65536,677,9.607624e-09,5.08994989583154e-08,-8.017384001641835,-7.293286492726303
v13,PlantCAD2-S-88M 8192bp Angiosperm 2.6M 65sp,65536,678,9.372526e-09,4.965399118177231e-08,-8.028143346143448,-7.304045837227916
v13,PlantCAD2-S-88M 8192bp Angiosperm 2.6M 65sp,65536,679,8.961444e-09,4.7476151183997387e-08,-8.047622004768272,-7.323524495852738
v13,PlantCAD2-S-88M 8192bp Angiosperm 2.6M 65sp,65536,680,8.870422e-09,4.6993932667308585e-08,-8.05205571862241,-7.3279582097068765
v13,PlantCAD2-S-88M 8192bp Angiosperm 2.6M 65sp,65536,681,8.3629015e-09,4.4305178490305646e-08,-8.077643018396172,-7.3535455094806395
v13,PlantCAD2-S-88M 8192bp Angiosperm 2.6M 65sp,65536,682,8.235219e-09,4.3628739104694264e-08,-8.084324847104199,-7.360227338188666
v13,PlantCAD2-S-88M 8192bp Angiosperm 2.6M 65sp,65536,683,8.036975e-09,4.2578477325976423e-08,-8.094907382596471,-7.370809873680938
v13,PlantCAD2-S-88M 8192bp Angiosperm 2.6M 65sp,65536,684,7.873517e-09,4.171250564549347e-08,-8.103831230473984,-7.379733721558452
v13,PlantCAD2-S-88M 8192bp Angiosperm 2.6M 65sp,65536,685,7.641079e-09,4.04810900802223e-08,-8.11684531018628,-7.3927478012707475
v13,PlantCAD2-S-88M 8192bp Angiosperm 2.6M 65sp,65536,686,7.555689e-09,4.002870890709869e-08,-8.121725926393871,-7.397628417478339
v13,PlantCAD2-S-88M 8192bp Angiosperm 2.6M 65sp,65536,687,7.353806e-09,3.895916834762201e-08,-8.13348783139411,-7.409390322478577
v13,PlantCAD2-S-88M 8192bp Angiosperm 2.6M 65sp,65536,688,7.316324e-09,3.876059531645888e-08,-8.135707070240944,-7.4116095613254105
v13,PlantCAD2-S-88M 8192bp Angiosperm 2.6M 65sp,65536,689,7.177286e-09,3.802399649284065e-08,-8.144039747686163,-7.419942238770631
v13,PlantCAD2-S-88M 8192bp Angiosperm 2.6M 65sp,65536,690,6.8476087e-09,3.627742425105327e-08,-8.164461064961479,-7.440363556045947
v13,PlantCAD2-S-88M 8192bp Angiosperm 2.6M 65sp,65536,691,6.7034662e-09,3.5513782685917195e-08,-8.173700576063998,-7.449603067148466
v13,PlantCAD2-S-88M 8192bp Angiosperm 2.6M 65sp,65536,692,6.4369217e-09,3.4101676893674e-08,-8.191321773683638,-7.467224264768105
v13,PlantCAD2-S-88M 8192bp Angiosperm 2.6M 65sp,65536,693,6.410869e-09,3.396365427991317e-08,-8.193083097419558,-7.468985588504026
v13,PlantCAD2-S-88M 8192bp Angiosperm 2.6M 65sp,65536,694,6.2909518e-09,3.332835408535059e-08,-8.201283642278707,-7.4771861333631735
v13,PlantCAD2-S-88M 8192bp Angiosperm 2.6M 65sp,65536,695,5.880179e-09,3.115215217469044e-08,-8.230609453255662,-7.5065119443401285
v13,PlantCAD2-S-88M 8192bp Angiosperm 2.6M 65sp,65536,696,5.750492e-09,3.046509330129916e-08,-8.240294996398346,-7.516197487482813
v13,PlantCAD2-S-88M 8192bp Angiosperm 2.6M 65sp,65536,697,5.6200475e-09,2.9774021326389653e-08,-8.250260013808036,-7.526162504892503
v13,PlantCAD2-S-88M 8192bp Angiosperm 2.6M 65sp,65536,698,5.5677396e-09,2.9496903289551236e-08,-8.254321084627312,-7.53022357571178
v13,PlantCAD2-S-88M 8192bp Angiosperm 2.6M 65sp,65536,699,5.4733493e-09,2.8996840113002583e-08,-8.26174683502544,-7.537649326109907
v13,PlantCAD2-S-88M 8192bp Angiosperm 2.6M 65sp,65536,700,5.2698708e-09,2.7918846875674646e-08,-8.278200032137526,-7.554102523221993
v13,PlantCAD2-S-88M 8192bp Angiosperm 2.6M 65sp,65536,701,5.0212026e-09,2.6601446570784885e-08,-8.299192254967638,-7.575094746052104
v13,PlantCAD2-S-88M 8192bp Angiosperm 2.6M 65sp,65536,702,4.9252384e-09,2.6093045149378765e-08,-8.307572743176788,-7.583475234261256
v13,PlantCAD2-S-88M 8192bp Angiosperm 2.6M 65sp,65536,703,4.8246744e-09,2.5560274798119802e-08,-8.3165319903108,-7.5924344813952676
v13,PlantCAD2-S-88M 8192bp Angiosperm 2.6M 65sp,65536,704,4.756766e-09,2.5200508061301118e-08,-8.322688212340523,-7.598590703424991
v13,PlantCAD2-S-88M 8192bp Angiosperm 2.6M 65sp,65536,705,4.536258e-09,2.4032295533802103e-08,-8.343302252882808,-7.619204743967275
v13,PlantCAD2-S-88M 8192bp Angiosperm 2.6M 65sp,65536,706,4.4323047e-09,2.348156926838378e-08,-8.35337039156031,-7.629272882644776
v13,PlantCAD2-S-88M 8192bp Angiosperm 2.6M 65sp,65536,707,4.351554e-09,2.3053766289152574e-08,-8.361355622791658,-7.637258113876125
v13,PlantCAD2-S-88M 8192bp Angiosperm 2.6M 65sp,65536,708,4.218513e-09,2.234893851478159e-08,-8.374840608209125,-7.650743099293591
v13,PlantCAD2-S-88M 8192bp Angiosperm 2.6M 65sp,65536,709,4.1013877e-09,2.1728429314448358e-08,-8.387069175357192,-7.66297166644166
v13,PlantCAD2-S-88M 8192bp Angiosperm 2.6M 65sp,65536,710,3.7209507e-09,1.9712941126608718e-08,-8.429346084039148,-7.705248575123615
v13,PlantCAD2-S-88M 8192bp Angiosperm 2.6M 65sp,65536,711,3.6858014e-09,1.9526726328992208e-08,-8.43346806933609,-7.709370560420557
v13,PlantCAD2-S-88M 8192bp Angiosperm 2.6M 65sp,65536,712,3.5925214e-09,1.9032545326193632e-08,-8.444600636172378,-7.720503127256845
v13,PlantCAD2-S-88M 8192bp Angiosperm 2.6M 65sp,65536,713,3.53082e-09,1.8705662181617347e-08,-8.452124422057215,-7.728026913141683
v13,PlantCAD2-S-88M 8192bp Angiosperm 2.6M 65sp,65536,714,3.4006042e-09,1.8015801819007797e-08,-8.4684439131302,-7.744346404214667
v13,PlantCAD2-S-88M 8192bp Angiosperm 2.6M 65sp,65536,715,3.3524865e-09,1.7760882723399295e-08,-8.474632962316724,-7.750535453401191
v13,PlantCAD2-S-88M 8192bp Angiosperm 2.6M 65sp,65536,716,3.2297576e-09,1.71106866376964e-08,-8.490830071146542,-7.766732562231009
v13,PlantCAD2-S-88M 8192bp Angiosperm 2.6M 65sp,65536,717,3.0566911e-09,1.6193810817361497e-08,-8.514748447549282,-7.79065093863375
v13,PlantCAD2-S-88M 8192bp Angiosperm 2.6M 65sp,65536,718,2.920944e-09,1.5474646602042045e-08,-8.534476769190134,-7.810379260274601
v13,PlantCAD2-S-88M 8192bp Angiosperm 2.6M 65sp,65536,719,2.8661211e-09,1.5184204538380746e-08,-8.542705463641864,-7.818607954726332
v13,PlantCAD2-S-88M 8192bp Angiosperm 2.6M 65sp,65536,720,2.809479e-09,1.4884124673687168e-08,-8.551374209775952,-7.82727670086042
v13,PlantCAD2-S-88M 8192bp Angiosperm 2.6M 65sp,65536,721,2.612349e-09,1.3839764670667407e-08,-8.58296880341181,-7.858871294496276
v13,PlantCAD2-S-88M 8192bp Angiosperm 2.6M 65sp,65536,722,2.4002642e-09,1.2716176772486282e-08,-8.619740952335448,-7.895643443419916
v13,PlantCAD2-S-88M 8192bp Angiosperm 2.6M 65sp,65536,723,2.2942612e-09,1.2154591557652905e-08,-8.63935713950318,-7.915259630587646
v13,PlantCAD2-S-88M 8192bp Angiosperm 2.6M 65sp,65536,724,2.2415731e-09,1.1875459288210884e-08,-8.649447093778349,-7.925349584862817
v13,PlantCAD2-S-88M 8192bp Angiosperm 2.6M 65sp,65536,725,2.0705557e-09,1.0969439238596765e-08,-8.683913082052563,-7.959815573137029
v13,PlantCAD2-S-88M 8192bp Angiosperm 2.6M 65sp,65536,726,1.9992519e-09,1.0591684270893624e-08,-8.699132482576362,-7.975034973660829
v13,PlantCAD2-S-88M 8192bp Angiosperm 2.6M 65sp,65536,727,1.9573547e-09,1.0369720288148636e-08,-8.708330466986657,-7.984232958071124
v13,PlantCAD2-S-88M 8192bp Angiosperm 2.6M 65sp,65536,728,1.8512799e-09,9.807754689567393e-09,-8.732527914128996,-8.008430405213463
v13,PlantCAD2-S-88M 8192bp Angiosperm 2.6M 65sp,65536,729,1.8115625e-09,9.597338903112074e-09,-8.741946677949134,-8.017849169033601
v13,PlantCAD2-S-88M 8192bp Angiosperm 2.6M 65sp,65536,730,1.7914652e-09,9.49086694912897e-09,-8.746791623777392,-8.022694114861858
v13,PlantCAD2-S-88M 8192bp Angiosperm 2.6M 65sp,65536,731,1.7353434e-09,9.193543542151473e-09,-8.760614571611963,-8.036517062696431
v13,PlantCAD2-S-88M 8192bp Angiosperm 2.6M 65sp,65536,732,1.6889075e-09,8.947534326586997e-09,-8.77239413571002,-8.048296626794485
v13,PlantCAD2-S-88M 8192bp Angiosperm 2.6M 65sp,65536,733,1.5930687e-09,8.439797252283692e-09,-8.797765495142015,-8.073667986226482
v13,PlantCAD2-S-88M 8192bp Angiosperm 2.6M 65sp,65536,734,1.475132e-09,7.814989397730148e-09,-8.83116911574912,-8.107071606833587
v13,PlantCAD2-S-88M 8192bp Angiosperm 2.6M 65sp,65536,735,1.4434383e-09,7.64708175999004e-09,-8.840601775373301,-8.116504266457769
v13,PlantCAD2-S-88M 8192bp Angiosperm 2.6M 65sp,65536,736,1.4131761e-09,7.486757957000214e-09,-8.849803716075778,-8.125706207160244
v13,PlantCAD2-S-88M 8192bp Angiosperm 2.6M 65sp,65536,737,1.3414883e-09,7.10696862496308e-09,-8.872413110742766,-8.148315601827234
v13,PlantCAD2-S-88M 8192bp Angiosperm 2.6M 65sp,65536,738,1.2837734e-09,6.801205254911414e-09,-8.891511627212966,-8.167414118297433
v13,PlantCAD2-S-88M 8192bp Angiosperm 2.6M 65sp,65536,739,1.2253162e-09,6.4915093102630774e-09,-8.911751824609624,-8.187654315694092
v13,PlantCAD2-S-88M 8192bp Angiosperm 2.6M 65sp,65536,740,1.1804581e-09,6.253859001068836e-09,-8.927949423461778,-8.203851914546243
v13,PlantCAD2-S-88M 8192bp Angiosperm 2.6M 65sp,65536,741,1.1317558e-09,5.9958427976747845e-09,-8.946247271163136,-8.222149762247604
v13,PlantCAD2-S-88M 8192bp Angiosperm 2.6M 65sp,65536,742,9.885323e-10,5.237069932598437e-09,-9.005009135674955,-8.280911626759423
v13,PlantCAD2-S-88M 8192bp Angiosperm 2.6M 65sp,65536,743,9.676013e-10,5.126181182924585e-09,-9.014303556822718,-8.290206047907185
v13,PlantCAD2-S-88M 8192bp Angiosperm 2.6M 65sp,65536,744,8.726817e-10,4.623313868245771e-09,-9.059144131025771,-8.335046622110237
v13,PlantCAD2-S-88M 8192bp Angiosperm 2.6M 65sp,65536,745,8.4911805e-10,4.498477802780563e-09,-9.071031927071026,-8.346934418155493
v13,PlantCAD2-S-88M 8192bp Angiosperm 2.6M 65sp,65536,746,8.245151e-10,4.368135709054113e-09,-9.083801386366792,-8.35970387745126
v13,PlantCAD2-S-88M 8192bp Angiosperm 2.6M 65sp,65536,747,7.381971e-10,3.910838155456692e-09,-9.131827665258584,-8.407730156343051
v13,PlantCAD2-S-88M 8192bp Angiosperm 2.6M 65sp,65536,748,6.9389905e-10,3.676154892474044e-09,-9.158703707091128,-8.434606198175596
v13,PlantCAD2-S-88M 8192bp Angiosperm 2.6M 65sp,65536,749,6.768875e-10,3.58603069823993e-09,-9.16948350589262,-8.445385996977087
v13,PlantCAD2-S-88M 8192bp Angiosperm 2.6M 65sp,65536,750,4.9162185e-10,2.6045259308607507e-09,-9.308368823255984,-8.584271314340452
v13,PlantCAD2-S-88M 8192bp Angiosperm 2.6M 65sp,65536,751,3.3997605e-10,1.8011332045079182e-09,-9.468551676249511,-8.744454167333979
v13,PlantCAD2-S-88M 8192bp Angiosperm 2.6M 65sp,65536,752,2.7529415e-10,1.4584598961361648e-09,-9.560203017265271,-8.836105508349739
v13,PlantCAD2-S-88M 8192bp Angiosperm 2.6M 65sp,65536,753,2.501703e-10,1.3253581659993616e-09,-9.601764250644734,-8.877666741729202
v13,PlantCAD2-S-88M 8192bp Angiosperm 2.6M 65sp,65536,754,2.1440505e-10,1.1358801738215986e-09,-9.668764989682137,-8.944667480766604
v13,PlantCAD2-S-88M 8192bp Angiosperm 2.6M 65sp,65536,755,1.871878e-10,9.916879793702742e-10,-9.72772245989993,-9.003624950984396
v13,PlantCAD2-S-88M 8192bp Angiosperm 2.6M 65sp,65536,756,1.6719547e-10,8.857721379500336e-10,-9.776775493527712,-9.052677984612178
v13,PlantCAD2-S-88M 8192bp Angiosperm 2.6M 65sp,65536,757,1.5288919e-10,8.099799874706468e-10,-9.815623220207792,-9.09152571129226
v13,PlantCAD2-S-88M 8192bp Angiosperm 2.6M 65sp,65536,758,1.4507236e-10,7.685677995621348e-10,-9.838415323902252,-9.11431781498672
v13,PlantCAD2-S-88M 8192bp Angiosperm 2.6M 65sp,65536,759,1.2197243e-10,6.461884409431715e-10,-9.913738323849655,-9.18964081493412
v13,PlantCAD2-S-88M 8192bp Angiosperm 2.6M 65sp,65536,760,1.1121202e-10,5.891816848933879e-10,-9.953848270869457,-9.229750761953925
v13,PlantCAD2-S-88M 8192bp Angiosperm 2.6M 65sp,65536,761,8.907508e-11,4.719040776025227e-10,-10.050243778928753,-9.326146270013218
v13,PlantCAD2-S-88M 8192bp Angiosperm 2.6M 65sp,65536,762,8.057114e-11,4.2685170199211417e-10,-10.093820491485568,-9.369722982570035
v13,PlantCAD2-S-88M 8192bp Angiosperm 2.6M 65sp,65536,763,7.109695e-11,3.7665911285291785e-10,-10.148149029742546,-9.424051520827014
v13,PlantCAD2-S-88M 8192bp Angiosperm 2.6M 65sp,65536,764,6.008332e-11,3.1831084186393336e-10,-10.221246077704235,-9.497148568788703
v13,PlantCAD2-S-88M 8192bp Angiosperm 2.6M 65sp,65536,765,2.0701132e-11,1.0967094951571269e-10,-10.68400590536861,-9.959908396453075
v13,PlantCAD2-S-88M 8192bp Angiosperm 2.6M 65sp,65536,766,2.8607537e-12,1.515576899898944e-11,-11.54351953168634,-10.819422022770807
v13,PlantCAD2-S-88M 8192bp Angiosperm 2.6M 65sp,65536,767,7.638544e-13,4.046766009692369e-12,-12.116989415380724,-11.392891906465191
v13,PlantCAD2-S-88M 8192bp Angiosperm 2.6M 65sp,65536,768,7.850226e-14,4.1589114031683636e-13,-13.10511784017958,-12.381020331264047
