species,correct,total,accuracy
_OVERALL_,24664,52429,0.4704266722615347
Athaliana,2741,4909,0.5583621918924424
Bdistachyon,2652,5364,0.49440715883668906
Crubella,2429,4853,0.5005151452709664
Esalsugineum,3046,4954,0.6148566814695196
Hvulgare,2334,5504,0.42405523255813954
Osativa,2929,5234,0.5596102407336645
Pvaginatum,2059,5439,0.37856223570509284
Sbicolor,2608,5443,0.4791475289362484
Sviridis,1843,5241,0.35165044838771226
Taestivum,2023,5488,0.36862244897959184
