species,correct,total,accuracy
_OVERALL_,22656,52429,0.43212725781533123
Athaliana,2653,4909,0.5404359339987778
Bdistachyon,2487,5364,0.46364653243847875
Crubella,2264,4853,0.4665155573871832
Esalsugineum,2860,4954,0.5773112636253532
Hvulgare,2054,5504,0.37318313953488375
Osativa,2768,5234,0.5288498280473825
Pvaginatum,1771,5439,0.3256113256113256
Sbicolor,2389,5443,0.43891236450486865
Sviridis,1578,5241,0.3010875787063538
Taestivum,1832,5488,0.3338192419825073
