species,correct,total,accuracy
_OVERALL_,20954,52429,0.3996643079211887
Athaliana,2478,4909,0.5047871256875127
Bdistachyon,2427,5364,0.4524608501118568
Crubella,2166,4853,0.44632186276529984
Esalsugineum,2709,4954,0.546830843762616
Hvulgare,1839,5504,0.33412063953488375
Osativa,2528,5234,0.48299579671379445
Pvaginatum,1519,5439,0.27927927927927926
Sbicolor,2267,5443,0.4164982546389859
Sviridis,1383,5241,0.2638809387521465
Taestivum,1638,5488,0.29846938775510207
