species,correct,total,accuracy
_OVERALL_,10218,26215,0.3897768453175663
Caenorhabditis elegans,1878,2697,0.696329254727475
Callithrix jacchus,1183,5644,0.20960311835577605
Drosophila melanogaster,147,1575,0.09333333333333334
Fundulus heteroclitus,3315,5165,0.6418199419167473
Homo sapiens,1654,5547,0.29817919596178116
Mus musculus,2041,5587,0.3653123321997494
