species,correct,total,accuracy
_OVERALL_,24976,52429,0.4763775772950085
Athaliana,2685,4909,0.5469545732328377
Bdistachyon,2609,5364,0.48639075316927666
Crubella,2365,4853,0.48732742633422627
Esalsugineum,3064,4954,0.618490109002826
Hvulgare,2470,5504,0.4487645348837209
Osativa,2931,5234,0.5599923576614444
Pvaginatum,2284,5439,0.4199301342158485
Sbicolor,2653,5443,0.48741502847694285
Sviridis,1826,5241,0.34840679259683266
Taestivum,2089,5488,0.38064868804664725
