species,correct,total,accuracy
_OVERALL_,16989,52429,0.32403822312079195
Athaliana,2004,4909,0.4082297820330006
Bdistachyon,1746,5364,0.32550335570469796
Crubella,1809,4853,0.3727591180712961
Esalsugineum,1962,4954,0.39604360113039966
Hvulgare,1877,5504,0.3410247093023256
Osativa,1741,5234,0.3326327856324035
Pvaginatum,1381,5439,0.2539069681926825
Sbicolor,1503,5443,0.2761344846591953
Sviridis,1190,5241,0.22705590536157222
Taestivum,1776,5488,0.3236151603498542
