species,correct,total,accuracy
_OVERALL_,10951,52429,0.20887295199221806
Athaliana,2048,4909,0.41719291097983296
Bdistachyon,1081,5364,0.20152870991797167
Crubella,1485,4853,0.30599629095404907
Esalsugineum,1136,4954,0.22930964876867177
Hvulgare,989,5504,0.1796875
Osativa,627,5234,0.11979365685899886
Pvaginatum,905,5439,0.16639088067659497
Sbicolor,792,5443,0.14550799191622268
Sviridis,806,5241,0.15378744514405648
Taestivum,1082,5488,0.19715743440233235
