species,correct,total,accuracy
_OVERALL_,11948,52429,0.227889145320338
Athaliana,1929,4909,0.39295172132817274
Bdistachyon,1352,5364,0.25205070842654737
Crubella,1538,4853,0.316917370698537
Esalsugineum,1398,4954,0.28219620508679855
Hvulgare,1018,5504,0.1849563953488372
Osativa,988,5234,0.1887657623232709
Pvaginatum,859,5439,0.15793344364772935
Sbicolor,903,5443,0.1659011574499357
Sviridis,738,5241,0.14081282198053807
Taestivum,1225,5488,0.22321428571428573
