species,correct,total,accuracy
_OVERALL_,23788,52429,0.45371836197524273
Athaliana,2656,4909,0.5410470564269708
Bdistachyon,2602,5364,0.48508575689783745
Crubella,2371,4853,0.4885637749845456
Esalsugineum,2986,4954,0.6027452563584982
Hvulgare,2159,5504,0.39226017441860467
Osativa,2819,5234,0.53859380970577
Pvaginatum,2008,5439,0.3691855120426549
Sbicolor,2584,5443,0.474738195847878
Sviridis,1790,5241,0.34153787445144057
Taestivum,1813,5488,0.33035714285714285
