species,correct,total,accuracy
_OVERALL_,21314,52429,0.4065307368059662
Athaliana,2535,4909,0.5163984518231819
Bdistachyon,2405,5364,0.4483594332587621
Crubella,2163,4853,0.44570368844014013
Esalsugineum,2472,4954,0.49899071457408156
Hvulgare,1938,5504,0.35210755813953487
Osativa,2686,5234,0.5131830340084066
Pvaginatum,1675,5439,0.30796102224673655
Sbicolor,2060,5443,0.3784677567517913
Sviridis,1577,5241,0.3008967754245373
Taestivum,1803,5488,0.3285349854227405
