species,correct,total,accuracy
_OVERALL_,15646,52429,0.29842262869785807
Athaliana,2038,4909,0.4151558362191892
Bdistachyon,1666,5364,0.3105891126025354
Crubella,1784,4853,0.367607665361632
Esalsugineum,2133,4954,0.43056116269681066
Hvulgare,1509,5504,0.2741642441860465
Osativa,1791,5234,0.342185708826901
Pvaginatum,1074,5439,0.19746276889134032
Sbicolor,1378,5443,0.25316920815726623
Sviridis,984,5241,0.1877504293073841
Taestivum,1289,5488,0.23487609329446063
