species,correct,total,accuracy
_OVERALL_,9255,19661,0.47072885407659837
Athaliana,3038,6548,0.4639584605986561
Crubella,2748,6516,0.42173112338858193
Esalsugineum,3469,6597,0.5258450810974685
