species,correct,total,accuracy
_OVERALL_,23159,52429,0.4417211848404509
Athaliana,2623,4909,0.5343247097168466
Bdistachyon,2534,5364,0.47240865026099926
Crubella,2343,4853,0.4827941479497218
Esalsugineum,2987,4954,0.6029471134436819
Hvulgare,2270,5504,0.41242732558139533
Osativa,2803,5234,0.5355368742835308
Pvaginatum,1840,5439,0.338297481154624
Sbicolor,2266,5443,0.4163145324269704
Sviridis,1588,5241,0.3029956115245182
Taestivum,1905,5488,0.3471209912536443
